address_name,category_name,place_name,place_url,x,y
서울 중구 만리동1가 53-8,음식점 > 일식 > 일본식라면,유즈라멘 서울역본점,http://place.map.kakao.com/469577034,126.96823844833658,37.55681539172864
서울 중구 남창동 60-2,음식점 > 분식,가메골손왕만두 남대문본점,http://place.map.kakao.com/11486129,126.97711545793452,37.55835454736746
서울 용산구 후암동 446,음식점 > 일식 > 일본식라면,이이네,http://place.map.kakao.com/1255299690,126.97673755104056,37.55437026262591
서울 중구 남대문로5가 120,음식점 > 한식 > 냉면,서령,http://place.map.kakao.com/1644608542,126.975496980764,37.55846234223722
서울 용산구 동자동 35-44,"음식점 > 한식 > 해물,생선 > 장어",일미장어,http://place.map.kakao.com/16039548,126.97431417197112,37.5521578103298
서울 용산구 동자동 9-4,음식점 > 중식 > 중국요리,태향,http://place.map.kakao.com/15620998,126.974645414975,37.5531624947533
서울 용산구 동자동 42-9,"음식점 > 한식 > 육류,고기 > 오리",돈오리,http://place.map.kakao.com/986888165,126.972365098288,37.549943617455
서울 중구 만리동1가 62-11,음식점 > 양식,만리재비스트로,http://place.map.kakao.com/1646052453,126.967831535859,37.5556079449278
서울 중구 남창동 203-15,"음식점 > 일식 > 돈까스,우동",23번지 남산돈까스 본점,http://place.map.kakao.com/27244728,126.97953468368163,37.55609799309515
서울 용산구 동자동 43-13,음식점 > 아시아음식 > 동남아음식 > 베트남음식,노이덴,http://place.map.kakao.com/709029480,126.972055502162,37.5516995903275
서울 중구 봉래동2가 122-11,음식점 > 샤브샤브,일상정원 서울역점,http://place.map.kakao.com/250218400,126.97095746653784,37.55541233771503
서울 용산구 후암동 439-19,음식점 > 퓨전요리 > 퓨전한식,도동집,http://place.map.kakao.com/27270808,126.9768047948429,37.55284578740163
서울 용산구 동자동 23-29,음식점 > 한식 > 국수 > 칼국수,충무칼국수,http://place.map.kakao.com/9963594,126.974374820294,37.550203558256
서울 중구 남대문로5가 541,음식점 > 중식,루싱,http://place.map.kakao.com/13499824,126.973784479223,37.5555733768187
서울 중구 중림동 61-4,"음식점 > 한식 > 육류,고기 > 닭요리",호수집 원조닭꼬치,http://place.map.kakao.com/27276847,126.968681156219,37.5590607950843
서울 중구 서소문동 120-35,음식점 > 한식 > 국수,진주회관,http://place.map.kakao.com/11152625,126.97453133779806,37.562478781861735
서울 중구 북창동 19-4,음식점 > 한식 > 순대,농민백암순대 시청직영점,http://place.map.kakao.com/1062153333,126.97715943361476,37.56259825108099
서울 중구 다동 173,음식점 > 한식 > 해장국,무교동북어국집,http://place.map.kakao.com/11064200,126.9798518336699,37.56773441926809
서울 중구 북창동 93-36,음식점 > 한식 > 곰탕,애성회관,http://place.map.kakao.com/15892869,126.97891384153051,37.562409368174585
서울 중구 정동 1-48,음식점 > 한식 > 국밥,광화문국밥 본점,http://place.map.kakao.com/2067124772,126.975391668232,37.5689589279236
서울 중구 태평로2가 318-1,"음식점 > 한식 > 육류,고기 > 족발,보쌈 > 만족오향족발",만족오향족발 시청점,http://place.map.kakao.com/21324404,126.976013798412,37.5632575533142
서울 중구 북창동 18-7,"음식점 > 한식 > 육류,고기 > 닭요리",풍년닭도리탕,http://place.map.kakao.com/13288545,126.97770710108,37.5630812898836
서울 중구 소공동 81,음식점 > 샤브샤브,천향원,http://place.map.kakao.com/617004084,126.98001134894028,37.56381781654404
서울 중구 북창동 93-35,음식점 > 한식 > 한정식,한가람 본점,http://place.map.kakao.com/13057594,126.978929657332,37.5625156885918
서울 중구 충무로1가 25-9,음식점 > 중식 > 중국요리,란주칼면,http://place.map.kakao.com/12793877,126.982148978718,37.5609773169211
서울 중구 남대문로3가 96,음식점 > 한식 > 곰탕,금성관,http://place.map.kakao.com/20534938,126.97885526219387,37.56143177633828
서울 중구 남창동 34-34,"음식점 > 한식 > 해물,생선",희락갈치,http://place.map.kakao.com/8670706,126.97710366926631,37.55989344806759
서울 중구 남대문로3가 95-1,"음식점 > 한식 > 육류,고기",양미옥 남대문점,http://place.map.kakao.com/207440691,126.97877943305056,37.56142095077293
서울 종로구 종로1가 24,음식점 > 한식,광화문미진 본점,http://place.map.kakao.com/21326655,126.9799234417087,37.570844667978704
서울 종로구 관철동 11-11,음식점 > 중식,진중 우육면관 본점,http://place.map.kakao.com/2143988257,126.98611119582282,37.56855522765132
서울 종로구 공평동 129,"음식점 > 한식 > 육류,고기 > 닭요리",백부장집닭한마리 본관,http://place.map.kakao.com/8381402,126.982689747565,37.5717965569434
서울 종로구 청진동 183-1,음식점 > 한식 > 해장국,청진옥,http://place.map.kakao.com/27540102,126.97944890786792,37.571717650682224
서울 종로구 청진동 128,음식점 > 한식 > 한정식,일품진진수라 광화문점,http://place.map.kakao.com/967729291,126.980543813707,37.5706357409413
서울 종로구 청진동 46,음식점 > 한식,종로도담,http://place.map.kakao.com/439177229,126.981409413137,37.5720540468687
서울 종로구 견지동 88,음식점 > 한식 > 설렁탕,이문설농탕,http://place.map.kakao.com/24725293,126.983907557385,37.5727337640939
서울 종로구 인사동 194-28,음식점 > 한식 > 국밥,엄용백돼지국밥 종각점,http://place.map.kakao.com/416934208,126.985782300881,37.571894277369
서울 중구 다동 121-4,음식점 > 한식 > 냉면,남포면옥,http://place.map.kakao.com/21232315,126.981753597164,37.5671652991647
서울 종로구 관철동 5-1,"음식점 > 한식 > 찌개,전골",뚝배기집,http://place.map.kakao.com/10374336,126.98850847385,37.5695555904063
서울 중구 다동 177-2,음식점 > 한식,부민옥,http://place.map.kakao.com/1346301870,126.98031824515,37.5675038430283
서울 종로구 종로1가 24,"음식점 > 일식 > 돈까스,우동",후니도니,http://place.map.kakao.com/27271374,126.98012264433991,37.57093299922334
서울 종로구 인사동 263,음식점 > 일식 > 참치회,참치공방 종각본,http://place.map.kakao.com/10311622,126.984238525274,37.5707155796183
서울 종로구 익선동 156,"음식점 > 한식 > 육류,고기 > 닭요리",오죽이네,http://place.map.kakao.com/16734831,126.99080354567867,37.57375803293386
서울 중구 주교동 118-1,음식점 > 한식 > 냉면,우래옥 본점,http://place.map.kakao.com/8025375,126.99871865898974,37.56821185731751
서울 종로구 관수동 163,음식점 > 한식 > 국수 > 칼국수,대련집,http://place.map.kakao.com/7818113,126.98891841085968,37.56839334531018
서울 종로구 장사동 127-1,음식점 > 한식,대성식당,http://place.map.kakao.com/15992450,126.99468889539344,37.569684872576985
서울 종로구 낙원동 85-7,음식점 > 한식,호반,http://place.map.kakao.com/27269590,126.989146348574,37.5733001868081
서울 종로구 낙원동 221,음식점 > 한식 > 냉면,유진식당,http://place.map.kakao.com/8041476,126.9883179183545,37.57204231870933
서울 종로구 돈의동 131-1,음식점 > 한식 > 곰탕,영춘옥,http://place.map.kakao.com/8005800,126.991537361788,37.5713434211486
서울 종로구 권농동 182-6,"음식점 > 술집 > 호프,요리주점",서울집시 서순라길점,http://place.map.kakao.com/1191323603,126.9915550576752,37.57502488769612
서울 중구 을지로2가 101-32,음식점 > 한식 > 설렁탕,이남장 본점,http://place.map.kakao.com/10668060,126.988658328569,37.5666688146651
서울 종로구 권농동 187-7,음식점 > 양식 > 이탈리안,살롱순라,http://place.map.kakao.com/2025215095,126.9916796781889,37.57415093167226
서울 종로구 관수동 145-1,음식점 > 한식,종가만두,http://place.map.kakao.com/1580329739,126.98971182249424,37.56890878661336
서울 종로구 익선동 128-3,음식점 > 샤브샤브,온천집 익선,http://place.map.kakao.com/1803090740,126.98978921791807,37.57409672360898
서울 중구 을지로3가 346-1,음식점 > 한식 > 순대,청와옥 을지로3가직영점,http://place.map.kakao.com/502452137,126.99005065665251,37.56601481713346
서울 종로구 효제동 155,"음식점 > 한식 > 육류,고기",백제정육점,http://place.map.kakao.com/26967162,127.003952922261,37.5726446952293
서울 종로구 종로4가 165-11,"음식점 > 한식 > 육류,고기",부촌육회,http://place.map.kakao.com/21852953,126.999932082432,37.5703778574977
서울 종로구 종로5가 265-22,"음식점 > 한식 > 육류,고기 > 닭요리",진옥화할매원조닭한마리 본점,http://place.map.kakao.com/10785496,127.005696017003,37.5703380763098
서울 종로구 종로5가 138-25,음식점 > 한식,광장시장통큰누이네육회빈대떡,http://place.map.kakao.com/614661957,127.00117723880923,37.57043911933184
서울 중구 주교동 43-23,"음식점 > 한식 > 육류,고기 > 삼겹살",은주정,http://place.map.kakao.com/8050105,126.99975663427008,37.56867047080973
서울 종로구 종로4가 188,"음식점 > 간식 > 제과,베이커리",광장시장찹쌀꽈배기,http://place.map.kakao.com/1024788121,127.00040524305597,37.57066707631941
서울 종로구 예지동 269-27,"음식점 > 간식 > 제과,베이커리",아베베베이커리 서울,http://place.map.kakao.com/803688018,126.999943402662,37.5695381297673
서울 종로구 효제동 226-1,"음식점 > 한식 > 해물,생선 > 복어",억조,http://place.map.kakao.com/9246975,127.003640464789,37.5720860883432
서울 종로구 종로4가 177,"음식점 > 한식 > 육류,고기",육회자매집 본점1호점,http://place.map.kakao.com/8055849,126.999886803792,37.5705508485698
서울 종로구 종로5가 225-8,"음식점 > 한식 > 육류,고기 > 곱창,막창",더우리곱창,http://place.map.kakao.com/20526455,127.004432744934,37.5702372190197
서울 중구 오장동 101-7,음식점 > 한식 > 냉면,오장동흥남집 본점,http://place.map.kakao.com/8174854,127.00054103307872,37.56435740219144
서울 종로구 종로5가 265-8,"음식점 > 한식 > 육류,고기 > 닭요리",명동닭한마리 본점,http://place.map.kakao.com/14822693,127.005895245171,37.5703813143067
서울 종로구 종로5가 138-9,음식점 > 한식,순희네빈대떡,http://place.map.kakao.com/18755777,127.00072445622273,37.57060130213971
서울 종로구 창신동 148-1,음식점 > 아시아음식 > 인도음식,에베레스트 동대문점,http://place.map.kakao.com/77215610,127.012501727076,37.5725720198514
서울 종로구 창신동 581-5,"음식점 > 한식 > 육류,고기 > 족발,보쌈",창신동매운족발 본점,http://place.map.kakao.com/19009881,127.011541864608,37.5730081991709
서울 종로구 종로6가 205-1,음식점 > 한식,양지식당,http://place.map.kakao.com/2122475581,127.006973201937,37.5739347801794
서울 종로구 창신동 573-1,"음식점 > 한식 > 육류,고기 > 족발,보쌈",와글와글족발,http://place.map.kakao.com/10624973,127.01082181764772,37.572348739029074
서울 종로구 창신동 330-53,음식점 > 양식 > 피자,동묘가라지,http://place.map.kakao.com/981603762,127.01455726998316,37.571771700647226
서울 중구 을지로6가 18-85,음식점 > 한식 > 해장국,대화정진짜해장국,http://place.map.kakao.com/8895765,127.00776494708424,37.56753766409837
서울 종로구 창신동 330-49,"음식점 > 한식 > 해물,생선",동묘집,http://place.map.kakao.com/706318241,127.014787045463,37.5716878795415
서울 종로구 창신동 463-1,음식점 > 중식,동북화과왕,http://place.map.kakao.com/7838808,127.010798982201,37.570993644401
서울 종로구 창신동 400-1,"음식점 > 한식 > 해물,생선",광주식당,http://place.map.kakao.com/1407123477,127.01753642468066,37.57084146864495
서울 종로구 창신동 542,음식점 > 아시아음식 > 인도음식,에베레스트커리월드 레스토랑,http://place.map.kakao.com/12411385,127.01156888931436,37.57208197364034
서울 종로구 종로6가 259-3,음식점 > 중식 > 중국요리,유진짬뽕,http://place.map.kakao.com/72635988,127.00658802693,37.5706371603496
서울 종로구 창신동 695-1,"음식점 > 한식 > 해물,생선 > 복어",동래복국 동대문점,http://place.map.kakao.com/474505099,127.01011084799,37.5717541452946
서울 종로구 창신동 81-8,음식점 > 한식 > 냉면,낙산냉면,http://place.map.kakao.com/11021281,127.015277764702,37.5744890103185
서울 종로구 숭인동 318-16,"음식점 > 한식 > 육류,고기",고바우,http://place.map.kakao.com/16647761,127.015988004763,37.5713570577762
서울 동대문구 신설동 80-4,음식점 > 분식,킹 수제만두,http://place.map.kakao.com/1731584284,127.024144402603,37.5764841338019
서울 중구 황학동 67,음식점 > 한식 > 국수 > 칼국수,할아버지손칼국수,http://place.map.kakao.com/18215604,127.019392674872,37.5701672338123
서울 종로구 창신동 400-3,음식점 > 분식,고기튀김,http://place.map.kakao.com/26559648,127.0167417118429,37.57051812670501
서울 종로구 창신동 394-1,"음식점 > 한식 > 해물,생선",목포낙지마을,http://place.map.kakao.com/581997679,127.01600603074,37.5709570134502
서울 종로구 창신동 330-49,음식점 > 중식,동묘문,http://place.map.kakao.com/1970014839,127.01478138610084,37.571690583235714
서울 종로구 창신동 330-53,음식점 > 술집 > 와인바,동묘마케트,http://place.map.kakao.com/1700724209,127.014534631773,37.5717789113977
서울 동대문구 신설동 92-79,"음식점 > 한식 > 육류,고기",육전식당 신설본점,http://place.map.kakao.com/10331494,127.02698160012264,37.57411029968683
서울 동대문구 신설동 21,음식점 > 한식,한상차림밥상,http://place.map.kakao.com/2108354197,127.0259414485752,37.57786677881891
서울 동대문구 용두동 232-26,음식점 > 한식 > 해장국,어머니대성집,http://place.map.kakao.com/907979960,127.02858466713236,37.57741837425039
서울 동대문구 용두동 119-20,"음식점 > 한식 > 해물,생선",나정순할매쭈꾸미,http://place.map.kakao.com/27175293,127.03069016915066,37.57707546781634
서울 종로구 숭인동 1063,"음식점 > 한식 > 육류,고기 > 이차돌",이차돌 신설동점,http://place.map.kakao.com/96981032,127.02208372959927,37.57533757128547
서울 동대문구 신설동 117-5,"음식점 > 한식 > 해물,생선 > 장어",힘찬풍천장어,http://place.map.kakao.com/1861167965,127.02354366144988,37.57409031251531
서울 동대문구 용두동 112-10,"음식점 > 한식 > 해물,생선 > 복어",용두동복집,http://place.map.kakao.com/16675792,127.031331083865,37.5774771428975
서울 동대문구 신설동 94-57,음식점 > 한식 > 설렁탕,옥천옥,http://place.map.kakao.com/22618131,127.0269980020464,37.57250832703463
서울 종로구 숭인동 1136,"음식점 > 양식 > 멕시칸,브라질",꿰레,http://place.map.kakao.com/325095246,127.02255041334716,37.5762844282865
서울 동대문구 신설동 117-6,음식점 > 중식 > 중국요리,남화루,http://place.map.kakao.com/8881613,127.02368166606276,37.57377043175872
서울 동대문구 용두동 210-8,음식점 > 일식,무명스키야키,http://place.map.kakao.com/622602624,127.02829305845648,37.57864559854304
서울 동대문구 용두동 118-81,"음식점 > 한식 > 육류,고기 > 갈비",신가네왕코등갈비 본점,http://place.map.kakao.com/13121379,127.03098100898,37.57410210989243
서울 동대문구 제기동 892-128,음식점 > 한식,감초식당,http://place.map.kakao.com/21232071,127.03632119077804,37.57971738621976
서울 동대문구 제기동 1019,음식점 > 한식 > 국수,안동집,http://place.map.kakao.com/15629433,127.03953845008228,37.579393796655545
서울 동대문구 제기동 1013,음식점 > 한식 > 냉면,경동시장 평양냉면,http://place.map.kakao.com/810920158,127.040075960828,37.5789557323408
서울 동대문구 용두동 45-1,"음식점 > 한식 > 육류,고기",경동한우정육식당,http://place.map.kakao.com/989717069,127.0380124737654,37.57734183337136
서울 동대문구 제기동 1005,"음식점 > 한식 > 해물,생선",다퍼줘,http://place.map.kakao.com/1116271250,127.04058538132972,37.57891951853809
서울 동대문구 용두동 39-1,음식점 > 뷔페,다이닝원 청량리점,http://place.map.kakao.com/1828440280,127.042837477544,37.5775924594689
서울 성동구 마장동 522-2,"음식점 > 한식 > 육류,고기",인생한우,http://place.map.kakao.com/1539453182,127.038201250056,37.5701482300044
서울 동대문구 제기동 838,음식점 > 중식,홍릉각,http://place.map.kakao.com/8620226,127.03996258689769,37.58288320227021
서울 동대문구 제기동 646,음식점 > 한식,포천메밀냉면,http://place.map.kakao.com/16297405,127.041457987686,37.58053920227584
서울 동대문구 청량리동 444-7,음식점 > 한식 > 국수 > 칼국수,경북손칼국수,http://place.map.kakao.com/11833610,127.04621222556524,37.58133932120362
서울 동대문구 제기동 470,음식점 > 한식 > 냉면,할머니냉면,http://place.map.kakao.com/10926416,127.043700583545,37.5822701030824
서울 동대문구 청량리동 50-18,음식점 > 한식 > 국수 > 칼국수,혜성칼국수,http://place.map.kakao.com/16937330,127.04897707662816,37.583374451618006
서울 동대문구 제기동 486-28,음식점 > 분식,짱구네야끼만두,http://place.map.kakao.com/338133444,127.043242709458,37.5814233377754
서울 동대문구 제기동 575-4,음식점 > 일식,청량함박,http://place.map.kakao.com/682571203,127.042628037792,37.5815515024298
서울 동대문구 청량리동 296,음식점 > 한식 > 냉면,평양냉면 본점,http://place.map.kakao.com/13323543,127.04492066414232,37.581661474464845
서울 동대문구 청량리동 769-1,음식점 > 한식 > 순대,청량리고향집 본점,http://place.map.kakao.com/1030146809,127.04391229588512,37.58034640313624
서울 동대문구 제기동 635-4,음식점 > 치킨,남원통닭 별관,http://place.map.kakao.com/27323391,127.04276663659196,37.5804098933132
서울 동대문구 청량리동 789,음식점 > 분식,왕엄마김밥,http://place.map.kakao.com/582617362,127.043266344376,37.581181862818
서울 동대문구 청량리동 791,음식점 > 분식,기태만두,http://place.map.kakao.com/20637982,127.043152045746,37.5812611921019
서울 동대문구 전농동 602-9,"음식점 > 한식 > 육류,고기 > 족발,보쌈",서울뼈구이 본점,http://place.map.kakao.com/16531175,127.051278756793,37.5850349055577
서울 중구 명동1가 54-6,음식점 > 한식 > 설렁탕,미성옥,http://place.map.kakao.com/19157171,126.983936564299,37.5641707054203
서울 중구 명동1가 10-9,음식점 > 한식 > 곰탕,하동관 명동본점,http://place.map.kakao.com/1822111964,126.9850231032312,37.564430335182415
서울 중구 을지로1가 180-6,음식점 > 뷔페,롯데호텔서울 라세느,http://place.map.kakao.com/27348727,126.98098436963744,37.56530912605071
서울 중구 충무로3가 23-1,음식점 > 한식 > 국수 > 칼국수,사랑방칼국수,http://place.map.kakao.com/7919722,126.99133001470943,37.5632668794966
서울 중구 을지로3가 315-18,음식점 > 중식 > 중국요리,안동장,http://place.map.kakao.com/10582837,126.99157870487,37.5660852137074
서울 중구 저동2가 46-27,음식점 > 일식,진작,http://place.map.kakao.com/2029456983,126.99083756712574,37.56401827329497
서울 중구 인현동1가 15-4,음식점 > 한식 > 순대,을지로 산수갑산 을지로점,http://place.map.kakao.com/27072121,126.99529702271732,37.56537903946138
서울 중구 을지로3가 323,음식점 > 아시아음식 > 동남아음식 > 베트남음식,을지깐깐 을지로본점,http://place.map.kakao.com/1664194334,126.991071657,37.5657427979552
서울 중구 을지로2가 101-17,"음식점 > 한식 > 해물,생선 > 매운탕,해물탕",동강나루터,http://place.map.kakao.com/18241603,126.98897529681952,37.56642917976896
서울 중구 초동 17-1,"음식점 > 일식 > 돈까스,우동",동경우동,http://place.map.kakao.com/8264592,126.99295969662816,37.56523025885532
서울 중구 을지로3가 95-1,"음식점 > 술집 > 호프,요리주점",원조만선호프 노가리체인본점,http://place.map.kakao.com/8332362,126.99178231800012,37.56724931479237
서울 중구 인현동2가 135-13,"음식점 > 한식 > 육류,고기 > 닭요리",황평집,http://place.map.kakao.com/12751485,126.996129025206,37.5640672191679
서울 중구 필동3가 1-5,음식점 > 한식 > 냉면,필동면옥,http://place.map.kakao.com/11231325,126.99693958989,37.5603983847784
서울 중구 오장동 90-10,음식점 > 한식 > 냉면,오장동함흥냉면,http://place.map.kakao.com/20747449,126.99987775835788,37.56427090773028
서울 중구 주교동 153-2,음식점 > 한식 > 국수 > 칼국수,꾸왁칼국수,http://place.map.kakao.com/26808473,126.99722111707122,37.5682902181908
서울 중구 산림동 207-2,음식점 > 간식 > 도넛,빠우 을지로점,http://place.map.kakao.com/163031496,126.995449719616,37.5671449975857
서울 중구 장충동1가 13,음식점 > 한식 > 냉면,평양면옥 본점,http://place.map.kakao.com/13093208,127.00669603395768,37.56324808702588
서울 중구 광희동1가 120,음식점 > 아시아음식,사마르칸트 본점,http://place.map.kakao.com/16989098,127.0058110736232,37.56514833510789
서울 중구 신당동 248-32,"음식점 > 한식 > 육류,고기 > 갈비",백송,http://place.map.kakao.com/2129205762,127.013469307027,37.5647656874036
서울 중구 신당동 304-791,음식점 > 분식 > 떡볶이,우정,http://place.map.kakao.com/27388900,127.01490979074266,37.56279593622181
서울 중구 장충동1가 62-16,"음식점 > 한식 > 육류,고기 > 족발,보쌈",평안도족발집,http://place.map.kakao.com/11221819,127.00606648419787,37.56028474298094
서울 중구 신당동 250-20,"음식점 > 한식 > 육류,고기",그릴1492 본점,http://place.map.kakao.com/1285325677,127.012563867942,37.5651261857044
서울 중구 장충동2가 189-5,"음식점 > 간식 > 제과,베이커리",태극당,http://place.map.kakao.com/8552691,127.005070441384,37.5595045265869
서울 중구 을지로6가 34-4,음식점 > 아시아음식,스타사마르칸트,http://place.map.kakao.com/21231723,127.005663971202,37.5657033558651
서울 중구 신당동 292-112,음식점 > 분식 > 떡볶이,마복림할머니집,http://place.map.kakao.com/25036918,127.01512154258371,37.56327523942241
서울 중구 광희동1가 250-1,음식점 > 아시아음식,파르투내,http://place.map.kakao.com/10042350,127.005007402647,37.5646113781936
서울 중구 을지로6가 35-1,음식점 > 아시아음식,사마르칸트시티,http://place.map.kakao.com/1081607002,127.005559830475,37.5656096572228
서울 성동구 홍익동 357,음식점 > 한식,유래회관,http://place.map.kakao.com/8038298,127.031566427085,37.5664489003844
서울 성동구 행당동 292-34,"음식점 > 한식 > 육류,고기",땅코참숯구이 본점,http://place.map.kakao.com/487116221,127.032990079594,37.5606857384056
서울 성동구 행당동 299-1,음식점 > 중식 > 중국요리,춘향미엔 왕십리점,http://place.map.kakao.com/1658512250,127.03202115543138,37.56046976592757
서울 성동구 행당동 286-21,"음식점 > 한식 > 육류,고기 > 곱창,막창",왕십리 수상한막창,http://place.map.kakao.com/672340742,127.033918513945,37.5614531245594
서울 성동구 홍익동 131-1,"음식점 > 한식 > 육류,고기 > 곱창,막창",제일곱창 본점,http://place.map.kakao.com/407522227,127.03608646516,37.5648519413304
서울 성동구 도선동 342,"음식점 > 한식 > 육류,고기 > 닭요리",왕십리닭내장탕,http://place.map.kakao.com/7813778,127.0313097224853,37.56431000402177
서울 성동구 행당동 196-23,"음식점 > 일식 > 초밥,롤",스시도쿠,http://place.map.kakao.com/26792732,127.0360642111822,37.560951534461104
서울 성동구 하왕십리동 966-20,"음식점 > 한식 > 육류,고기 > 삼겹살",왕십리 육감식당 본점,http://place.map.kakao.com/142477401,127.03237742434553,37.56250502027489
서울 성동구 하왕십리동 966-12,"음식점 > 한식 > 해물,생선 > 조개",왕십리조개창고,http://place.map.kakao.com/12265333,127.03281210668162,37.56263194077892
서울 성동구 행당동 286-43,"음식점 > 일식 > 돈까스,우동",야마타니우동,http://place.map.kakao.com/204368427,127.03313973825684,37.56127134438736
서울 성동구 도선동 50,"음식점 > 한식 > 육류,고기 > 닭요리",애리꼼닭발,http://place.map.kakao.com/20089805,127.034235952453,37.5626063085812
서울 성동구 도선동 167,음식점 > 분식 > 떡볶이,만나떡볶이,http://place.map.kakao.com/21420131,127.03431279454662,37.56480561833348
서울 성동구 행당동 317-72,음식점 > 한식,만두전빵,http://place.map.kakao.com/15831022,127.031916111211,37.5583182135214
서울 중구 황학동 723-2,"음식점 > 한식 > 해물,생선",옥경이네건생선,http://place.map.kakao.com/27584176,127.0195365015858,37.56609470957444
서울 성동구 홍익동 130-1,"음식점 > 한식 > 육류,고기 > 곱창,막창",왕십리맛나곱창,http://place.map.kakao.com/11975911,127.036120469717,37.5649519415047
서울 성동구 행당동 3-27,음식점 > 분식 > 떡볶이,악어떡볶이,http://place.map.kakao.com/11101743,127.041044045933,37.5606615893525
서울 성동구 행당동 292-54,"음식점 > 한식 > 육류,고기",푸줏간생고기점,http://place.map.kakao.com/11820650,127.03316765555373,37.5604180925907
서울 성동구 행당동 298-42,음식점 > 한식 > 국밥,하동진,http://place.map.kakao.com/322448944,127.033170829292,37.5599180384347
서울 성동구 행당동 1-30,"음식점 > 한식 > 육류,고기 > 삼겹살",양평회관,http://place.map.kakao.com/1210249885,127.03956828388016,37.56089094633497
서울 성동구 행당동 286-13,"음식점 > 한식 > 육류,고기 > 닭요리",나라구한닭정통닭갈비 왕십리점,http://place.map.kakao.com/617389325,127.033959375759,37.5617089958665
서울 성동구 행당동 32-21,"음식점 > 일식 > 돈까스,우동",우동가조쿠,http://place.map.kakao.com/19036760,127.042884423889,37.5568010637512
서울 성동구 행당동 20-17,"음식점 > 일식 > 돈까스,우동",행운돈까스,http://place.map.kakao.com/8675374,127.04032300290169,37.558415652378415
서울 성동구 성수동1가 656-970,"음식점 > 한식 > 육류,고기 > 족발,보쌈",훼미리손칼국수보쌈,http://place.map.kakao.com/20746195,127.0446784574778,37.549559078220966
서울 성동구 행당동 19-49,"음식점 > 한식 > 해물,생선 > 장어",장어구이,http://place.map.kakao.com/16764642,127.04047653378449,37.55978511533378
서울 성동구 행당동 3-14,음식점 > 한식,갱생,http://place.map.kakao.com/1964869012,127.040654720172,37.5606941599377
서울 성동구 행당동 19-96,"음식점 > 한식 > 육류,고기",끄트머리집,http://place.map.kakao.com/762032344,127.03998133009,37.5586482258344
서울 성동구 행당동 19-54,"음식점 > 한식 > 육류,고기 > 곱창,막창",양대포,http://place.map.kakao.com/285402441,127.040852145905,37.5595191918692
서울 성동구 행당동 19-97,"음식점 > 한식 > 육류,고기 > 족발,보쌈",장모족발 서울1호점,http://place.map.kakao.com/27496691,127.040278102793,37.5591049304772
서울 성동구 행당동 1-89,"음식점 > 간식 > 제과,베이커리",뺑드미제빵소 한양대점,http://place.map.kakao.com/24622132,127.04073873382453,37.56117075825803
서울 성동구 행당동 19-54,음식점 > 한식 > 냉면,원조사철냉면,http://place.map.kakao.com/12513680,127.040780675868,37.5592128776011
서울 성동구 행당동 71-8,음식점 > 양식,모음,http://place.map.kakao.com/280541854,127.043087842817,37.556285619173
서울 성동구 행당동 19-54,음식점 > 일식,카모메 한양대점,http://place.map.kakao.com/12617912,127.040862312377,37.5594831484725
서울 성동구 성수동1가 656-591,"음식점 > 한식 > 육류,고기 > 갈비",대성갈비,http://place.map.kakao.com/12055448,127.04843220827088,37.5461941699897
서울 성동구 성수동1가 668-30,음식점 > 양식 > 햄버거,제스티살룬 성수,http://place.map.kakao.com/1965582130,127.04244685499071,37.547564189547295
서울 성동구 성수동1가 668-123,"음식점 > 간식 > 제과,베이커리",성수베이킹스튜디오,http://place.map.kakao.com/799001769,127.04375872148697,37.54618518238096
서울 성동구 성수동1가 656-1021,음식점 > 양식 > 이탈리안,누메로도스,http://place.map.kakao.com/142054376,127.0473606920262,37.5463567844372
서울 성동구 성수동1가 656-1085,음식점 > 양식,이태리국시 성수,http://place.map.kakao.com/780776735,127.046723416911,37.5460579066554
서울 성동구 성수동1가 656-442,"음식점 > 간식 > 제과,베이커리",밀도 성수본점,http://place.map.kakao.com/27300932,127.0448790311714,37.54623882183776
서울 성동구 성수동2가 302-8,음식점 > 양식 > 햄버거,르프리크,http://place.map.kakao.com/936069123,127.05265860726594,37.544439016638
서울 성동구 성수동1가 668-108,음식점 > 한식,할머니의레시피,http://place.map.kakao.com/27373628,127.0430865478504,37.54617281557421
서울 성동구 성수동1가 656-448,음식점 > 한식 > 국밥,비사벌 전주콩나물국밥,http://place.map.kakao.com/21237863,127.04503068048648,37.54626489308063
서울 성동구 성수동1가 656-385,음식점 > 양식,미테이블 성수본점,http://place.map.kakao.com/487665317,127.045286584884,37.5465359959002
서울 성동구 성수동2가 289-273,"음식점 > 한식 > 육류,고기 > 족발,보쌈",성수족발,http://place.map.kakao.com/8416853,127.05431637398702,37.54602762815355
서울 성동구 성수동1가 656-564,"음식점 > 한식 > 해물,생선 > 아구",성수아구찜탕,http://place.map.kakao.com/16471967,127.0450522843473,37.54643697563581
서울 성동구 성수동1가 668-54,음식점 > 양식 > 이탈리안,온량,http://place.map.kakao.com/1493852185,127.043440031512,37.5469079011998
서울 성동구 성수동1가 16-8,"음식점 > 일식 > 돈까스,우동",오레노카츠 성수본점,http://place.map.kakao.com/2125770186,127.049517573532,37.5447359033199
서울 성동구 성수동2가 315-100,음식점 > 한식 > 감자탕,소문난성수감자탕,http://place.map.kakao.com/13289056,127.05440457812,37.5428308422967
서울 성동구 성수동2가 315-30,음식점 > 양식 > 이탈리안,까사아지오 성수본점,http://place.map.kakao.com/12447534,127.05477837998508,37.54336766514594
서울 성동구 성수동2가 310-14,음식점 > 한식,능동미나리 성수점,http://place.map.kakao.com/134670855,127.053951907942,37.5427571680258
서울 성동구 성수동2가 316-50,음식점 > 간식 > 도넛,아임도넛 성수점,http://place.map.kakao.com/2139543219,127.0539355871467,37.54366267988559
서울 성동구 성수동2가 321-21,음식점 > 아시아음식 > 동남아음식 > 베트남음식,벱,http://place.map.kakao.com/1079903424,127.05400798455187,37.54206337274946
서울 성동구 성수동2가 321-74,"음식점 > 간식 > 제과,베이커리",자연도소금빵 in성수,http://place.map.kakao.com/134679676,127.055457652937,37.5423023667186
서울 성동구 성수동2가 300-64,"음식점 > 한식 > 육류,고기 > 족발,보쌈",권식족발,http://place.map.kakao.com/1836636382,127.054329599976,37.5455410825992
서울 성동구 성수동2가 322-20,음식점 > 양식,세스크멘슬 본점,http://place.map.kakao.com/578560649,127.05640606944031,37.54105313200188
서울 성동구 성수동2가 315-71,음식점 > 양식,스케줄 성수,http://place.map.kakao.com/1466610374,127.05545809846558,37.5444314280529
서울 성동구 성수동2가 289-257,음식점 > 한식 > 국수 > 칼국수,조조칼국수 성수점,http://place.map.kakao.com/1143126185,127.056680798079,37.5452336377312
서울 성동구 성수동2가 315-18,음식점 > 간식 > 아이스크림,마망젤라또 성수점,http://place.map.kakao.com/896402715,127.055977500759,37.5429355240749
서울 성동구 성수동2가 289-5,음식점 > 술집 > 일본식주점,아키야마 성수본점,http://place.map.kakao.com/27585835,127.057219133173,37.5478066309421
서울 광진구 화양동 4-20,음식점 > 중식 > 중국요리,하이디라오 건대점,http://place.map.kakao.com/1026281815,127.07123181020236,37.54051623282344
서울 광진구 자양동 6-20,음식점 > 중식 > 중국요리,송화산시도삭면 2호점,http://place.map.kakao.com/610799971,127.06703811807432,37.538889680205656
서울 광진구 화양동 7-44,음식점 > 양식 > 이탈리안,로니로티 건대점,http://place.map.kakao.com/21929635,127.068474699159,37.5409242146223
서울 광진구 자양동 227-342,음식점 > 뷔페,라구뜨,http://place.map.kakao.com/12765080,127.070753486747,37.5384433195912
서울 광진구 자양동 11-2,음식점 > 중식 > 양꼬치,송화양꼬치,http://place.map.kakao.com/14822911,127.06656505826236,37.5387773228099
서울 광진구 화양동 8-35,"음식점 > 한식 > 육류,고기",육일관 본점,http://place.map.kakao.com/1050190897,127.06949578737,37.54142277192214
서울 광진구 화양동 8-37,"음식점 > 한식 > 육류,고기",화기애애 본점,http://place.map.kakao.com/22651193,127.06965223226784,37.54173983161249
서울 광진구 자양동 5-26,음식점 > 중식 > 양꼬치,훈춘양꼬치 1호점,http://place.map.kakao.com/27594064,127.06889335808266,37.538463340421615
서울 광진구 자양동 227-138,음식점 > 기사식당,송림식당,http://place.map.kakao.com/7963415,127.076404551637,37.5366882542409
서울 광진구 화양동 8-29,"음식점 > 한식 > 육류,고기 > 갈비",고기굽는놈,http://place.map.kakao.com/24206169,127.069439119417,37.5413236953058
서울 광진구 화양동 8-27,음식점 > 중식,용가회전훠궈 건대점,http://place.map.kakao.com/404796788,127.0698292986042,37.54111443329944
서울 광진구 화양동 9-45,음식점 > 일식,요비,http://place.map.kakao.com/18834003,127.06890366069712,37.54228177149312
서울 광진구 자양동 7-2,음식점 > 중식 > 중국요리,중경식객,http://place.map.kakao.com/1419567762,127.069482948761,37.53978115795
서울 광진구 자양동 9-33,음식점 > 중식 > 중국요리,매운향솥,http://place.map.kakao.com/19983662,127.06626440648115,37.53914149590237
서울 광진구 화양동 8-59,음식점 > 술집 > 일본식주점,후토,http://place.map.kakao.com/1773072813,127.070268341933,37.5423359282837
서울 광진구 구의동 243-6,음식점 > 한식 > 국수 > 칼국수,대원칼국수,http://place.map.kakao.com/7831256,127.086670431874,37.5378704863427
서울 광진구 자양동 870,음식점,깐깐 구의이스트폴점,http://place.map.kakao.com/270045818,127.087852469231,37.5366109156758
서울 광진구 구의동 252-88,"음식점 > 한식 > 해물,생선",고향집,http://place.map.kakao.com/26045836,127.084430530217,37.538228905043
서울 광진구 구의동 80-47,음식점 > 한식 > 냉면,서북면옥,http://place.map.kakao.com/7939102,127.08534387836,37.5453966002957
서울 광진구 구의동 257-15,"음식점 > 한식 > 육류,고기",풍년상회,http://place.map.kakao.com/1129498256,127.085649581224,37.5396155670406
서울 광진구 구의동 246-30,음식점 > 한식,새맛식당,http://place.map.kakao.com/10511488,127.08432772976292,37.53736942440959
서울 광진구 구의동 243-7,"음식점 > 한식 > 육류,고기 > 곱창,막창",진곱창,http://place.map.kakao.com/27264654,127.086647577352,37.5376758870965
서울 광진구 구의동 243-5,음식점 > 일식,쉐프의콜렉션,http://place.map.kakao.com/3155649,127.08758969597736,37.53830859510585
서울 광진구 자양동 870,음식점 > 뷔페,바르미 심비디움 구의점,http://place.map.kakao.com/818903877,127.087845679489,37.5366100197264
서울 광진구 구의동 221-81,"음식점 > 한식 > 해물,생선 > 조개",찌마기 구의점,http://place.map.kakao.com/437017954,127.089279218208,37.5394515997454
서울 광진구 구의동 242-51,"음식점 > 한식 > 육류,고기 > 오리",강나루유황오리주물럭 본점,http://place.map.kakao.com/10118164,127.088133313177,37.5387415716256
서울 광진구 자양동 779-5,음식점 > 중식 > 중국요리,송쉐프 구의점,http://place.map.kakao.com/1073241380,127.082582838951,37.5372066754859
서울 광진구 자양동 775-10,음식점 > 양식,비에이치테이블,http://place.map.kakao.com/1159203702,127.08078217024652,37.53777374907963
서울 광진구 구의동 242-56,"음식점 > 한식 > 육류,고기 > 갈비",한우짝갈비살,http://place.map.kakao.com/1579718964,127.0875198026404,37.538529391920285
서울 광진구 구의동 218-10,음식점 > 양식 > 피자,도치피자 강변,http://place.map.kakao.com/2015369599,127.09333851916102,37.53905832811161
서울 광진구 구의동 214-6,"음식점 > 일식 > 초밥,롤",스시텐 강변점,http://place.map.kakao.com/22873800,127.093962035746,37.5382108937299
서울 광진구 구의동 212-3,"음식점 > 한식 > 육류,고기",고고기,http://place.map.kakao.com/899891312,127.09407903458212,37.5403759030996
서울 광진구 구의동 599,"음식점 > 한식 > 육류,고기",행복한우,http://place.map.kakao.com/9072805,127.091874605512,37.5337111385731
서울 광진구 구의동 217-27,"음식점 > 한식 > 육류,고기 > 닭요리",산골닭갈비,http://place.map.kakao.com/10455440,127.093237862558,37.538186239716
서울 광진구 구의동 219-3,음식점 > 한식 > 해장국,양양집 구의점,http://place.map.kakao.com/260287922,127.09295791696783,37.53962896119992
서울 광진구 구의동 199-15,음식점 > 한식,최원석의돼지한판 광장점,http://place.map.kakao.com/1448221336,127.095014707379,37.5403111829863
서울 광진구 구의동 217-25,"음식점 > 한식 > 육류,고기",참토우 구의점,http://place.map.kakao.com/8128653,127.093396030283,37.5379951027325
서울 광진구 구의동 212-3,음식점 > 샤브샤브,바르미샤브샤브n칼국수 구의점,http://place.map.kakao.com/23384358,127.093896736986,37.5402760372314
서울 광진구 구의동 593-9,"음식점 > 일식 > 돈까스,우동",장가,http://place.map.kakao.com/21232417,127.09140069601584,37.535687400442896
서울 광진구 구의동 213-2,"음식점 > 한식 > 해물,생선",무교동낙지 구의점,http://place.map.kakao.com/8998524,127.093665121478,37.5396455213793
서울 광진구 구의동 596-6,음식점 > 한식 > 국수 > 칼국수,동서울손칼국수,http://place.map.kakao.com/17363969,127.09147447049814,37.53402409640454
서울 송파구 신천동 17-4,음식점 > 양식 > 이탈리안,임뻬라또,http://place.map.kakao.com/24172366,127.10457361508573,37.520833373062445
서울 송파구 신천동 11-4,"음식점 > 일식 > 초밥,롤",세이류,http://place.map.kakao.com/2078452841,127.10356892544826,37.517432972703205
서울 송파구 신천동 7-14,"음식점 > 술집 > 호프,요리주점",크래프트아일랜드 잠실점 본관,http://place.map.kakao.com/805143288,127.10240933887825,37.51732406141973
서울 송파구 방이동 67-7,"음식점 > 한식 > 육류,고기 > 삼겹살",화반 방이점,http://place.map.kakao.com/374002462,127.108587374475,37.5131829377762
서울 송파구 방이동 44-5,음식점 > 중식 > 중국요리,몽중헌 방이점,http://place.map.kakao.com/19452961,127.113522070938,37.5167390635234
서울 송파구 방이동 44-7,음식점 > 한식 > 한정식,산들해 송파점,http://place.map.kakao.com/13337591,127.113214399077,37.5167393588321
서울 송파구 방이동 24-3,음식점 > 일식 > 일식집,삿뽀로 방이점,http://place.map.kakao.com/11418974,127.107985343962,37.5145530151478
서울 송파구 신천동 7,음식점 > 분식,뽀빠이분식,http://place.map.kakao.com/15735525,127.101823001115,37.5178633681817
서울 송파구 신천동 29,음식점 > 뷔페 > 해산물뷔페,바이킹스워프 잠실 헤리티지점,http://place.map.kakao.com/425520392,127.10388779971096,37.5132718589956
서울 송파구 방이동 70,"음식점 > 한식 > 육류,고기 > 삼겹살",육화식당,http://place.map.kakao.com/1201642510,127.109825392284,37.5135926508284
서울 송파구 신천동 7-28,음식점 > 한식 > 두부전문점,수가성순두부전문점,http://place.map.kakao.com/13290974,127.102479855216,37.5151237502826
서울 송파구 신천동 7,"음식점 > 양식 > 스테이크,립",정순함박 잠실본점,http://place.map.kakao.com/27229549,127.10141999457753,37.5176330581388
서울 송파구 방이동 36-7,음식점 > 양식,바 다빈치,http://place.map.kakao.com/396906196,127.109225837729,37.515096080616
서울 송파구 신천동 7,음식점 > 한식 > 순대,조박사토종순대국,http://place.map.kakao.com/12052839,127.101833247707,37.51791201351092
서울 송파구 신천동 7-30,음식점 > 양식 > 이탈리안,마노디셰프 잠실점,http://place.map.kakao.com/1878768223,127.099114506437,37.5157861566772
서울 송파구 잠실동 40-1,음식점 > 뷔페,롯데호텔월드 라세느,http://place.map.kakao.com/13279465,127.1003314133134,37.51141706339577
서울 송파구 송파동 37-6,음식점 > 양식,갓잇 송리단길점,http://place.map.kakao.com/1807739168,127.10798672819712,37.510018261609005
서울 송파구 신천동 29,음식점 > 한식 > 한정식,시그니엘서울 비채나,http://place.map.kakao.com/18313843,127.1025521945624,37.512605382354366
서울 송파구 송파동 8,음식점 > 양식 > 이탈리안,엘리스리틀이태리,http://place.map.kakao.com/27311545,127.104832570447,37.5086380614148
서울 송파구 송파동 9-9,음식점 > 양식 > 피자,피제리아라고,http://place.map.kakao.com/85237296,127.105881469302,37.5089479723871
서울 송파구 석촌동 158-7,음식점 > 퓨전요리 > 퓨전일식,수작나베 석촌호수직영점,http://place.map.kakao.com/1678391738,127.102736549521,37.5076451940343
서울 송파구 신천동 29,"음식점 > 일식 > 초밥,롤",갓덴스시 롯데월드몰점,http://place.map.kakao.com/26239352,127.10324479767873,37.51370130054057
서울 송파구 신천동 29,음식점 > 아시아음식,피에프창 롯데월드몰점,http://place.map.kakao.com/26239333,127.10344131454994,37.51348759073657
서울 송파구 송파동 55-7,"음식점 > 한식 > 육류,고기",고도식 잠실점,http://place.map.kakao.com/2017667910,127.108657925231,37.5103537206408
서울 송파구 신천동 7-18,음식점 > 패밀리레스토랑 > 애슐리,애슐리퀸즈 잠실롯데캐슬점,http://place.map.kakao.com/21302210,127.0997644016756,37.51455573982573
서울 송파구 송파동 42-6,음식점 > 일식 > 일본식라면,오레노라멘 송파점,http://place.map.kakao.com/1087614547,127.10945644239985,37.50957541679069
서울 강남구 대치동 996-16,음식점 > 한식 > 해장국,중앙해장,http://place.map.kakao.com/27531028,127.065472540919,37.508273597184
서울 송파구 잠실동 195-9,음식점 > 한식 > 냉면,해주냉면,http://place.map.kakao.com/25049102,127.07977463491474,37.509652351093166
서울 송파구 잠실동 195-10,음식점 > 중식,도삭면공방,http://place.map.kakao.com/1181524598,127.0797160660903,37.50988304776105
서울 강남구 대치동 996-1,음식점 > 양식 > 햄버거,크라이치즈버거 삼성역점,http://place.map.kakao.com/586363951,127.06553778419344,37.509160149568245
서울 송파구 잠실동 203-7,"음식점 > 한식 > 육류,고기",늘푸른목장 잠실본점,http://place.map.kakao.com/16082320,127.082670031448,37.5095890918816
서울 송파구 잠실동 294-3,"음식점 > 한식 > 육류,고기 > 삼겹살",미강식당,http://place.map.kakao.com/72177172,127.08039080827098,37.50626055174282
서울 강남구 삼성동 165-12,음식점 > 한식 > 설렁탕,이남장 삼성점,http://place.map.kakao.com/16649489,127.064450126559,37.5135684607614
서울 송파구 잠실동 195-1,음식점 > 한식 > 감자탕,팔팔감자탕,http://place.map.kakao.com/648596761,127.079521679422,37.5100273394857
서울 송파구 잠실동 190,"음식점 > 한식 > 육류,고기",진원소우 잠실새내점,http://place.map.kakao.com/1346139956,127.0816848095097,37.51054844591679
서울 송파구 잠실동 201,"음식점 > 한식 > 육류,고기 > 삼겹살",연탄부락 잠실새내점,http://place.map.kakao.com/2020430696,127.081547898912,37.5094601272586
서울 송파구 잠실동 180-6,"음식점 > 한식 > 육류,고기",후발대 잠실직영점,http://place.map.kakao.com/1747047105,127.081606214466,37.5110800927465
서울 송파구 잠실동 198-7,"음식점 > 한식 > 해물,생선",신천생태,http://place.map.kakao.com/1755004918,127.080470435186,37.5087941228622
서울 송파구 잠실동 192-13,"음식점 > 한식 > 육류,고기 > 곱창,막창",초대창 잠실새내점,http://place.map.kakao.com/617218371,127.081027736457,37.5095668037401
서울 송파구 잠실동 198-1,"음식점 > 한식 > 해물,생선 > 아구",생생아구,http://place.map.kakao.com/939202585,127.080293990996,37.5087906389134
서울 송파구 잠실동 189,"음식점 > 한식 > 해물,생선",쭈꾸미도사 잠실새내점,http://place.map.kakao.com/1999496197,127.08220524858,37.5106886415406
서울 강남구 삼성동 159-8,음식점 > 뷔페,그랜드인터컨티넨탈 서울파르나스 그랜드키친,http://place.map.kakao.com/8214517,127.06081577834064,37.50923655746207
서울 강남구 대치동 942-10,음식점 > 뷔페,보노보노 삼성점,http://place.map.kakao.com/7891904,127.05797840126094,37.5068169843704
서울 강남구 대치동 956-6,음식점 > 일식,부타이 1막,http://place.map.kakao.com/1337569618,127.06004648139944,37.50617173263903
서울 강남구 삼성동 159-8,음식점 > 아시아음식,허머스키친 삼성점,http://place.map.kakao.com/2022806150,127.06143228096744,37.50934435898666
서울 강남구 삼성동 148-15,음식점 > 중식,팀호완 삼성점,http://place.map.kakao.com/1770731230,127.056847505366,37.5114270736423
서울 강남구 삼성동 151-7,음식점 > 한식 > 냉면,능라도 강남점,http://place.map.kakao.com/27261403,127.0555341693856,37.50967704685496
서울 강남구 삼성동 154-11,음식점 > 중식 > 중국요리,시추안하우스 삼성점,http://place.map.kakao.com/24041168,127.058130993444,37.5096145291272
서울 강남구 삼성동 159,음식점 > 한식 > 곰탕,하동관 코엑스몰직영점,http://place.map.kakao.com/26428654,127.05980400928702,37.51129046312587
서울 강남구 삼성동 158-9,음식점 > 양식 > 이탈리안,마노디셰프 삼성점,http://place.map.kakao.com/8969599,127.05824818479309,37.50905224454018
서울 강남구 대치동 950-1,음식점 > 중식 > 중국요리,하이보 삼성점,http://place.map.kakao.com/27162373,127.06257825973316,37.50692005468687
서울 강남구 삼성동 153-64,음식점 > 한식,이대성의진면목,http://place.map.kakao.com/1198484281,127.057149725493,37.5102385030662
서울 강남구 삼성동 157-23,음식점 > 중식 > 중국요리,호신각,http://place.map.kakao.com/948434557,127.057125560928,37.5082130564184
서울 강남구 대치동 896-33,음식점 > 한식 > 국밥,농민백암순대 본점,http://place.map.kakao.com/17163273,127.0530224432786,37.50373066700644
서울 강남구 대치동 896-5,"음식점 > 한식 > 육류,고기 > 족발,보쌈",뽕나무쟁이 선릉본점,http://place.map.kakao.com/11190567,127.052009891848,37.5032274550881
서울 강남구 대치동 890-44,음식점 > 한식 > 감자탕,신동궁감자탕뼈숯불구이 선릉직영점,http://place.map.kakao.com/11356521,127.052892633601,37.5040848203409
서울 강남구 역삼동 700-33,"음식점 > 한식 > 육류,고기 > 곱창,막창",별양집,http://place.map.kakao.com/7891890,127.04357369867394,37.50435442196001
서울 강남구 대치동 889-65,음식점 > 중식 > 중국요리,마담밍 선릉점,http://place.map.kakao.com/18283045,127.050300087601,37.5035021011843
서울 강남구 삼성동 142-46,"음식점 > 한식 > 육류,고기",경천애인2237 삼성본점,http://place.map.kakao.com/21306153,127.05255692332769,37.50596086312871
서울 강남구 대치동 895-11,"음식점 > 한식 > 육류,고기",진대감 선릉점,http://place.map.kakao.com/26565017,127.05400316360698,37.50398700929091
서울 강남구 대치동 890-45,음식점 > 술집 > 일본식주점,수다 대치점,http://place.map.kakao.com/1137715451,127.052670986216,37.5041137515496
서울 강남구 삼성동 113,음식점 > 한식 > 한정식,수담한정식 강남점,http://place.map.kakao.com/25744174,127.045938976373,37.510603796848
서울 강남구 대치동 897,음식점 > 분식,우리집만두 선릉본점,http://place.map.kakao.com/8470301,127.050037264968,37.5028390727179
서울 강남구 삼성동 140-29,"음식점 > 한식 > 육류,고기",김돈이 본점,http://place.map.kakao.com/12890589,127.049279408534,37.5060866146032
서울 강남구 대치동 894-18,"음식점 > 한식 > 육류,고기",풍년집 선릉점,http://place.map.kakao.com/7859872,127.0548626966346,37.50399562327686
서울 강남구 역삼동 696-31,"음식점 > 한식 > 해물,생선 > 회",통영집,http://place.map.kakao.com/27256514,127.047402228858,37.5064982411203
서울 강남구 대치동 891-44,음식점 > 한식 > 한정식,일품진진수라 선릉점,http://place.map.kakao.com/2032952073,127.0553384848672,37.50506129063783
서울 강남구 대치동 897-27,음식점 > 중식 > 양꼬치,미쓰양꼬치,http://place.map.kakao.com/23780221,127.05155406176743,37.50314115836914
서울 강남구 역삼동 641-18,"음식점 > 한식 > 찌개,전골",대우부대찌개,http://place.map.kakao.com/7819490,127.03521737405278,37.50269665557583
서울 강남구 역삼동 646-15,"음식점 > 한식 > 육류,고기 > 삼겹살",돝고기506,http://place.map.kakao.com/1511737742,127.03528426481694,37.50064504534292
서울 강남구 역삼동 669-18,음식점 > 양식 > 이탈리안,지아니스나폴리 역삼점,http://place.map.kakao.com/12026995,127.037556138412,37.5026707070231
서울 강남구 역삼동 736-32,"음식점 > 한식 > 육류,고기",육전식당 4호점,http://place.map.kakao.com/741391811,127.03490919928926,37.49906479206695
서울 강남구 역삼동 671-17,음식점 > 한식 > 곰탕,이도곰탕 본점,http://place.map.kakao.com/14569639,127.038461247911,37.5033732001773
서울 강남구 역삼동 726,음식점 > 중식,파크루안 역삼점,http://place.map.kakao.com/25155819,127.03851667866734,37.49899789750847
서울 강남구 역삼동 830-9,음식점 > 한식 > 순대,농민백암순대 강남직영점,http://place.map.kakao.com/16421356,127.03150463098274,37.49491300989233
서울 강남구 역삼동 823-35,음식점 > 한식 > 감자탕,신동궁감자탕뼈숯불구이 역삼직영점,http://place.map.kakao.com/7983060,127.03290815160956,37.49788594917416
서울 강남구 역삼동 648-9,음식점 > 양식 > 이탈리안,마노디셰프 강남점,http://place.map.kakao.com/7857136,127.03237184760157,37.4998701131357
서울 강남구 역삼동 823-16,음식점 > 한식 > 한정식,해담채 강남점,http://place.map.kakao.com/2142723351,127.03242183211198,37.497775259854485
서울 강남구 역삼동 669-15,"음식점 > 한식 > 육류,고기",진대감 역삼점,http://place.map.kakao.com/13112670,127.03719880010506,37.50274650456407
서울 강남구 역삼동 668-14,음식점 > 중식 > 중국요리,불이아 역삼점,http://place.map.kakao.com/23999472,127.03654333962912,37.50257795078648
서울 강남구 역삼동 723-30,"음식점 > 간식 > 제과,베이커리",바게트케이,http://place.map.kakao.com/27480112,127.041445246197,37.5002943551812
서울 강남구 역삼동 819-4,"음식점 > 한식 > 찌개,전골",강남진해장,http://place.map.kakao.com/1428481536,127.02930814350844,37.499584393000326
서울 강남구 역삼동 817-31,음식점 > 아시아음식 > 동남아음식 > 베트남음식,땀땀 본점,http://place.map.kakao.com/1238400864,127.0279785223454,37.50040282892629
서울 서초구 서초동 1303-37,음식점 > 샤브샤브,하이디라오 강남점,http://place.map.kakao.com/1372079546,127.02480140187946,37.502564150766105
서울 강남구 역삼동 822-4,"음식점 > 일식 > 초밥,롤",갓덴스시 강남점,http://place.map.kakao.com/13575898,127.029090699483,37.498777145173
서울 서초구 서초동 1316-29,음식점 > 한식 > 한정식,노랑저고리 강남점,http://place.map.kakao.com/22716674,127.0253484614826,37.49829326602763
서울 서초구 서초동 1328-11,"음식점 > 한식 > 육류,고기",고메램 강남점,http://place.map.kakao.com/1052874675,127.02860968978608,37.494799318551806
서울 서초구 서초동 1317-23,"음식점 > 양식 > 스테이크,립",로리스더프라임립,http://place.map.kakao.com/22211960,127.02590025308936,37.49808140984054
서울 서초구 서초동 1328-11,음식점 > 아시아음식 > 인도음식,바바인디아 강남역점,http://place.map.kakao.com/7880445,127.028578066374,37.4949029420047
서울 강남구 역삼동 826-37,음식점 > 한식 > 냉면,을밀대 강남점,http://place.map.kakao.com/12418029,127.030740331534,37.4952411777316
서울 강남구 역삼동 817-34,"음식점 > 한식 > 해물,생선",알부자 강남본점,http://place.map.kakao.com/11463001,127.027820307026,37.5007020002887
서울 서초구 서초동 1327-29,음식점 > 한식 > 국수,청류벽,http://place.map.kakao.com/770095922,127.02736582882774,37.49490503104327
서울 강남구 역삼동 826-20,"음식점 > 한식 > 육류,고기",창고43 강남점,http://place.map.kakao.com/1503746075,127.02931097525368,37.4952559571223
서울 서초구 서초동 1675-5,음식점 > 한식 > 냉면,서관면옥 교대본점,http://place.map.kakao.com/34321780,127.01725609065346,37.49397890313892
서울 서초구 서초동 1715-1,음식점 > 한식 > 설렁탕,이남장 서초점,http://place.map.kakao.com/8038873,127.012380026889,37.4937921052694
서울 서초구 서초동 1566-8,"음식점 > 한식 > 육류,고기",탐라도야지,http://place.map.kakao.com/9475630,127.013627677287,37.4896329178426
서울 서초구 서초동 1658-17,"음식점 > 일식 > 돈까스,우동",가츠오,http://place.map.kakao.com/1943855220,127.015265553371,37.4924078206345
서울 서초구 서초동 1571-29,음식점 > 중식 > 양꼬치,한성양갈비양꼬치 교대점,http://place.map.kakao.com/25807151,127.012329991931,37.4920910089091
서울 서초구 서초동 1685-8,음식점 > 한식 > 국수,샘밭막국수 서초점,http://place.map.kakao.com/130561410,127.016039622311,37.4952801285782
서울 서초구 서초동 1571-13,음식점 > 한식 > 두부전문점,황금콩밭,http://place.map.kakao.com/1121825214,127.01220564752109,37.49234330386076
서울 서초구 서초동 1658-1,"음식점 > 한식 > 육류,고기 > 족발,보쌈",바른식시골보쌈&감자옹심이 교대점,http://place.map.kakao.com/495667742,127.01477265677,37.4930385883572
서울 서초구 서초동 1551-9,음식점 > 한식 > 냉면,설눈,http://place.map.kakao.com/1495657850,127.009769801218,37.4912334893243
서울 서초구 서초동 1557-17,"음식점 > 한식 > 육류,고기 > 닭요리 > 삼계탕",3대삼계장인,http://place.map.kakao.com/1967338071,127.011556427233,37.4913558650832
서울 서초구 서초동 1572-11,음식점 > 한식,락희옥 서초교대역지점,http://place.map.kakao.com/1167488602,127.012022507256,37.4926316449732
서울 서초구 서초동 1671-1,음식점 > 중식,불이아 교대점,http://place.map.kakao.com/1252347522,127.014673239507,37.4935107284916
서울 서초구 서초동 1699-14,음식점 > 한식 > 설렁탕,푸주옥,http://place.map.kakao.com/10878103,127.01399968397216,37.49565520676267
서울 서초구 서초동 1660-3,음식점 > 중식 > 중국요리,중화백반 교대점,http://place.map.kakao.com/1353039490,127.015164872812,37.4922051069527
서울 서초구 서초동 1668-7,음식점 > 일식,미나미,http://place.map.kakao.com/18253256,127.018119869228,37.4933300487122
서울 서초구 서초동 1709-4,음식점 > 한식 > 한정식,대나무골,http://place.map.kakao.com/10257229,127.009010162444,37.4931869335573
서울 서초구 서초동 1557-7,음식점 > 한식 > 냉면,서초면옥 서초본점,http://place.map.kakao.com/11892071,127.011108614065,37.491154082368
서울 서초구 서초동 1555-9,음식점 > 한식 > 곰탕,이여곰탕,http://place.map.kakao.com/27547157,127.010878035144,37.4918208493168
서울 서초구 서초동 1553-15,음식점 > 한식 > 국수,소연 서초점,http://place.map.kakao.com/23641774,127.009014502397,37.4916624289064
서울 서초구 서초동 1709-2,음식점 > 한식 > 국수,신숙,http://place.map.kakao.com/7977432,127.008277387992,37.4930031817065
서울 서초구 서초동 1716-10,음식점 > 분식 > 떡볶이,광해즉석떡볶이,http://place.map.kakao.com/355548230,127.011543186942,37.4934930556443
서울 서초구 서초동 1572-2,음식점 > 중식 > 중국요리,뽕사부 교대점,http://place.map.kakao.com/971848820,127.01133951905734,37.49267135682148
서울 서초구 방배동 909-4,"음식점 > 양식 > 멕시칸,브라질",까르니브라질그릴,http://place.map.kakao.com/27099185,126.99665334812236,37.48205077063482
서울 서초구 방배동 911-19,"음식점 > 일식 > 초밥,롤",김태완스시 방배본점,http://place.map.kakao.com/501745730,126.99614456010649,37.4821768963684
서울 서초구 방배동 1021-14,"음식점 > 일식 > 돈까스,우동",댓짱돈까스 방배본점,http://place.map.kakao.com/11299831,127.0000678349968,37.47923966966667
서울 서초구 방배동 909-7,음식점 > 중식 > 중국요리,다리원,http://place.map.kakao.com/16447085,126.99691227959696,37.4816083823136
서울 서초구 방배동 983-11,음식점 > 양식,바게틴,http://place.map.kakao.com/915579316,126.99902542861236,37.47990190745774
서울 서초구 방배동 905-7,"음식점 > 한식 > 육류,고기 > 닭요리",신미경의정통춘천닭갈비,http://place.map.kakao.com/17203970,126.996268802426,37.4847249528354
서울 서초구 방배동 1020-2,음식점 > 중식 > 중국요리,만다린,http://place.map.kakao.com/10351286,127.00061955321,37.4784611959752
서울 서초구 방배동 983-3,음식점 > 일식 > 일식집,대판수사,http://place.map.kakao.com/10321284,126.998593522179,37.4809587868085
서울 서초구 방배동 910-5,음식점 > 중식 > 양꼬치,천희양꼬치,http://place.map.kakao.com/24998288,126.99624177990393,37.48245981626567
서울 서초구 방배동 983-41,"음식점 > 한식 > 해물,생선",오코다리 방배점,http://place.map.kakao.com/2055676263,126.998819654333,37.4803028546684
서울 서초구 방배동 983-11,"음식점 > 한식 > 육류,고기 > 곱창,막창",곱창이곶,http://place.map.kakao.com/1788209189,126.9989949016169,37.47997488895404
서울 서초구 방배동 911-19,"음식점 > 한식 > 해물,생선 > 아구",아구랜드 방배점,http://place.map.kakao.com/9214106,126.99609933687871,37.48214085452994
서울 서초구 방배동 936-4,"음식점 > 한식 > 육류,고기",선화의고기 방배본점,http://place.map.kakao.com/1090301830,126.993369575287,37.4869845544893
서울 서초구 방배동 909-9,음식점 > 패스트푸드 > 맥도날드,맥도날드 방배점,http://place.map.kakao.com/8331014,126.99710900507552,37.48166605186262
서울 서초구 방배동 872-7,"음식점 > 한식 > 육류,고기",호왕 서래본점,http://place.map.kakao.com/26992331,126.99222977073153,37.48755392212564
서울 동작구 사당동 1032-1,음식점 > 한식,전주전집,http://place.map.kakao.com/8078768,126.98064883021,37.4796525493038
서울 동작구 사당동 1041-7,음식점 > 한식 > 두부전문점,가마솥손두부,http://place.map.kakao.com/8106735,126.980192578158,37.4777351257611
서울 동작구 사당동 1042-5,"음식점 > 한식 > 육류,고기",불광옥,http://place.map.kakao.com/576618051,126.98080311588689,37.47759827308389
서울 동작구 사당동 1041-5,"음식점 > 한식 > 해물,생선",조가네갑오징어 사당점,http://place.map.kakao.com/21827385,126.9802038414578,37.47789550734037
서울 동작구 사당동 1031-13,"음식점 > 일식 > 초밥,롤",초와밥,http://place.map.kakao.com/27384429,126.981006226007,37.4791408340354
서울 서초구 방배동 450-17,"음식점 > 한식 > 해물,생선",속초어시장 방배점,http://place.map.kakao.com/519979180,126.983430611024,37.4772490790437
서울 동작구 사당동 1030-20,음식점 > 샤브샤브,소담촌 사당직영점,http://place.map.kakao.com/2005573719,126.981449076376,37.4805068343393
서울 관악구 남현동 1061-11,"음식점 > 한식 > 육류,고기 > 삼겹살",복돈이부추삼겹살 사당본점,http://place.map.kakao.com/20745677,126.98112028425254,37.4751655979334
서울 서초구 방배동 443-4,음식점 > 아시아음식 > 인도음식,깔리 사당점,http://place.map.kakao.com/1550451907,126.982286202764,37.4784706819014
서울 동작구 사당동 1038-27,"음식점 > 한식 > 육류,고기 > 족발,보쌈",천하무족,http://place.map.kakao.com/1607234004,126.978596175284,37.4779150492617
서울 서초구 방배동 451-36,음식점 > 양식 > 이탈리안,리에또,http://place.map.kakao.com/27311683,126.98338047719,37.4790078424685
서울 서초구 방배동 450-16,"음식점 > 한식 > 육류,고기",삼육가 사당역1호점,http://place.map.kakao.com/211389635,126.982964782184,37.4774292147177
서울 관악구 남현동 1060-2,"음식점 > 한식 > 해물,생선 > 회",속초오징어어시장 사당점,http://place.map.kakao.com/818697430,126.980134245029,37.4760123855221
서울 서초구 방배동 450-14,"음식점 > 한식 > 육류,고기 > 족발,보쌈",바른식 시골보쌈&감자옹심이 사당역별관점,http://place.map.kakao.com/25770378,126.9829511667976,37.47764365302684
서울 관악구 남현동 602-1,음식점 > 중식 > 양꼬치,만경양육관,http://place.map.kakao.com/13492205,126.98080141486392,37.475408819216966
서울 관악구 봉천동 1660-7,"음식점 > 간식 > 제과,베이커리",쟝블랑제리,http://place.map.kakao.com/16990385,126.961968234363,37.477157623199
서울 관악구 봉천동 1657-21,음식점 > 분식,오월의김밥,http://place.map.kakao.com/367274233,126.9645916226942,37.4760808309256
서울 관악구 봉천동 1620-38,음식점 > 한식 > 순대,기절초풍왕순대,http://place.map.kakao.com/16586486,126.95843584814,37.4781367317345
서울 관악구 봉천동 1625-1,음식점 > 한식,제주상회,http://place.map.kakao.com/27436494,126.95838209361229,37.47721227708221
서울 관악구 봉천동 1629-4,음식점 > 양식 > 스페인음식,엘따뻬오,http://place.map.kakao.com/2119986453,126.961805577991,37.4768764557411
서울 관악구 봉천동 1631-6,음식점 > 중식,화상손만두 낙성대점,http://place.map.kakao.com/1104645895,126.962949989127,37.4762749456769
서울 관악구 봉천동 1627-10,음식점 > 양식 > 이탈리안,베이컨시,http://place.map.kakao.com/1370145039,126.958901799382,37.4778485717066
서울 관악구 봉천동 1631-11,"음식점 > 한식 > 찌개,전골",청년밥상문간 낙성대점,http://place.map.kakao.com/1632044770,126.96277151781037,37.47596494223432
서울 관악구 봉천동 1612-40,음식점 > 일식,텐동요츠야,http://place.map.kakao.com/1226967920,126.95655214933412,37.47843879323853
서울 관악구 봉천동 1632-6,음식점 > 치킨,경원치킨 본점,http://place.map.kakao.com/27580388,126.96378669883,37.476044546585
서울 관악구 봉천동 1625-5,음식점 > 한식 > 쌈밥,시골집,http://place.map.kakao.com/9186293,126.958468200087,37.4768789338449
서울 관악구 봉천동 1619-1,"음식점 > 한식 > 육류,고기",고기굽는사람들 샤로수길본점,http://place.map.kakao.com/563659414,126.95645051298504,37.47824053376036
서울 관악구 봉천동 1621-17,음식점 > 양식,쥬벤쿠바,http://place.map.kakao.com/192812269,126.95728746246324,37.47766239121202
서울 관악구 봉천동 1613-2,"음식점 > 한식 > 육류,고기 > 삼겹살",백산식당,http://place.map.kakao.com/1507921206,126.95576411859332,37.47847724423464
서울 관악구 봉천동 1627-2,음식점 > 샤브샤브,두만강샤브샤브&중화요리,http://place.map.kakao.com/13306781,126.9590339959532,37.47799368013417
서울 관악구 봉천동 1603-3,음식점 > 일식,킷사서울,http://place.map.kakao.com/1153635092,126.95375917295634,37.47919458101109
서울 관악구 봉천동 865-2,"음식점 > 한식 > 육류,고기 > 곱창,막창",신기루황소곱창구이,http://place.map.kakao.com/392727294,126.9507268964839,37.47927714925279
서울 관악구 봉천동 1598-6,음식점 > 양식 > 이탈리안,모힝비스트로,http://place.map.kakao.com/18508537,126.953533145776,37.4790503308595
서울 관악구 봉천동 1601-11,"음식점 > 한식 > 해물,생선 > 조개",숙이네조개전골 서울대입구점,http://place.map.kakao.com/974308986,126.954902902007,37.4798942062041
서울 관악구 봉천동 858-4,"음식점 > 한식 > 해물,생선 > 아구",대호아구집,http://place.map.kakao.com/12058323,126.953662755264,37.481540770805
서울 관악구 봉천동 851-14,음식점 > 일식 > 일본식라면,라이라이켄,http://place.map.kakao.com/2067688877,126.95411239888828,37.4821004727666
서울 관악구 봉천동 856-5,음식점 > 아시아음식 > 인도음식,옷살 서울대입구본점,http://place.map.kakao.com/12740961,126.952999065048,37.4797637188979
서울 관악구 봉천동 1603-15,음식점 > 한식,어부사시가,http://place.map.kakao.com/285870106,126.954296310366,37.4790127861269
서울 관악구 봉천동 1602-37,음식점 > 중식 > 양꼬치,성민양꼬치 본점,http://place.map.kakao.com/11831468,126.95475378110504,37.47969953121933
서울 관악구 봉천동 860-36,"음식점 > 한식 > 육류,고기 > 삼겹살",그집 돼지 본점,http://place.map.kakao.com/964035366,126.952024982746,37.4825384348906
서울 관악구 신림동 1640-28,"음식점 > 한식 > 육류,고기 > 닭요리",신림춘천집 본점,http://place.map.kakao.com/26968158,126.928769125292,37.4835934973318
서울 관악구 신림동 1640-31,음식점 > 한식 > 순대,원조민속순대타운,http://place.map.kakao.com/15317417,126.92878301206056,37.48325742954093
서울 관악구 신림동 10-621,음식점 > 중식 > 중국요리,중화요리팔공,http://place.map.kakao.com/1518802779,126.9371129279526,37.48405234129973
서울 관악구 신림동 1433-60,음식점 > 한식 > 국수,막불감동,http://place.map.kakao.com/13491393,126.9282370537204,37.484290555848666
서울 관악구 신림동 1639-32,"음식점 > 한식 > 해물,생선",오첨지,http://place.map.kakao.com/8454873,126.928561470384,37.4831897201582
서울 관악구 신림동 1430-11,음식점 > 중식 > 중국요리,아리차이 신림점,http://place.map.kakao.com/8416287,126.928272317548,37.4876152971167
서울 관악구 신림동 1639-57,음식점 > 한식,서울밥집,http://place.map.kakao.com/1719812451,126.927571024602,37.4831927211807
서울 관악구 신림동 10-518,"음식점 > 한식 > 육류,고기 > 갈비",강강술래 신림점,http://place.map.kakao.com/10122642,126.935032063852,37.4845810083297
서울 관악구 신림동 1410-17,"음식점 > 한식 > 육류,고기 > 갈비",서울갈비 신림점,http://place.map.kakao.com/16090577,126.933593500042,37.4849874642852
서울 관악구 봉천동 959-4,"음식점 > 한식 > 육류,고기 > 족발,보쌈",정담은보쌈 신림점,http://place.map.kakao.com/18569567,126.93540238140316,37.48520831314562
서울 관악구 신림동 1638-1,음식점 > 분식 > 떡볶이,마뇨떡볶이 신림점,http://place.map.kakao.com/27388945,126.9289173950314,37.48223666774206
서울 관악구 신림동 75-42,음식점 > 중식 > 양꼬치,만성찬팅,http://place.map.kakao.com/27468513,126.93043165074168,37.48308451713054
서울 관악구 신림동 1433-128,"음식점 > 한식 > 육류,고기 > 닭요리",봄날의 햇살,http://place.map.kakao.com/2029556524,126.926628557774,37.4850049684984
서울 관악구 신림동 1604-35,"음식점 > 일식 > 초밥,롤",초밥아저씨,http://place.map.kakao.com/13563785,126.92772528611788,37.48033211293175
서울 관악구 신림동 1421-55,음식점 > 일식 > 일본식라면,신바야시 쇼쿠도,http://place.map.kakao.com/1680839770,126.93041845760688,37.48511898628203
서울 영등포구 대림동 989-3,음식점 > 중식 > 중국요리,동해반점,http://place.map.kakao.com/16733561,126.906366011708,37.4893839616869
서울 동작구 신대방동 687-14,"음식점 > 한식 > 육류,고기",등나무집,http://place.map.kakao.com/11891906,126.907941533509,37.4881309973486
서울 영등포구 대림동 963-9,음식점 > 한식 > 순대,삼거리먼지막순대국,http://place.map.kakao.com/9125675,126.90722019996258,37.491736264525
서울 관악구 신림동 507-29,"음식점 > 일식 > 돈까스,우동",온정돈까스 본점,http://place.map.kakao.com/27508076,126.91815324257718,37.482761296535365
서울 동작구 신대방동 719,음식점 > 뷔페 > 고메스퀘어,고메스퀘어 신대방점,http://place.map.kakao.com/1867204493,126.90603564894492,37.48772854850766
서울 관악구 신림동 517-26,"음식점 > 한식 > 육류,고기",골드식당,http://place.map.kakao.com/1802318506,126.914763600906,37.4867377520204
서울 관악구 신림동 518-3,음식점 > 치킨,칼포니치킨 신대방점,http://place.map.kakao.com/1558147000,126.913031539141,37.4865959325102
서울 관악구 신림동 1649-25,"음식점 > 한식 > 해물,생선 > 조개",물찬조개,http://place.map.kakao.com/27320515,126.90748668201444,37.48379228870549
서울 동작구 신대방동 692-44,음식점 > 일식 > 일본식라면,라쿠라쿠,http://place.map.kakao.com/1713786491,126.91165453215018,37.48740491690319
서울 관악구 신림동 513-11,음식점 > 중식 > 양꼬치,더낙원양꼬치,http://place.map.kakao.com/689262947,126.91440754614077,37.48465526500858
서울 관악구 신림동 519-3,음식점 > 중식 > 양꼬치,빈빈양꼬치,http://place.map.kakao.com/272532411,126.91356868852576,37.48555386044541
서울 관악구 신림동 525-29,음식점 > 한식 > 국수 > 칼국수,서우얼큰칼국수,http://place.map.kakao.com/16881588,126.91640055731835,37.482940271110095
서울 동작구 신대방동 693-12,음식점 > 아시아음식 > 동남아음식 > 베트남음식,호앙혼,http://place.map.kakao.com/544603176,126.910767422812,37.4869888856313
서울 영등포구 대림동 990-4,음식점 > 한식,맛뿔감자탕,http://place.map.kakao.com/26457257,126.90566137150772,37.48863736693188
서울 영등포구 대림동 960-4,음식점 > 치킨,삼우치킨센타,http://place.map.kakao.com/10432160,126.90824140113672,37.491642456342674
서울 구로구 구로동 811,음식점 > 양식 > 피자,라마노피자,http://place.map.kakao.com/27447057,126.899258307697,37.484256786546
서울 구로구 구로동 1124-69,"음식점 > 한식 > 육류,고기 > 닭요리",신림춘천집 구로디지털직영점,http://place.map.kakao.com/898970657,126.899823896113,37.4840626496785
서울 구로구 구로동 811,음식점 > 중식 > 중국요리,중화백반 구디직영점,http://place.map.kakao.com/525004956,126.89928201279312,37.48428563900998
서울 관악구 신림동 1644-9,"음식점 > 일식 > 초밥,롤",은행골 본점신관,http://place.map.kakao.com/16622909,126.9040485529807,37.48364989029002
서울 구로구 구로동 1124-54,"음식점 > 한식 > 육류,고기",형제특수부위,http://place.map.kakao.com/1798525932,126.899824635797,37.484355477964
서울 구로구 구로동 1125-10,"음식점 > 한식 > 육류,고기 > 족발,보쌈",대두족발,http://place.map.kakao.com/1157104232,126.900822281266,37.4831949199854
서울 구로구 구로동 1124-6,음식점 > 샤브샤브,복성루샤부샤부성,http://place.map.kakao.com/27270648,126.901036309239,37.4837969729922
서울 구로구 구로동 1272,음식점 > 중식 > 양꼬치,미식가양꼬치,http://place.map.kakao.com/1684524143,126.8999026172924,37.48268597570387
서울 관악구 신림동 1655-19,"음식점 > 한식 > 육류,고기",한우정육마당 구로점,http://place.map.kakao.com/16300902,126.901784189607,37.4825361853619
서울 구로구 구로동 1124-47,"음식점 > 한식 > 육류,고기 > 닭요리",사계진미숯불닭갈비 구로디지털점,http://place.map.kakao.com/220834817,126.90067476586108,37.48445080155222
서울 구로구 구로동 1124-69,"음식점 > 한식 > 육류,고기 > 삼겹살",마장동김씨 구로디지털점,http://place.map.kakao.com/1194366465,126.899901817494,37.4841329943595
서울 영등포구 대림동 1056-7,음식점 > 중식 > 중국요리,줘마양다리구이 본점,http://place.map.kakao.com/14550110,126.897240229752,37.4915784382992
서울 구로구 구로동 142-77,음식점 > 한식 > 순대,서일순대국 구로점,http://place.map.kakao.com/16475939,126.892799302059,37.491066324144
서울 영등포구 대림동 1116-15,음식점 > 한식 > 국수 > 칼국수,공주칼국수,http://place.map.kakao.com/20528749,126.8963737788407,37.49096409565799
서울 구로구 구로동 148-10,"음식점 > 한식 > 육류,고기 > 곱창,막창",김가네곱창구이 대림역본점,http://place.map.kakao.com/11260612,126.8934032889871,37.49095334374809
서울 영등포구 대림동 1051-84,음식점 > 중식 > 중국요리,아향부 본점,http://place.map.kakao.com/1255565067,126.896605713316,37.4925113279018
서울 영등포구 대림동 804-50,음식점 > 중식 > 양꼬치,신강양꼬치,http://place.map.kakao.com/16420877,126.89658130276705,37.49463317736479
서울 영등포구 대림동 1068-19,음식점 > 중식 > 중국요리,기와집사천요리,http://place.map.kakao.com/929758634,126.89795590438818,37.49082221266347
서울 영등포구 대림동 1057-68,음식점 > 중식 > 중국요리,봉선마라탕,http://place.map.kakao.com/1874276090,126.897791268323,37.4921483527279
서울 영등포구 대림동 719-1,음식점 > 중식 > 양꼬치,강뚝꼬치구이전문점,http://place.map.kakao.com/174312628,126.899248449144,37.4958067905293
서울 구로구 구로동 197-28,"음식점 > 술집 > 호프,요리주점",생앤맥주판,http://place.map.kakao.com/603837185,126.892826553615,37.48544676503
서울 영등포구 대림동 1055-1,음식점 > 중식 > 중국요리,산하신승부 대림본점,http://place.map.kakao.com/2104920209,126.896443005185,37.4924210847019
서울 구로구 구로동 1280,"음식점 > 일식 > 초밥,롤",행복한점,http://place.map.kakao.com/813774150,126.89076040452352,37.488829958544
서울 구로구 구로동 98-4,음식점 > 술집 > 일본식주점,라꾸긴,http://place.map.kakao.com/24529262,126.890282357662,37.4956158994029
서울 구로구 신도림동 337,"음식점 > 한식 > 육류,고기 > 족발,보쌈",신도림참족발 신도림점,http://place.map.kakao.com/19401876,126.887746727372,37.5094205223262
서울 영등포구 문래동2가 14-28,"음식점 > 술집 > 호프,요리주점",올드문래,http://place.map.kakao.com/266428861,126.89426082204484,37.51391353276547
서울 영등포구 문래동2가 49-1,음식점 > 치킨,양키통닭,http://place.map.kakao.com/1142427389,126.89276020265235,37.51366350287856
서울 구로구 신도림동 328-4,음식점 > 아시아음식 > 동남아음식 > 베트남음식,컴포 신도림점,http://place.map.kakao.com/1519489039,126.88771594921812,37.51184599597066
서울 영등포구 문래동4가 8-30,음식점 > 한식,소문난식당,http://place.map.kakao.com/10564343,126.88988346153226,37.51621069568098
서울 영등포구 문래동2가 42-19,"음식점 > 간식 > 제과,베이커리",러스트베이커리,http://place.map.kakao.com/1456174621,126.89371100418616,37.513186830345816
서울 구로구 신도림동 337,"음식점 > 한식 > 육류,고기 > 닭요리",신도림이도식당,http://place.map.kakao.com/190658485,126.8880811750744,37.509647892746
서울 구로구 구로동 29-22,"음식점 > 한식 > 육류,고기 > 닭요리",강촌숯불닭갈비 본점,http://place.map.kakao.com/18767096,126.891721612309,37.5044326670946
서울 영등포구 문래동2가 48-6,"음식점 > 한식 > 육류,고기 > 족발,보쌈",그믐족발 본점,http://place.map.kakao.com/1210497999,126.89308841454692,37.51352864985552
서울 영등포구 문래동2가 34-11,"음식점 > 한식 > 육류,고기",철산장,http://place.map.kakao.com/1806921850,126.89230797300108,37.51194217425649
서울 구로구 신도림동 338,음식점 > 술집 > 일본식주점,오사카로,http://place.map.kakao.com/291472633,126.889473244854,37.510579039781
서울 영등포구 문래동2가 42-2,"음식점 > 한식 > 육류,고기 > 오리",골목오리집,http://place.map.kakao.com/218867054,126.89312256591684,37.513375510146645
서울 영등포구 문래동2가 34-11,"음식점 > 술집 > 호프,요리주점",스몰,http://place.map.kakao.com/207844751,126.892176755413,37.5119510645957
서울 구로구 구로동 31,"음식점 > 한식 > 해물,생선 > 회",신선회수산 신도림점,http://place.map.kakao.com/27355280,126.8899796256192,37.50464009066921
서울 영등포구 문래동3가 58-35,"음식점 > 양식 > 스테이크,립",양키스그릴 문래점,http://place.map.kakao.com/2137063082,126.89496999511378,37.51474218774363
서울 영등포구 문래동3가 77-8,"음식점 > 간식 > 제과,베이커리",쉐프조,http://place.map.kakao.com/15825589,126.89278049720974,37.51924343410847
서울 영등포구 문래동4가 9-2,"음식점 > 한식 > 육류,고기 > 닭요리",능이버섯백숙,http://place.map.kakao.com/11279164,126.888871445967,37.5167341317029
서울 영등포구 문래동4가 8-26,음식점 > 한식 > 국수,영일분식,http://place.map.kakao.com/10651104,126.889681999476,37.5162915979781
서울 영등포구 양평동1가 9-37,"음식점 > 일식 > 초밥,롤",이한스시,http://place.map.kakao.com/1784717740,126.89035065600495,37.52159912708503
서울 영등포구 문래동3가 58-98,"음식점 > 한식 > 육류,고기",문래돼지불백,http://place.map.kakao.com/18855921,126.894258170574,37.5149911305962
서울 영등포구 문래동3가 58-75,음식점 > 양식,양키스버거앤피자,http://place.map.kakao.com/27494110,126.89482887736304,37.51454834642617
서울 영등포구 영등포동4가 147-2,음식점 > 한식 > 국수,서민준밀밭,http://place.map.kakao.com/12983266,126.9026692758466,37.52015299975266
서울 영등포구 문래동3가 55-5,"음식점 > 한식 > 육류,고기",동경화로 문래점,http://place.map.kakao.com/153708657,126.89583163628976,37.51737838537528
서울 영등포구 영등포동4가 98-12,음식점 > 중식 > 중국요리,송죽장,http://place.map.kakao.com/10546066,126.90469880525212,37.51825083573122
서울 영등포구 양평동4가 81,"음식점 > 한식 > 육류,고기",또순이네 양평동점,http://place.map.kakao.com/7851288,126.89529689817452,37.5357808716531
서울 영등포구 당산동6가 237-38,"음식점 > 한식 > 육류,고기 > 족발,보쌈",허브족발,http://place.map.kakao.com/21299769,126.902929284373,37.534251186225
서울 영등포구 당산동6가 313-1,"음식점 > 한식 > 육류,고기 > 곱창,막창",당산옛날곱창,http://place.map.kakao.com/26971510,126.90228518018988,37.535371499608544
서울 영등포구 당산동6가 291,"음식점 > 한식 > 육류,고기 > 족발,보쌈",이조보쌈집,http://place.map.kakao.com/23493474,126.90326320460984,37.535008300634495
서울 영등포구 당산동4가 49,음식점 > 중식 > 중국요리,대관원,http://place.map.kakao.com/27221935,126.89790789928044,37.52939956727965
서울 영등포구 당산동5가 36,"음식점 > 한식 > 육류,고기 > 곱창,막창",당산원조곱창,http://place.map.kakao.com/7814403,126.900531113161,37.5339320384568
서울 영등포구 당산동5가 35,"음식점 > 한식 > 해물,생선",당산빨간주꾸미,http://place.map.kakao.com/26874519,126.900472375802,37.5338599089222
서울 영등포구 당산동6가 326-3,음식점 > 한식,육갑식당 당산점,http://place.map.kakao.com/1628311219,126.90223947610974,37.53571384191528
서울 영등포구 당산동6가 333-2,"음식점 > 한식 > 육류,고기 > 갈비",대박굼터,http://place.map.kakao.com/25876907,126.901841745256,37.5353062598369
서울 영등포구 당산동5가 9-1,음식점 > 중식 > 양꼬치,준이네당산양꼬치,http://place.map.kakao.com/26854144,126.9006061423324,37.53366360344798
서울 영등포구 양평동4가 35,"음식점 > 한식 > 육류,고기",강강술래 당산점,http://place.map.kakao.com/1511775558,126.89667795055338,37.53527302285706
서울 영등포구 당산동6가 281,"음식점 > 술집 > 호프,요리주점",참새방앗간,http://place.map.kakao.com/16535146,126.903833441823,37.5350087663723
서울 영등포구 양평동3가 69,"음식점 > 간식 > 제과,베이커리",코끼리베이글,http://place.map.kakao.com/745164647,126.89341094862932,37.529312702162
서울 영등포구 당산동4가 31-2,"음식점 > 일식 > 돈까스,우동",우동가게,http://place.map.kakao.com/484528688,126.89921691236935,37.5302007806651
서울 영등포구 당산동5가 42,음식점 > 중식 > 중국요리,강남,http://place.map.kakao.com/11331205,126.90347865258128,37.53288211550146
서울 마포구 서교동 385-6,음식점 > 한식 > 곰탕,옥동식 서교점,http://place.map.kakao.com/1797997961,126.914521071507,37.5526765694055
서울 마포구 합정동 362-3,음식점 > 일식 > 일본식라면,오레노라멘 합정본점,http://place.map.kakao.com/1916682638,126.91783721734951,37.54725761707835
서울 마포구 합정동 372-27,"음식점 > 한식 > 육류,고기 > 족발,보쌈",각시보쌈,http://place.map.kakao.com/17781427,126.913449674268,37.5475112672559
서울 마포구 합정동 413-2,음식점 > 양식 > 이탈리안,스파카나폴리,http://place.map.kakao.com/16050660,126.915602703838,37.5488967594368
서울 마포구 합정동 388-15,"음식점 > 일식 > 돈까스,우동",최강금돈까스,http://place.map.kakao.com/1813321955,126.91093915717002,37.549916868129536
서울 마포구 서교동 394-17,음식점 > 양식,스케줄 합정,http://place.map.kakao.com/196078294,126.91607773123069,37.54912775359183
서울 마포구 서교동 391-5,"음식점 > 일식 > 돈까스,우동",우동카덴 합정점,http://place.map.kakao.com/24065719,126.915060893207,37.5516750493151
서울 마포구 망원동 386-4,"음식점 > 일식 > 돈까스,우동",망원동 즉석우동 전문돈까스 본점,http://place.map.kakao.com/15526158,126.91113318815265,37.5542454081282
서울 마포구 서교동 400-22,음식점 > 양식,빠넬로,http://place.map.kakao.com/22303849,126.918992543092,37.5493928807745
서울 마포구 서교동 375-35,음식점 > 중식,진진,http://place.map.kakao.com/1767349854,126.91845251500338,37.55376325035565
서울 마포구 서교동 391-18,음식점 > 일식 > 일본식라면,세상끝의라멘,http://place.map.kakao.com/561010883,126.91522613923168,37.55165624711295
서울 마포구 서교동 396-45,"음식점 > 한식 > 육류,고기",육지,http://place.map.kakao.com/931881312,126.917495034617,37.5497071933215
서울 마포구 합정동 391-5,"음식점 > 일식 > 돈까스,우동",크레이지카츠,http://place.map.kakao.com/83301316,126.90970501895276,37.5504475197438
서울 마포구 서교동 481-15,음식점 > 일식 > 일본식라면,담택 본점,http://place.map.kakao.com/1534943798,126.91516525478129,37.554451999412265
서울 마포구 서교동 394-93,음식점 > 중식,타오마라탕 합정본점,http://place.map.kakao.com/92793209,126.9152854529084,37.54924431762455
서울 마포구 동교동 166-14,음식점 > 중식 > 중국요리,하이디라오 홍대지점,http://place.map.kakao.com/1622865435,126.924760602353,37.5571921297692
서울 마포구 서교동 346-47,음식점 > 양식 > 이탈리안,프리모바치오바치 홍대본점,http://place.map.kakao.com/8123221,126.923703730493,37.5547839866237
서울 마포구 동교동 163-6,"음식점 > 한식 > 육류,고기 > 닭요리",장인닭갈비 홍대점,http://place.map.kakao.com/443293859,126.9228389569877,37.55491677229308
서울 마포구 서교동 346-31,"음식점 > 일식 > 돈까스,우동",가미우동,http://place.map.kakao.com/13337463,126.923857747432,37.5546831743202
서울 마포구 서교동 333-23,음식점 > 일식,스아게K,http://place.map.kakao.com/138967530,126.92623520478044,37.55497750773826
서울 마포구 동교동 152-11,음식점 > 중식 > 중국요리,중화복춘 연남공원,http://place.map.kakao.com/965893653,126.924296449184,37.5595596531777
서울 마포구 서교동 369-4,음식점 > 한식,홍대 조선시대,http://place.map.kakao.com/1985225055,126.92150590347114,37.55264537945837
서울 마포구 동교동 197-5,"음식점 > 한식 > 육류,고기 > 곱창,막창",마포곱창타운,http://place.map.kakao.com/10341266,126.922522306247,37.5590647560241
서울 마포구 서교동 331-21,"음식점 > 한식 > 해물,생선",홍스쭈꾸미 홍대본점,http://place.map.kakao.com/11786671,126.926097071033,37.5561874609149
서울 마포구 서교동 351-13,음식점 > 아시아음식 > 동남아음식 > 태국음식,어메이징농카이,http://place.map.kakao.com/22300586,126.91991866431744,37.55532928659496
서울 마포구 연남동 228-56,음식점 > 한식,수라간,http://place.map.kakao.com/78995073,126.92465619202022,37.56197455425837
서울 마포구 연남동 383-95,음식점 > 중식 > 중국요리,연교,http://place.map.kakao.com/934767425,126.926671215681,37.5616046124056
서울 마포구 서교동 364-10,음식점 > 일식,우와 홍대본점,http://place.map.kakao.com/400281849,126.922172337916,37.5516835548182
서울 서대문구 창천동 448,"음식점 > 간식 > 제과,베이커리",만동제과,http://place.map.kakao.com/1165755646,126.9272688897718,37.56153290237703
서울 서대문구 창천동 31-26,"음식점 > 일식 > 돈까스,우동",꼬숑돈까스,http://place.map.kakao.com/27144649,126.93729990100826,37.55790763826086
서울 서대문구 창천동 53-8,"음식점 > 한식 > 해물,생선",고삼이 신촌점,http://place.map.kakao.com/17505297,126.934728159431,37.5583189012137
서울 서대문구 창천동 31-26,"음식점 > 한식 > 육류,고기 > 갈비",신촌형제갈비,http://place.map.kakao.com/15937430,126.937422275343,37.5577365137263
서울 서대문구 창천동 62-18,음식점 > 퓨전요리,정육면체,http://place.map.kakao.com/1705674698,126.934552945136,37.5567835050414
서울 서대문구 창천동 62-67,"음식점 > 한식 > 육류,고기 > 갈비",통큰갈비 신촌본점,http://place.map.kakao.com/69756475,126.93343450384,37.5570856148688
서울 서대문구 창천동 30-10,음식점 > 한식 > 수제비,신촌수제비,http://place.map.kakao.com/12502450,126.93637129136783,37.55590152153656
서울 서대문구 창천동 57-39,"음식점 > 한식 > 육류,고기 > 갈비",소신이쏘 신촌점,http://place.map.kakao.com/26522526,126.935548521559,37.5572093234013
서울 서대문구 창천동 18-11,"음식점 > 양식 > 멕시칸,브라질",이빠네마그릴,http://place.map.kakao.com/27560694,126.93735732674016,37.55690756184408
서울 서대문구 창천동 2-44,음식점 > 양식 > 이탈리안,라구식당,http://place.map.kakao.com/26976526,126.938435096653,37.5592471172295
서울 서대문구 창천동 5-35,음식점 > 중식 > 중국요리,완차이,http://place.map.kakao.com/10621045,126.939390759814,37.5587142214689
서울 서대문구 창천동 52-67,"음식점 > 한식 > 육류,고기",더도이축산직영점 신촌본점,http://place.map.kakao.com/1473260841,126.935421302621,37.5577444462161
서울 서대문구 창천동 18-72,"음식점 > 한식 > 육류,고기 > 닭요리",유닭스토리 닭한마리 신촌점,http://place.map.kakao.com/19243601,126.93736850101,37.557078757253215
서울 마포구 동교동 186-22,"음식점 > 간식 > 제과,베이커리",김진환제과점,http://place.map.kakao.com/11831384,126.9325379270653,37.554823602507575
서울 서대문구 창천동 57-8,"음식점 > 한식 > 육류,고기 > 닭요리",춘천집닭갈비막국수 신촌,http://place.map.kakao.com/1036334993,126.936114561318,37.5570222236031
서울 서대문구 창천동 62-11,"음식점 > 일식 > 초밥,롤",여우골 신촌점,http://place.map.kakao.com/27015866,126.93495271555165,37.556482792849415
서울 서대문구 대현동 27-20,음식점 > 분식,미스터서왕만두,http://place.map.kakao.com/26786725,126.94335813051916,37.55809089944088
서울 서대문구 대현동 101-10,"음식점 > 일식 > 초밥,롤",연어초밥,http://place.map.kakao.com/1249793784,126.9433893086781,37.55727100695153
서울 서대문구 대현동 53-9,음식점 > 아시아음식 > 동남아음식,까이식당,http://place.map.kakao.com/1675286779,126.94622696607571,37.5583832629303
서울 서대문구 대현동 27-46,"음식점 > 간식 > 제과,베이커리",비밀베이커리 이대점,http://place.map.kakao.com/1581324681,126.943116710815,37.5585538958815
서울 서대문구 대현동 56-76,음식점 > 아시아음식 > 인도음식,아건 이대점,http://place.map.kakao.com/12428606,126.94554998152988,37.55863252885506
서울 서대문구 대현동 110-15,"음식점 > 한식 > 찌개,전골",고냉지,http://place.map.kakao.com/15863783,126.942215861247,37.5584921906342
서울 서대문구 대현동 56-24,음식점 > 중식 > 중국요리,천진분식,http://place.map.kakao.com/1905952081,126.945267293243,37.5582810092885
서울 서대문구 대현동 56-33,음식점 > 분식,삭,http://place.map.kakao.com/12162444,126.94509541932244,37.55806829416838
서울 서대문구 대현동 104-69,"음식점 > 한식 > 육류,고기 > 닭요리",공릉닭한마리,http://place.map.kakao.com/8660964,126.94108063059244,37.557125717889136
서울 서대문구 대현동 104-18,"음식점 > 한식 > 육류,고기",제주도로담,http://place.map.kakao.com/26874816,126.942311469716,37.5577930636263
서울 서대문구 대현동 45-33,음식점 > 일식,유소바,http://place.map.kakao.com/1972213035,126.946162134593,37.5572551849175
서울 마포구 공덕동 105-127,"음식점 > 한식 > 해물,생선 > 게,대게",진미식당,http://place.map.kakao.com/1386489124,126.95579734486304,37.550608920427024
서울 중구 중림동 200,"음식점 > 한식 > 육류,고기",두툼,http://place.map.kakao.com/26939037,126.966205121367,37.5583573345869
서울 서대문구 북아현동 154-1,음식점 > 한식 > 해장국,북성해장국,http://place.map.kakao.com/20616798,126.955145715438,37.5578166567904
서울 서대문구 북아현동 134-3,"음식점 > 간식 > 제과,베이커리",파파브레드,http://place.map.kakao.com/15836783,126.956861236369,37.5582353587404
서울 서대문구 충정로3가 150-1,음식점 > 분식 > 떡볶이,철길떡볶이,http://place.map.kakao.com/25880887,126.9634698269552,37.56255967019375
서울 마포구 아현동 282-1,"음식점 > 한식 > 해물,생선 > 게,대게",아현동간장게장,http://place.map.kakao.com/11755765,126.955504925248,37.5551750682873
서울 서대문구 북아현동 135-9,"음식점 > 술집 > 호프,요리주점",테라스,http://place.map.kakao.com/16962310,126.956399778584,37.5577090068771
서울 서대문구 북아현동 221-14,"음식점 > 한식 > 육류,고기 > 닭요리",아현닭발,http://place.map.kakao.com/15455044,126.951288949216,37.5573502140572
서울 마포구 공덕동 232-9,"음식점 > 간식 > 제과,베이커리",파네트,http://place.map.kakao.com/26605841,126.953182080692,37.5487951035613
서울 마포구 아현동 330-4,"음식점 > 한식 > 육류,고기",편백집 아현점,http://place.map.kakao.com/763923419,126.955005809479,37.5570958057451
서울 마포구 아현동 346-22,음식점 > 한식 > 순대,은성순대국,http://place.map.kakao.com/15954934,126.95320194475792,37.55684282529818
서울 마포구 공덕동 469,"음식점 > 일식 > 초밥,롤",이요이요스시 공덕1호점,http://place.map.kakao.com/20627074,126.952764789306,37.550142831097
서울 마포구 아현동 332-21,음식점 > 분식,마포분식,http://place.map.kakao.com/1768673756,126.953375207023,37.5566762093252
서울 중구 중림동 400-6,"음식점 > 한식 > 육류,고기 > 곱창,막창",마포대도소곱창,http://place.map.kakao.com/27119857,126.96226626169,37.558900343723
서울 중구 중림동 150-1,음식점 > 한식,도마 중림점,http://place.map.kakao.com/302317049,126.96716947162,37.5581846152161
서울 중구 중림동 468,음식점 > 한식 > 설렁탕,중림장,http://place.map.kakao.com/8079539,126.96771296267713,37.56025345426618
서울 서대문구 합동 10-1,음식점 > 한식,독박골맛있는집,http://place.map.kakao.com/16042441,126.967824235007,37.5620590821059
서울 중구 만리동1가 34,"음식점 > 한식 > 육류,고기 > 삼겹살",국민회관,http://place.map.kakao.com/221927024,126.96811874112136,37.55620808718745
서울 중구 정동 28-2,"음식점 > 양식 > 스테이크,립",정원레스토랑 어반가든,http://place.map.kakao.com/15982071,126.969202859743,37.5674329910375
서울 서대문구 충정로3가 272,"음식점 > 한식 > 육류,고기",고릴라,http://place.map.kakao.com/12441941,126.963709437731,37.5609262371945
서울 중구 만리동1가 62-36,음식점 > 퓨전요리,베리키친,http://place.map.kakao.com/26644530,126.9679717839545,37.55581160850519
서울 중구 중림동 128-23,음식점 > 한식,이조식당,http://place.map.kakao.com/820527185,126.968310524991,37.5576551406127
서울 서대문구 충정로2가 157,음식점 > 한식 > 한정식,사조미가,http://place.map.kakao.com/9923165,126.96657365073813,37.56438690939992
서울 종로구 행촌동 209-35,음식점 > 한식 > 국밥,대성집,http://place.map.kakao.com/24448306,126.96088845235444,37.57270495616192
서울 종로구 행촌동 1-64,음식점 > 한식,능라밥상,http://place.map.kakao.com/18080093,126.96400246153804,37.57292939351623
서울 서대문구 영천동 291,"음식점 > 간식 > 제과,베이커리",달인꽈배기,http://place.map.kakao.com/11786326,126.96074318837805,37.571250701917045
서울 종로구 행촌동 209-11,음식점 > 양식 > 이탈리안,독립밀방,http://place.map.kakao.com/345093504,126.96062923606698,37.57268504810936
서울 종로구 무악동 67-2,음식점 > 한식,다솜자연밥상,http://place.map.kakao.com/21242362,126.95709584938112,37.57541202890808
서울 서대문구 영천동 198,음식점 > 한식 > 국수 > 칼국수,도깨비손칼국수 본사직영점,http://place.map.kakao.com/995817953,126.96142169622172,37.570366148262686
서울 종로구 행촌동 209-8,"음식점 > 한식 > 육류,고기 > 갈비",명원숯불갈비,http://place.map.kakao.com/8992389,126.9600719919191,37.57325248774019
서울 서대문구 냉천동 20-1,"음식점 > 한식 > 찌개,전골",한옥집김치찜 서대문본점,http://place.map.kakao.com/16732242,126.96443532198144,37.56724874896658
서울 종로구 무악동 45-313,음식점 > 한식,앗싸복만두,http://place.map.kakao.com/1856603675,126.95809012331875,37.57479340280408
서울 종로구 무악동 82,음식점 > 한식,상구네집,http://place.map.kakao.com/269060291,126.95910013739,37.5743423587269
서울 종로구 무악동 43,"음식점 > 한식 > 육류,고기 > 갈비",덕송숯불갈비,http://place.map.kakao.com/15813937,126.95794630940432,37.57487624315931
서울 서대문구 영천동 333,음식점 > 한식 > 순대,석교식당,http://place.map.kakao.com/16499325,126.962342190313,37.5699465816414
서울 종로구 행촌동 209-76,"음식점 > 한식 > 육류,고기 > 갈비",동영숯불갈비,http://place.map.kakao.com/10280976,126.95993055288908,37.573138013469055
서울 종로구 무악동 89,음식점 > 일식,소보로식당,http://place.map.kakao.com/1982446201,126.9591208708014,37.57368914471208
서울 종로구 무악동 82,음식점 > 한식 > 순대,옛날순대,http://place.map.kakao.com/27515819,126.95910574476812,37.574438767101
서울 종로구 체부동 85-1,"음식점 > 한식 > 육류,고기 > 닭요리 > 삼계탕",토속촌삼계탕,http://place.map.kakao.com/26545925,126.971494461387,37.5777229294346
서울 종로구 내자동 1-2,"음식점 > 술집 > 호프,요리주점",안주마을,http://place.map.kakao.com/16983115,126.97216738211804,37.5764580940028
서울 종로구 체부동 190,음식점 > 한식 > 국수,체부동잔치집,http://place.map.kakao.com/14951761,126.971467749625,37.5765227985737
서울 종로구 내자동 11-1,"음식점 > 한식 > 해물,생선",서촌계단집,http://place.map.kakao.com/19156993,126.97142477329608,37.57641376785623
서울 종로구 통의동 35-12,음식점 > 중식 > 중국요리,도량,http://place.map.kakao.com/811744471,126.97250417817,37.5779682393559
서울 종로구 당주동 128-14,음식점 > 한식 > 감자탕,광화문뚝감,http://place.map.kakao.com/18363906,126.97258332291042,37.57206674297403
서울 종로구 필운동 202,음식점 > 분식,라면점빵,http://place.map.kakao.com/8931203,126.970109253696,37.5766053538961
서울 종로구 내수동 167,음식점 > 한식,평안도만두집,http://place.map.kakao.com/8122006,126.97327255295852,37.572483160738
서울 종로구 체부동 28-2,음식점 > 일식 > 일본식라면,칸다소바 경복궁점,http://place.map.kakao.com/92217418,126.971263344488,37.578176974463
서울 종로구 내수동 72,음식점 > 한식,사발,http://place.map.kakao.com/11834457,126.97244689454048,37.57366868023194
서울 종로구 필운동 164,"음식점 > 한식 > 육류,고기 > 삼겹살",김진목삼,http://place.map.kakao.com/184807309,126.96951696857136,37.57714760102365
서울 종로구 당주동 40,음식점 > 한식 > 순대,화목순대국 광화문1호점,http://place.map.kakao.com/15431872,126.97473438948012,37.5711932576364
서울 종로구 재동 84-22,음식점 > 분식,깡통만두,http://place.map.kakao.com/19158798,126.986084505317,37.5781652360883
서울 종로구 안국동 159-2,음식점 > 일식 > 일본식라면,오레노라멘 인사점,http://place.map.kakao.com/1179567185,126.9845588178712,37.57645676120399
서울 종로구 관훈동 15-1,음식점 > 한식,도마 인사점,http://place.map.kakao.com/1367229148,126.985845335161,37.5737791664368
서울 종로구 소격동 84,음식점 > 한식 > 국수 > 칼국수,황생가칼국수,http://place.map.kakao.com/7904353,126.98064098689736,37.58006016029821
서울 종로구 관훈동 29-2,음식점 > 한식 > 수제비,인사동수제비,http://place.map.kakao.com/11162975,126.986053557287,37.5741431931209
서울 종로구 관훈동 29-4,음식점 > 한식,인사동마늘보쌈,http://place.map.kakao.com/890992896,126.98617132231584,37.573952196078565
서울 종로구 계동 101-12,음식점 > 패스트푸드 > 샌드위치,소금집델리 안국,http://place.map.kakao.com/185267351,126.98623370164968,37.5794572790689
서울 중구 필동3가 10-2,"음식점 > 한식 > 육류,고기 > 닭요리",동대닭한마리 본점,http://place.map.kakao.com/25085251,126.997423983442,37.5609930542564
서울 중구 충무로3가 30-13,음식점 > 한식,진고개,http://place.map.kakao.com/8588563,126.992815020959,37.5630939878878
서울 중구 초동 17-4,"음식점 > 양식 > 멕시칸,브라질",올디스타코,http://place.map.kakao.com/457395048,126.99293481089084,37.56506447406918
서울 중구 필동1가 3-20,"음식점 > 한식 > 해물,생선",충무로쭈꾸미불고기 본점,http://place.map.kakao.com/8082703,126.99220283202686,37.56173614720316
서울 중구 장충동2가 202,음식점 > 뷔페,서울신라호텔 더 파크뷰,http://place.map.kakao.com/7981207,127.005174317802,37.5559077408633
서울 중구 신당동 425-18,음식점 > 한식 > 국수,만포막국수,http://place.map.kakao.com/21722308,127.0103186337626,37.55583009776269
서울 중구 신당동 370-69,"음식점 > 한식 > 육류,고기",금돼지식당,http://place.map.kakao.com/1065693087,127.01167974212188,37.55705875134064
서울 중구 장충동2가 186-54,음식점 > 뷔페,앰배서더서울풀만 더킹스,http://place.map.kakao.com/8197726,127.0023201974234,37.56007764674424
서울 중구 장충동1가 62-10,"음식점 > 한식 > 육류,고기 > 족발,보쌈",뚱뚱이할머니집,http://place.map.kakao.com/7858198,127.005844659788,37.5604090917417
서울 중구 장충동2가 24-29,음식점 > 양식 > 피자,도치피자 장충,http://place.map.kakao.com/18215030,127.005043356283,37.5606614078118
서울 중구 장충동2가 190-15,음식점 > 양식,서울다이닝,http://place.map.kakao.com/1236048651,127.003626259501,37.5592667165557
서울 중구 신당동 432-117,음식점 > 한식,처가집,http://place.map.kakao.com/16445172,127.0082048049484,37.55304329718027
서울 강남구 신사동 569-31,"음식점 > 간식 > 떡,한과",압구정공주떡,http://place.map.kakao.com/8746906,127.0274667941572,37.52356596669052
서울 강남구 신사동 603-1,"음식점 > 양식 > 스테이크,립",텍사스데브라질 압구정점,http://place.map.kakao.com/1248615345,127.028865697479,37.5253207856728
서울 강남구 신사동 610-3,음식점 > 한식 > 냉면,압구정면옥,http://place.map.kakao.com/1224432398,127.02905166804152,37.526457804770274
서울 강남구 신사동 619-4,음식점 > 한식,한일관 압구정점,http://place.map.kakao.com/8475048,127.032491399045,37.5278246295028
서울 강남구 신사동 623-5,"음식점 > 한식 > 육류,고기",삼원가든,http://place.map.kakao.com/19351143,127.03264282010882,37.52482605288599
서울 강남구 신사동 608-8,음식점 > 중식,가담,http://place.map.kakao.com/10954377,127.030268909066,37.5263764088911
서울 강남구 신사동 615,"음식점 > 한식 > 육류,고기",신미식당,http://place.map.kakao.com/11892123,127.03087366251374,37.52793498570478
서울 강남구 신사동 576-6,"음식점 > 한식 > 해물,생선",청초수물회섭국 강남점,http://place.map.kakao.com/699742929,127.02747863210529,37.524998557729816
서울 강남구 신사동 567-23,"음식점 > 양식 > 스테이크,립",마초 스테이크,http://place.map.kakao.com/1250460135,127.027338798658,37.5231163961185
서울 강남구 신사동 549-9,"음식점 > 술집 > 호프,요리주점",한잔의추억,http://place.map.kakao.com/12250697,127.0233491754678,37.52400834370954
서울 강남구 신사동 663,"음식점 > 한식 > 해물,생선",뱃고동,http://place.map.kakao.com/25046575,127.03804340336,37.5268498895352
서울 강남구 신사동 603,음식점 > 양식,치즈룸,http://place.map.kakao.com/2007335630,127.02885890703344,37.525313579314485
서울 강남구 신사동 657-5,음식점 > 중식 > 중국요리,골드피쉬딤섬퀴진,http://place.map.kakao.com/24010315,127.03710064350304,37.52607082269057
서울 강남구 신사동 600-6,음식점 > 중식 > 중국요리,일일향 압구정1호점,http://place.map.kakao.com/66544493,127.03036844558628,37.52354273117442
서울 강남구 신사동 600-1,"음식점 > 한식 > 육류,고기",우미학 압구정 본점,http://place.map.kakao.com/26821640,127.02945793174348,37.52390786778749
서울 서초구 반포동 118-3,음식점 > 양식,텍사스데브라질 센트럴시티점,http://place.map.kakao.com/26930532,127.006193108447,37.5038838621865
서울 서초구 반포동 118-3,음식점 > 중식 > 중국요리,모던눌랑 센트럴시티점,http://place.map.kakao.com/184125380,127.006740506765,37.5040640333231
서울 서초구 반포동 18-3,음식점 > 한식 > 한정식,산들해 반포점,http://place.map.kakao.com/11781456,127.00085048512,37.5045111212843
서울 서초구 반포동 19-3,음식점 > 뷔페,JW메리어트호텔서울 플레이버즈,http://place.map.kakao.com/360787491,127.004664067157,37.50403800439727
서울 서초구 반포동 54-10,음식점 > 일식,마루심 반포점,http://place.map.kakao.com/13582855,127.010481410861,37.5018941389855
서울 서초구 반포동 19-3,음식점 > 푸드코트,하우스오브신세계,http://place.map.kakao.com/1325773667,127.004838252693,37.5043191110961
서울 서초구 잠원동 72-2,음식점 > 치킨,한신치킨호프,http://place.map.kakao.com/8611462,127.003565002416,37.5087818347685
서울 서초구 반포동 118-3,"음식점 > 술집 > 호프,요리주점",데블스도어 센트럴시티점,http://place.map.kakao.com/26330704,127.00894597828004,37.50493876315885
서울 서초구 잠원동 69-5,"음식점 > 술집 > 호프,요리주점",하트타임,http://place.map.kakao.com/13724756,127.005388068075,37.5066589980308
서울 서초구 반포동 19-11,음식점 > 일식 > 일식집,일상정원 센트럴시티점,http://place.map.kakao.com/1286932827,127.00429192950244,37.50311628979772
서울 서초구 잠원동 69-5,"음식점 > 한식 > 찌개,전골",일번지육개장,http://place.map.kakao.com/19622099,127.00530550149368,37.50660494146141
서울 서초구 반포동 19-3,음식점 > 샤브샤브,모던샤브하우스 센트럴시티점,http://place.map.kakao.com/2023191026,127.0035907487232,37.50320010671708
서울 서초구 반포동 19-3,음식점 > 패밀리레스토랑 > 아웃백스테이크하우스,아웃백스테이크하우스 센트럴시티점,http://place.map.kakao.com/10592275,127.0036868815292,37.5032514610698
서울 서초구 반포동 19-11,"음식점 > 양식 > 멕시칸,브라질",슈가스컬 센트럴시티점,http://place.map.kakao.com/1287091788,127.00425800299696,37.50314782622311
서울 서초구 반포동 19-3,"음식점 > 간식 > 제과,베이커리",베통키츠네트 신세계백화점 강남점,http://place.map.kakao.com/1352964371,127.004318067293,37.5053057321647
서울 서초구 서초동 1445-13,"음식점 > 간식 > 제과,베이커리",루엘드파리 서초본점,http://place.map.kakao.com/26455895,127.01727639915624,37.4839596934158
서울 서초구 서초동 1451-9,음식점 > 한식,봉산옥 서초동본점,http://place.map.kakao.com/7908112,127.01246536288951,37.48334671207511
서울 서초구 서초동 1600-9,음식점 > 한식 > 한정식,해담채 남부터미널점,http://place.map.kakao.com/144229142,127.015101403915,37.4858665252586
서울 서초구 서초동 1594-3,"음식점 > 한식 > 육류,고기",진대감 서초점,http://place.map.kakao.com/816498360,127.01404889469212,37.48670369173191
서울 서초구 서초동 1457-4,음식점 > 한식,예술상회,http://place.map.kakao.com/870803372,127.01428358982837,37.4841321857658
서울 서초구 서초동 1439-1,"음식점 > 한식 > 해물,생선 > 게,대게",크래버대게나라 서초점,http://place.map.kakao.com/21806199,127.0215056909696,37.48620791623802
서울 서초구 서초동 1578-4,음식점 > 양식 > 햄버거,소울버킷 서초교대,http://place.map.kakao.com/623931326,127.014301372882,37.4884507159867
서울 서초구 서초동 1476-10,음식점 > 양식 > 프랑스음식,메종조 서초,http://place.map.kakao.com/853446189,127.01011908964236,37.48197830400028
서울 서초구 서초동 1451-52,"음식점 > 일식 > 돈까스,우동",허수아비돈까스,http://place.map.kakao.com/10916911,127.01273989196127,37.48206454732818
서울 서초구 서초동 1450-6,음식점 > 한식 > 두부전문점,백년옥 본관,http://place.map.kakao.com/7885551,127.01377086131224,37.48118504695074
서울 서초구 서초동 1458-6,"음식점 > 일식 > 초밥,롤",뱅스시,http://place.map.kakao.com/629877383,127.013690014814,37.4842412780671
서울 서초구 서초동 1623-3,음식점 > 한식 > 냉면,더진미평냉,http://place.map.kakao.com/722848172,127.0156149879574,37.48708642357224
서울 서초구 서초동 1442-9,음식점 > 아시아음식 > 동남아음식 > 태국음식,레몬그라스타이,http://place.map.kakao.com/358397965,127.0213200174232,37.48536100210304
서울 서초구 서초동 1564-13,"음식점 > 한식 > 육류,고기",육통령 교대직영점,http://place.map.kakao.com/1561071736,127.01377678834052,37.48883460766896
서울 서초구 서초동 1365,음식점 > 한식 > 국수 > 칼국수,임병주 산동칼국수,http://place.map.kakao.com/25038356,127.03003042469688,37.48456982587015
서울 서초구 양재동 24-6,음식점 > 뷔페,디오디아2.0,http://place.map.kakao.com/7850610,127.03566459833957,37.48235358031832
서울 서초구 양재동 24,음식점 > 한식 > 한정식,산들해 양재동점,http://place.map.kakao.com/9063870,127.03504972839151,37.4827664263256
서울 강남구 도곡동 948-13,음식점 > 양식,로마옥 도곡,http://place.map.kakao.com/237005010,127.03408494512362,37.48697261578926
서울 서초구 서초동 1363-7,"음식점 > 한식 > 육류,고기",자인뭉티기,http://place.map.kakao.com/9412618,127.03213372107246,37.485181958260895
서울 강남구 도곡동 950-5,음식점 > 분식,작은공간,http://place.map.kakao.com/14590990,127.035540112817,37.4868820862099
서울 서초구 서초동 1358-8,음식점 > 양식 > 햄버거,크라이치즈버거 양재역점,http://place.map.kakao.com/539250139,127.031935604809,37.4872543308294
서울 서초구 서초동 1340-5,"음식점 > 한식 > 육류,고기",버드나무집 서초본점,http://place.map.kakao.com/8323721,127.0311629855974,37.48913764364786
서울 서초구 양재동 2-3,"음식점 > 한식 > 육류,고기 > 갈비",설마중,http://place.map.kakao.com/26410902,127.040369448949,37.4850100417281
서울 강남구 도곡동 954-16,"음식점 > 양식 > 스테이크,립",양인환대 양재점,http://place.map.kakao.com/292351555,127.035376651575,37.4855234149168
서울 서초구 양재동 13-9,"음식점 > 한식 > 해물,생선",강촌원조쭈꾸미 본점,http://place.map.kakao.com/13291936,127.03619534668032,37.48335443957676
서울 서초구 서초동 1360-47,"음식점 > 한식 > 해물,생선 > 장어",황재벌,http://place.map.kakao.com/15862367,127.03146702024928,37.486126394387945
서울 서초구 서초동 1357-60,"음식점 > 일식 > 초밥,롤",진스시,http://place.map.kakao.com/27082190,127.031121610146,37.4875248504576
서울 강남구 도곡동 943-2,음식점 > 한식,뱅뱅막국수,http://place.map.kakao.com/1391619096,127.03283895681147,37.48965346709964
서울 서초구 양재동 11-49,음식점 > 아시아음식 > 동남아음식 > 태국음식,태국식당356,http://place.map.kakao.com/957969643,127.0366106613926,37.484108455792175
서울 강남구 대치동 316,음식점 > 분식,튀김아저씨,http://place.map.kakao.com/2116206652,127.0629986899693,37.49579240987602
서울 강남구 대치동 630,음식점 > 한식,대치사월에보리밥,http://place.map.kakao.com/7915107,127.058438994692,37.4926610514657
서울 강남구 대치동 628,음식점 > 한식,봉피양 대치점,http://place.map.kakao.com/697719963,127.05886890371036,37.49292933814326
서울 강남구 대치동 988-2,"음식점 > 한식 > 해물,생선",할매재첩국,http://place.map.kakao.com/8598605,127.06073454426152,37.49971117111912
서울 강남구 대치동 316,음식점 > 양식 > 피자,피자느반 대치본점,http://place.map.kakao.com/527407577,127.063166021244,37.4957544782469
서울 강남구 대치동 500,음식점 > 한식,명동관,http://place.map.kakao.com/19852302,127.056148796634,37.4906727380378
서울 강남구 대치동 622-1,"음식점 > 간식 > 제과,베이커리 > 김영모과자점",김영모과자점 대치점,http://place.map.kakao.com/599701552,127.060565627018,37.4935970277011
서울 강남구 대치동 983-1,음식점 > 중식 > 중국요리,몽중헌 대치점,http://place.map.kakao.com/909184198,127.065527019353,37.5033144349827
서울 강남구 대치동 316,음식점 > 한식 > 수제비,산월수제비,http://place.map.kakao.com/16271793,127.063936898058,37.4953432045205
서울 강남구 대치동 982-1,음식점 > 양식,안식레스토랑,http://place.map.kakao.com/858887885,127.06509098975692,37.50260558469425
서울 강남구 대치동 316,음식점 > 간식 > 닭강정,오미닭강정,http://place.map.kakao.com/18879690,127.06303250891524,37.4956662509076
서울 강남구 개포동 186-5,음식점 > 분식,빨간오뎅부산어묵 개포점,http://place.map.kakao.com/1357503918,127.06804031593336,37.4887257177636
서울 강남구 대치동 1024-4,음식점 > 한식 > 국밥,한티옥,http://place.map.kakao.com/1466449848,127.05628585494388,37.4970157617711
서울 강남구 대치동 316,"음식점 > 간식 > 떡,한과",김경애떡방,http://place.map.kakao.com/1049026413,127.063959520711,37.4953504003284
서울 강남구 대치동 991-4,음식점 > 중식 > 중국요리 > 이비가짬뽕,이비가짬뽕 대치본점,http://place.map.kakao.com/1377693149,127.06464529562258,37.49985956380328
서울 강남구 대치동 994-8,음식점 > 한식 > 국밥,담은국밥 대치본점,http://place.map.kakao.com/38757579,127.06823135786536,37.49861415859882
서울 강남구 대치동 994-8,"음식점 > 한식 > 육류,고기",장독대,http://place.map.kakao.com/16734080,127.06811717882476,37.49865747279374
서울 강남구 대치동 511,"음식점 > 간식 > 떡,한과",여의도떡방,http://place.map.kakao.com/11102235,127.066591512532,37.4947074292661
서울 강남구 대치동 991-1,음식점 > 한식 > 설렁탕,명가원설농탕 대치점,http://place.map.kakao.com/12665037,127.0638997650837,37.49954101329092
서울 강남구 대치동 992,음식점 > 중식 > 중국요리,왕재,http://place.map.kakao.com/21751182,127.06490518741292,37.499612545649946
서울 강남구 대치동 994-8,음식점 > 중식 > 중국요리,남경반점,http://place.map.kakao.com/8249923,127.06811266105277,37.4986637824418
서울 강남구 대치동 990,"음식점 > 간식 > 제과,베이커리",대치동꽈배기,http://place.map.kakao.com/1092926973,127.06308057047193,37.4990287810967
서울 노원구 상계동 332-3,"음식점 > 한식 > 해물,생선",털보고된이 본점,http://place.map.kakao.com/26086942,127.063766068781,37.655893293316
서울 노원구 상계동 603-8,음식점 > 양식,로니로티 노원점,http://place.map.kakao.com/1010045527,127.06188763628352,37.6565033576447
서울 노원구 상계동 434-49,음식점 > 한식,감동식당,http://place.map.kakao.com/1317959049,127.06659520859756,37.66156431075787
서울 노원구 상계동 348-4,"음식점 > 한식 > 육류,고기 > 삼겹살",땅코참숯구이 노원점,http://place.map.kakao.com/1572967845,127.065343964967,37.6563537326551
서울 노원구 상계동 711-13,음식점 > 한식 > 국수 > 칼국수,옛날칼국수,http://place.map.kakao.com/8015984,127.0598238649865,37.654972752624296
서울 노원구 상계동 323-11,음식점 > 한식 > 설렁탕,풍미연,http://place.map.kakao.com/16590379,127.06482208764048,37.65569089775628
서울 노원구 상계동 341-7,음식점 > 샤브샤브,소담촌 노원역점,http://place.map.kakao.com/2097885929,127.064627671102,37.6562712369082
서울 노원구 상계동 349-24,"음식점 > 한식 > 육류,고기",노원목고기집,http://place.map.kakao.com/16056109,127.065507398595,37.6566311444758
서울 노원구 상계동 693,음식점 > 중식,위안바오,http://place.map.kakao.com/416374182,127.06042305846086,37.6560112797154
서울 노원구 상계동 328-9,음식점 > 양식 > 이탈리안,제임스키친,http://place.map.kakao.com/17005666,127.064228201178,37.6556191440311
서울 노원구 상계동 328-1,음식점 > 한식 > 감자탕,태능감자탕 노원본점,http://place.map.kakao.com/1716634126,127.06445736878,37.6559091352797
서울 노원구 상계동 735-4,음식점 > 한식,예향정 노원점,http://place.map.kakao.com/140377526,127.05855886614454,37.65314709596684
서울 노원구 상계동 594-2,"음식점 > 한식 > 육류,고기",9237 노원본점,http://place.map.kakao.com/22079801,127.0630982400868,37.65682977278224
서울 노원구 상계동 595,"음식점 > 한식 > 해물,생선",쭈꾸미달인 노원직영점,http://place.map.kakao.com/26904390,127.063018756604,37.6566469159244
서울 노원구 상계동 598-1,"음식점 > 한식 > 육류,고기",화포식당 노원점,http://place.map.kakao.com/331097438,127.063009181865,37.6560450650212
서울 성북구 동선동1가 49,음식점 > 한식 > 감자탕,태조감자국,http://place.map.kakao.com/1755515956,127.017681505368,37.5907894486919
서울 성북구 동선동1가 2-6,음식점 > 중식 > 중국요리,애정마라샹궈 본점,http://place.map.kakao.com/25451287,127.01723910511126,37.59216262612816
서울 성북구 동선동1가 120-14,"음식점 > 한식 > 육류,고기 > 삼겹살",김통,http://place.map.kakao.com/26869649,127.0186435519921,37.593798613920505
서울 성북구 삼선동5가 299-10,음식점 > 중식 > 중국요리,공푸,http://place.map.kakao.com/24353265,127.01611401299044,37.58878226206654
서울 성북구 동선동1가 85-79,음식점 > 양식 > 이탈리안,쵸이양식,http://place.map.kakao.com/452915279,127.01800795992877,37.59228865021107
서울 성북구 동선동1가 92-20,음식점 > 양식,벤베누토,http://place.map.kakao.com/230989806,127.01852780734,37.5927958282264
서울 성북구 동선동2가 172,"음식점 > 한식 > 육류,고기 > 갈비",팔백집 본점,http://place.map.kakao.com/335111559,127.01983699636,37.589477261295
서울 성북구 보문동1가 53,음식점 > 중식 > 중국요리,안동반점,http://place.map.kakao.com/7988170,127.01895775627726,37.5870519336752
서울 성북구 동선동1가 111,음식점 > 분식,수아당,http://place.map.kakao.com/423978426,127.0180217360106,37.59307070910963
서울 성북구 동선동2가 135-8,음식점 > 중식,라라면가,http://place.map.kakao.com/697084504,127.01965622091824,37.59093870106905
서울 성북구 동선동4가 111-1,음식점 > 아시아음식 > 동남아음식 > 베트남음식,포썸,http://place.map.kakao.com/843250339,127.018221284961,37.5941518686256
서울 성북구 삼선동4가 351-3,음식점 > 중식 > 중국요리,가부 본점,http://place.map.kakao.com/557188800,127.015244775364,37.590357312275
서울 성북구 동선동1가 68,음식점 > 술집 > 실내포장마차,치치 성신여대점,http://place.map.kakao.com/1008497143,127.017568319183,37.5909624560979
서울 성북구 동선동2가 135-21,음식점 > 일식,윤휘식당,http://place.map.kakao.com/27089788,127.019212399974,37.5910522991604
서울 성북구 동선동1가 92-8,"음식점 > 일식 > 돈까스,우동",온달왕돈까스,http://place.map.kakao.com/1746912410,127.0182980190552,37.5930751715613
서울 성북구 성북동1가 35-5,"음식점 > 간식 > 제과,베이커리",나폴레옹과자점 성북본점,http://place.map.kakao.com/8203240,127.00509621174548,37.58889857901652
서울 종로구 동숭동 31-37,음식점 > 양식 > 피자,핏제리아오,http://place.map.kakao.com/21555096,127.00437570908254,37.58209791240312
서울 종로구 혜화동 84-3,음식점 > 한식 > 국수 > 칼국수,혜화칼국수,http://place.map.kakao.com/8176347,127.00150300181788,37.5865792539428
서울 종로구 혜화동 90-18,음식점 > 아시아음식,하이디라오 대학로점,http://place.map.kakao.com/731469845,127.001983560442,37.5842315292255
서울 성북구 동소문동1가 36,"음식점 > 간식 > 제과,베이커리",나따드나따,http://place.map.kakao.com/1550208713,127.00705388953592,37.58926968716242
서울 성북구 성북동 184-2,음식점 > 중식 > 중국요리,옛날중국집,http://place.map.kakao.com/20944335,127.00437395474002,37.59081321679725
서울 종로구 명륜4가 48-2,음식점 > 한식,혜화도담,http://place.map.kakao.com/497931179,127.000434745953,37.5830242140237
서울 성북구 성북동1가 9,음식점 > 한식 > 국수,국시집,http://place.map.kakao.com/8200924,127.004307013755,37.5884336982898
서울 성북구 성북동1가 35-17,음식점 > 한식 > 국수,명문막국수,http://place.map.kakao.com/24873082,127.004778012482,37.5882751054647
서울 성북구 성북동 184-40,음식점 > 한식,하단,http://place.map.kakao.com/8129950,127.00502835178592,37.59000500064492
서울 성북구 동소문동2가 130,음식점 > 중식 > 양꼬치,한성대양꼬치,http://place.map.kakao.com/1852838507,127.007622154763,37.5880731337213
서울 성북구 삼선동1가 266,"가정,생활 > 식품판매 > 주류판매 > 고래맥주창고",고래맥주창고 한성대점,http://place.map.kakao.com/1600364726,127.009533169334,37.5866205945185
서울 종로구 명륜2가 121-1,음식점 > 아시아음식 > 인도음식,페르시안궁전,http://place.map.kakao.com/11520636,126.997559020842,37.5849162754761
서울 성북구 성북동 184-90,음식점 > 분식,호랑이김밥,http://place.map.kakao.com/579222224,127.00492303815,37.5897959748539
서울 성북구 동소문동2가 43,"음식점 > 한식 > 육류,고기 > 곱창,막창",종로곱창철판닭갈비,http://place.map.kakao.com/16298478,127.00809663464648,37.58878038131703
서울 종로구 명륜4가 107,"음식점 > 일식 > 돈까스,우동",정돈,http://place.map.kakao.com/27306859,127.00109477184937,37.58178894763119
서울 종로구 명륜4가 170-8,음식점 > 아시아음식 > 인도음식,깔리,http://place.map.kakao.com/21332445,126.99926637158944,37.58247550752265
서울 종로구 명륜4가 24,음식점 > 일식 > 일본식라면,칸다소바 혜화점,http://place.map.kakao.com/1340493944,127.00137216434956,37.582884552866425
서울 종로구 명륜4가 23,음식점 > 양식,혜화돌쇠아저씨,http://place.map.kakao.com/8624124,127.00134499146532,37.58281157270948
서울 종로구 명륜4가 143,"음식점 > 일식 > 돈까스,우동",호호식당 대학로점,http://place.map.kakao.com/561633351,127.00003736042066,37.58190427987755
서울 종로구 동숭동 1-152,음식점 > 분식,부부식당,http://place.map.kakao.com/839397094,127.004302011728,37.580213036274
서울 종로구 명륜4가 101-2,음식점 > 양식 > 햄버거,버거파크 혜화점,http://place.map.kakao.com/1252440966,127.00135856580953,37.5821826790865
서울 종로구 명륜2가 225,음식점 > 분식 > 떡볶이,나누미떡볶이 성대본점,http://place.map.kakao.com/10199904,126.99791682343135,37.58370174345993
서울 종로구 명륜2가 24-4,음식점 > 분식 > 떡볶이,봉쥬떡볶이,http://place.map.kakao.com/27510351,127.001177449329,37.5838098751669
서울 종로구 동숭동 187-11,"음식점 > 간식 > 제과,베이커리",솔트24 동숭동본점,http://place.map.kakao.com/1311931370,127.00432236582267,37.57980038033022
서울 중구 남산동2가 25-4,음식점 > 한식,목멱산방,http://place.map.kakao.com/11642405,126.98689405825476,37.55811276850028
서울 중구 충무로2가 60-3,음식점 > 한식 > 한정식,명동정,http://place.map.kakao.com/26845535,126.98847236644647,37.56146464189226
서울 중구 명동2가 32-27,음식점 > 퓨전요리 > 퓨전일식,쯔루하시후게츠 명동점,http://place.map.kakao.com/21396812,126.98503700859186,37.56281575142084
서울 중구 충무로2가 64-6,음식점 > 한식 > 국수 > 칼국수,명동교자 명동역점 신관 본점,http://place.map.kakao.com/1479300828,126.986083137398,37.5611814714638
서울 중구 명동2가 33-4,음식점 > 분식,명동교자 분점,http://place.map.kakao.com/26567082,126.98513648386128,37.56345547147348
서울 용산구 갈월동 59-13,음식점 > 분식,구복만두 숙대본점,http://place.map.kakao.com/27209120,126.97299140639474,37.54540633237531
서울 용산구 청파동3가 24-50,음식점 > 분식,한입소반 숙대본점,http://place.map.kakao.com/23557234,126.97030781291777,37.54409923916463
서울 용산구 남영동 52-2,"음식점 > 한식 > 육류,고기",남영돈,http://place.map.kakao.com/1228257268,126.973775391327,37.5427503629762
서울 용산구 후암동 194-3,음식점 > 한식 > 감자탕,일미집,http://place.map.kakao.com/9921124,126.978268889945,37.5461426368056
서울 용산구 청파동2가 95,"음식점 > 한식 > 육류,고기",쌍대포 본점,http://place.map.kakao.com/16766032,126.97015445832363,37.54558855224091
서울 용산구 청파동2가 67-6,음식점 > 중식 > 중국요리,정,http://place.map.kakao.com/8059248,126.967053023127,37.5450480291289
서울 용산구 갈월동 70-3,"음식점 > 한식 > 육류,고기 > 곱창,막창",굴다리소곱창,http://place.map.kakao.com/15704053,126.97150617113726,37.54698273162414
서울 용산구 남영동 61-3,음식점 > 한식 > 냉면,오복함흥냉면,http://place.map.kakao.com/15338847,126.97287554946573,37.54348537530059
서울 용산구 남영동 88-5,"음식점 > 한식 > 육류,고기",화양연가,http://place.map.kakao.com/8798107,126.9732314742077,37.54175914132216
서울 용산구 남영동 82-3,"음식점 > 한식 > 육류,고기",조대포 남영본점,http://place.map.kakao.com/12700169,126.97296977540876,37.54263485337191
서울 용산구 갈월동 93-60,음식점 > 분식,털보네떡꼬치,http://place.map.kakao.com/24208685,126.9716891020362,37.54202727952593
서울 용산구 청파동3가 44,음식점 > 양식 > 햄버거,버거인,http://place.map.kakao.com/27226004,126.970031875561,37.5436901157395
서울 용산구 남영동 40-4,음식점 > 한식,까치네,http://place.map.kakao.com/11831385,126.973240718923,37.5443864580033
서울 용산구 남영동 61-1,음식점 > 중식 > 중국요리,미성중국관,http://place.map.kakao.com/10266913,126.973019263142,37.5434673882419
서울 용산구 한강로1가 142-1,"음식점 > 한식 > 해물,생선 > 매운탕,해물탕",삼각지원대구탕 본점,http://place.map.kakao.com/10693894,126.974289610198,37.5347063464535
서울 용산구 한강로1가 251-1,"음식점 > 한식 > 육류,고기",몽탄,http://place.map.kakao.com/220597413,126.97224578759752,37.53599611679934
서울 용산구 한강로1가 137-1,"음식점 > 한식 > 육류,고기",평양집,http://place.map.kakao.com/8122347,126.973977275672,37.5348864781984
서울 용산구 한강로2가 31,음식점 > 한식,주식,http://place.map.kakao.com/751650490,126.97216574412784,37.53217495319885
서울 용산구 용산동3가 1-64,"음식점 > 한식 > 해물,생선",대원식당,http://place.map.kakao.com/16329490,126.974719678743,37.5343244149508
서울 용산구 한강로2가 305-1,음식점 > 분식,현선이네 용산본점,http://place.map.kakao.com/15659043,126.969249469376,37.5311335734217
서울 용산구 문배동 34-1,음식점 > 한식 > 국수 > 칼국수,문배동육칼 본점,http://place.map.kakao.com/24188406,126.970324359239,37.5366119339674
서울 용산구 한강로1가 231-23,음식점 > 한식 > 국수,옛집국수,http://place.map.kakao.com/13320353,126.97358162289557,37.53390790343233
서울 용산구 한강로2가 2-194,"음식점 > 한식 > 육류,고기",손문 대구막창 갈매기살,http://place.map.kakao.com/15580829,126.96766577098278,37.53063759968962
서울 용산구 한강로2가 148-6,음식점 > 한식,능동미나리,http://place.map.kakao.com/596181447,126.970820211444,37.5300915133294
서울 용산구 한강로2가 27-2,음식점 > 한식,백경식당,http://place.map.kakao.com/10390859,126.97267927541,37.5324931265298
서울 용산구 한강로1가 14-28,음식점 > 중식 > 중국요리,명화원,http://place.map.kakao.com/13280285,126.97462394998452,37.5363606559967
서울 용산구 한강로2가 84-1,"음식점 > 한식 > 육류,고기 > 닭요리 > 삼계탕",용산삼계탕,http://place.map.kakao.com/12642629,126.971521198797,37.5312746992909
서울 용산구 문배동 11-14,"음식점 > 일식 > 돈까스,우동",단박왕돈까스,http://place.map.kakao.com/10257556,126.97058183047828,37.537882408948825
서울 용산구 한강로1가 256,음식점 > 중식 > 양꼬치,용산양꼬치,http://place.map.kakao.com/2036824361,126.972822888416,37.5358124468946
서울 용산구 한강로2가 77-1,음식점 > 한식,봉피양 용산점,http://place.map.kakao.com/773394734,126.970919674769,37.5303375112652
서울 용산구 한강로2가 309-1,"음식점 > 한식 > 육류,고기 > 삼겹살",대가,http://place.map.kakao.com/21029507,126.968892102925,37.5307838913037
서울 용산구 한강로3가 40-946,음식점 > 한식 > 한정식,기와,http://place.map.kakao.com/21360176,126.96439732284549,37.52815890524116
서울 용산구 용산동5가 2-28,음식점 > 아시아음식 > 동남아음식 > 베트남음식,효뜨,http://place.map.kakao.com/283930207,126.97022225227056,37.5287704957312
서울 용산구 한강로2가 157-2,"음식점 > 한식 > 육류,고기",한담,http://place.map.kakao.com/129662733,126.969934556254,37.52961285937206
서울 용산구 한강로3가 65-156,음식점 > 한식,섬집,http://place.map.kakao.com/18821272,126.96469635999026,37.52497665587376
서울 용산구 한강로3가 40-9,"음식점 > 한식 > 육류,고기 > 닭요리",오근내2닭갈비,http://place.map.kakao.com/12695795,126.96278106483906,37.52507698009016
서울 용산구 한강로2가 424,음식점 > 양식 > 이탈리안,쿠촐로서울,http://place.map.kakao.com/1729633606,126.96867345247902,37.5287908181114
서울 용산구 한강로2가 143-1,"음식점 > 한식 > 육류,고기",양인환대,http://place.map.kakao.com/1934686541,126.97004746249212,37.53018322201762
서울 용산구 한강로3가 65-550,음식점 > 한식,갯마을 한강로점,http://place.map.kakao.com/15489150,126.97039649320064,37.523004125873726
서울 용산구 이촌동 301-10,음식점 > 일식 > 일식집,스즈란테이 이촌점,http://place.map.kakao.com/16558563,126.97429919475924,37.51996235308729
서울 용산구 이촌동 301-153,음식점 > 술집 > 실내포장마차,골목집,http://place.map.kakao.com/443223087,126.97467562584818,37.52072468292268
서울 용산구 이촌동 301-53,"음식점 > 일식 > 돈까스,우동",모모야 이촌동본점,http://place.map.kakao.com/21393229,126.97514735726084,37.52067252495559
서울 용산구 이촌동 301-44,음식점 > 분식,한강손만두,http://place.map.kakao.com/92199770,126.974394002269,37.5205858677566
서울 용산구 용산동5가 24-1,"음식점 > 간식 > 제과,베이커리",교토마블 이촌점,http://place.map.kakao.com/27236977,126.97344292223916,37.52303007823914
서울 용산구 이촌동 301-18,음식점 > 분식 > 떡볶이,스마일이촌떡볶이,http://place.map.kakao.com/8056170,126.97505114007744,37.52086622029989
서울 용산구 한강로3가 65-292,음식점 > 퓨전요리,까치집,http://place.map.kakao.com/283989811,126.96982062327484,37.52317066560307
서울 용산구 이촌동 301-53,음식점 > 아시아음식 > 동남아음식 > 베트남음식,르번미 동부이촌점,http://place.map.kakao.com/27277789,126.97511348625623,37.52047609917892
서울 용산구 이촌동 300-26,음식점 > 퓨전요리 > 퓨전중식,아경면선 이촌점,http://place.map.kakao.com/547946147,126.973715546253,37.5198216681669
서울 용산구 이촌동 300-23,음식점 > 한식 > 국수 > 칼국수,백령도바지락칼국수,http://place.map.kakao.com/16986991,126.97305258357837,37.52005037353878
서울 용산구 이촌동 301-53,음식점 > 양식 > 이탈리안,르미야,http://place.map.kakao.com/130738952,126.97514173798668,37.5205617004101
서울 동작구 사당동 138-4,음식점 > 분식 > 떡볶이,애플하우스 이수,http://place.map.kakao.com/10587024,126.98057475807556,37.4862749512195
서울 동작구 사당동 91-3,음식점 > 한식 > 냉면,유정우함흥냉면,http://place.map.kakao.com/12045926,126.980329923961,37.4885832932946
서울 동작구 사당동 139-66,음식점 > 양식 > 피자,리틀크레이지피자 이수점,http://place.map.kakao.com/11080855,126.98137046572144,37.48747342016608
서울 동작구 사당동 86-9,"음식점 > 술집 > 호프,요리주점",신사펍 이수점,http://place.map.kakao.com/1190793153,126.98188586374512,37.48832044779743
서울 동작구 사당동 1006-5,"음식점 > 일식 > 초밥,롤",스시로로,http://place.map.kakao.com/21656813,126.98011175350098,37.4840944339155
서울 동작구 사당동 1007-6,음식점 > 한식 > 쌈밥,농부쌈밥,http://place.map.kakao.com/17215280,126.981086390645,37.484049543529
서울 동작구 사당동 1007-50,음식점 > 한식 > 순대,청와옥 사당직영점,http://place.map.kakao.com/1013762686,126.9816384504983,37.48282425885481
서울 동작구 사당동 1008-10,음식점 > 술집 > 일본식주점,호요,http://place.map.kakao.com/251321963,126.981127597365,37.4820493107938
서울 서초구 방배동 815-1,"음식점 > 간식 > 떡,한과",구름떡,http://place.map.kakao.com/17004790,126.98958560850244,37.49162807551667
서울 동작구 사당동 147-29,"음식점 > 양식 > 멕시칸,브라질",올라아보 이수본점,http://place.map.kakao.com/593382691,126.98028127760077,37.48437737900588
서울 서초구 방배동 455-20,음식점 > 양식,남미플랜트랩,http://place.map.kakao.com/872818844,126.98323088307993,37.48060801367664
서울 동작구 사당동 139-52,음식점 > 중식 > 양꼬치,호우양꼬치 이수점,http://place.map.kakao.com/26874375,126.98058356807,37.4871849708903
서울 동작구 사당동 147-108,"음식점 > 한식 > 육류,고기 > 고기굽는방앗간",고기굽는방앗간 이수역점,http://place.map.kakao.com/1207466997,126.98117984226172,37.48561551109969
서울 강서구 공항동 49-2,음식점 > 한식,공항칼국수,http://place.map.kakao.com/8228599,126.80915761051,37.5609721909822
서울 강서구 방화동 621-19,음식점 > 중식 > 중국요리,도일처,http://place.map.kakao.com/7832476,126.8076803273957,37.561955482826185
서울 강서구 공항동 1396,"음식점 > 한식 > 육류,고기",차돌집,http://place.map.kakao.com/25045996,126.8119045648074,37.56410845886944
서울 강서구 공항동 52-11,"음식점 > 간식 > 제과,베이커리",김용기과자점,http://place.map.kakao.com/11021562,126.8096995900429,37.56059014269096
서울 강서구 방화동 619-52,음식점 > 한식 > 순대,첫번째순대국집,http://place.map.kakao.com/11917386,126.80963401703532,37.5632308544012
서울 강서구 공항동 53-31,"음식점 > 한식 > 육류,고기",우리도한번잘구워보세 공항동점,http://place.map.kakao.com/1823380138,126.81042466993782,37.55941190582232
서울 강서구 공항동 34-83,음식점 > 중식 > 양꼬치,장성양갈비 송정점,http://place.map.kakao.com/26874594,126.81234030824,37.5609592726945
서울 강서구 공항동 49-2,"음식점 > 술집 > 호프,요리주점",일번지호프,http://place.map.kakao.com/16296153,126.8091305022136,37.56095052326285
서울 강서구 공항동 53-55,"음식점 > 한식 > 육류,고기",연탄불생고기,http://place.map.kakao.com/21531371,126.8105514441022,37.559853597208935
서울 강서구 공항동 45-58,음식점 > 술집 > 실내포장마차,잔치잔치,http://place.map.kakao.com/11169827,126.81026444483132,37.562789480573805
서울 강서구 마곡동 744,음식점 > 한식,원조수구레,http://place.map.kakao.com/15657241,126.82025076627984,37.56087607539389
서울 강서구 공항동 53-34,"음식점 > 한식 > 육류,고기 > 닭요리",원조복순이민속촌,http://place.map.kakao.com/16622089,126.81027685222242,37.55968196710753
서울 강서구 방화동 247-10,"음식점 > 한식 > 육류,고기",꾸이꾸이돼지촌쭈꾸미 본점,http://place.map.kakao.com/2088745005,126.814151524209,37.5676682438589
서울 강서구 공항동 25-4,음식점 > 분식,개성손만두 공항점,http://place.map.kakao.com/531636660,126.8124390201798,37.56176491951689
서울 강서구 공항동 45-38,음식점 > 패스트푸드 > 맥도날드,맥도날드 송정역점,http://place.map.kakao.com/7869636,126.809676409986,37.5616938247956
서울 강서구 화곡동 1067-21,"음식점 > 한식 > 육류,고기 > 족발,보쌈",만배아리랑보쌈 본점,http://place.map.kakao.com/198136066,126.83625535786678,37.54088279877212
서울 강서구 화곡동 98-154,"음식점 > 한식 > 육류,고기 > 족발,보쌈",화곡영양족발,http://place.map.kakao.com/2138580838,126.84350225398777,37.54325864808638
서울 강서구 화곡동 98-235,"음식점 > 한식 > 해물,생선 > 굴,전복",굴사냥 화곡본동점,http://place.map.kakao.com/11596719,126.843277838555,37.5423537477596
서울 강서구 화곡동 98-238,"음식점 > 한식 > 육류,고기 > 갈비",원조동글갈비,http://place.map.kakao.com/20942557,126.843630236555,37.5426605545058
서울 강서구 화곡동 1032-25,"음식점 > 일식 > 돈까스,우동",김희라 한국식왕돈까스,http://place.map.kakao.com/20540187,126.837888441373,37.5438745656812
서울 강서구 화곡동 98-59,"음식점 > 술집 > 호프,요리주점",헤라클레스,http://place.map.kakao.com/10975275,126.843018980404,37.5427678633431
서울 강서구 화곡동 1047-5,"음식점 > 한식 > 육류,고기 > 삼겹살",피그백 화곡본점,http://place.map.kakao.com/27380676,126.83649305190998,37.542402212109
서울 강서구 화곡동 1077-2,음식점 > 아시아음식 > 동남아음식 > 베트남음식,틸란,http://place.map.kakao.com/19034681,126.840896843957,37.5403395341995
서울 강서구 화곡동 1050-37,"음식점 > 일식 > 초밥,롤",이현우스시,http://place.map.kakao.com/1075845976,126.83835004799,37.5418101096059
서울 강서구 화곡동 1033-12,"음식점 > 간식 > 제과,베이커리",소심당,http://place.map.kakao.com/2018547890,126.837265852466,37.5429402748347
서울 강서구 화곡동 1070-44,음식점 > 중식 > 중국요리,베이징 화곡본점,http://place.map.kakao.com/26453554,126.834882645113,37.5399420464229
서울 강서구 화곡동 1076-16,음식점 > 중식,추천해꼬막짬뽕,http://place.map.kakao.com/120861781,126.84135009794988,37.54109968615824
서울 강서구 화곡동 1068-23,음식점 > 중식 > 양꼬치,명품양꼬치,http://place.map.kakao.com/393030552,126.835103314814,37.5404433102156
서울 강서구 화곡동 1052,"음식점 > 한식 > 해물,생선",신고집해물찜 화곡점,http://place.map.kakao.com/27314733,126.83922972996206,37.543164610586494
서울 강서구 화곡동 105-78,음식점 > 퓨전요리 > 퓨전일식,묵자식당,http://place.map.kakao.com/385547911,126.842627841506,37.5415131523978
서울 양천구 신정동 899-5,음식점 > 한식 > 순대,목동만복순대국 본점,http://place.map.kakao.com/1897887901,126.86373063589744,37.52788293065932
서울 양천구 신정동 949-3,"음식점 > 한식 > 육류,고기 > 곱창,막창",대박곱창 본사직영점,http://place.map.kakao.com/434336470,126.8562573221702,37.52485121176028
서울 양천구 신정동 902-3,"음식점 > 한식 > 육류,고기",정진식당,http://place.map.kakao.com/1778856087,126.862045767125,37.5262240331901
서울 양천구 신정동 987-1,"음식점 > 간식 > 제과,베이커리",카멜리온,http://place.map.kakao.com/1343464460,126.85919371566328,37.52505567241158
서울 강서구 화곡동 782-11,"음식점 > 한식 > 육류,고기",조연탄,http://place.map.kakao.com/13561654,126.86328638292665,37.53078814535968
서울 양천구 신정동 904-6,"음식점 > 한식 > 해물,생선 > 회",옛날마차,http://place.map.kakao.com/16938298,126.86090038774871,37.52650019818012
서울 양천구 신정동 997-9,음식점 > 중식 > 중국요리,금석궁,http://place.map.kakao.com/186980356,126.863208128826,37.524077397356
서울 양천구 신정동 888-36,음식점 > 샤브샤브,대홍훠궈샤브샤브 목동점,http://place.map.kakao.com/1619785902,126.862923093222,37.5265277911907
서울 양천구 목동 405-285,음식점 > 중식,락희안 목동직영점,http://place.map.kakao.com/647318999,126.87397598352672,37.52443265962487
서울 양천구 신정동 994-8,"음식점 > 한식 > 해물,생선 > 회",대포항,http://place.map.kakao.com/27533447,126.86371986266008,37.525720514950414
서울 양천구 신정동 991-7,음식점 > 중식 > 중국요리,북경대반점,http://place.map.kakao.com/3301473,126.862780241684,37.5254608395547
서울 양천구 신정동 888-36,음식점 > 일식 > 참치회,김선장참치,http://place.map.kakao.com/1126634124,126.862891463182,37.5265025264359
서울 양천구 신정동 992-6,음식점 > 한식,옥천집,http://place.map.kakao.com/16906132,126.863318631004,37.5255155239472
서울 강서구 화곡동 781-12,"음식점 > 한식 > 육류,고기",원조소금구이,http://place.map.kakao.com/16930822,126.86322990441089,37.53197830184136
서울 영등포구 양평동2가 33-42,"음식점 > 한식 > 육류,고기",장군집 양평동본점,http://place.map.kakao.com/9380365,126.88578298824,37.5244329550013
서울 영등포구 문래동6가 29,"음식점 > 한식 > 해물,생선",라메흐꺄도,http://place.map.kakao.com/7856341,126.88706499841564,37.521240135114375
서울 영등포구 양평동2가 29-23,음식점 > 뷔페,플로렌스 오목교점,http://place.map.kakao.com/8067878,126.88522249819236,37.52329174309148
서울 영등포구 양평동2가 37-2,음식점 > 샤브샤브,소담촌 오목교점,http://place.map.kakao.com/1202670025,126.8840648856135,37.52351586296531
서울 영등포구 양평동2가 33-75,음식점 > 양식 > 피자,프레고피자,http://place.map.kakao.com/151683654,126.8849412659319,37.52520970259139
서울 영등포구 문래동6가 29,음식점 > 양식,쁘띠문래,http://place.map.kakao.com/1513634250,126.88704583432286,37.52119596767632
서울 영등포구 양평동2가 35-6,"음식점 > 간식 > 제과,베이커리",아쥬드블레,http://place.map.kakao.com/1812203338,126.8848127919135,37.52562584018323
서울 영등포구 양평동1가 136,"음식점 > 간식 > 제과,베이커리",크루통,http://place.map.kakao.com/1569131335,126.88965952315117,37.52310586023478
서울 영등포구 양평동1가 9-37,"음식점 > 한식 > 육류,고기 > 삼겹살",문래그집,http://place.map.kakao.com/1143564293,126.890357435415,37.521604539393
서울 영등포구 양평동3가 24,음식점 > 한식 > 국수 > 칼국수,명가들깨칼국수 양평점,http://place.map.kakao.com/27322857,126.88617898609846,37.52588575222146
서울 영등포구 양평동1가 116-24,음식점 > 한식 > 국밥,고성소머리국밥,http://place.map.kakao.com/272362163,126.8904140749859,37.52464457324631
서울 영등포구 양평동1가 222-17,음식점 > 분식,김밥예쁘게드세요,http://place.map.kakao.com/1120814453,126.88841141210364,37.52485893852674
서울 영등포구 영등포동3가 23-11,"음식점 > 한식 > 육류,고기 > 갈비",부일숯불갈비,http://place.map.kakao.com/12004662,126.90863540904311,37.51814582607549
서울 영등포구 영등포동3가 7-32,음식점 > 한식 > 냉면,함흥냉면,http://place.map.kakao.com/10643743,126.906790582264,37.5189660993437
서울 영등포구 영등포동4가 68-5,음식점 > 한식 > 국밥,3일한우국밥,http://place.map.kakao.com/1808171777,126.9040518925432,37.519926177339606
서울 영등포구 영등포동3가 21-3,"음식점 > 한식 > 육류,고기",승남집,http://place.map.kakao.com/2039301214,126.90753889816791,37.51755932078675
서울 영등포구 영등포동2가 34-2,음식점 > 중식 > 중국요리,동순각,http://place.map.kakao.com/7838958,126.90869786831598,37.5207299505616
서울 영등포구 영등포동2가 221-1,음식점 > 한식 > 설렁탕,대한옥,http://place.map.kakao.com/12048202,126.910884990204,37.5193620967929
서울 영등포구 영등포동6가 95-9,"음식점 > 한식 > 육류,고기 > 오리",윤달오리전문점,http://place.map.kakao.com/2118255040,126.90159625229656,37.52064495910085
서울 영등포구 영등포동5가 42-10,음식점 > 한식,선비네,http://place.map.kakao.com/1575218247,126.90593388496852,37.52108097461488
서울 영등포구 영등포동6가 1-15,음식점 > 한식 > 감자탕,일미집 영등포점,http://place.map.kakao.com/147462961,126.9043624112092,37.52036521750652
서울 영등포구 영등포동3가 15-1,"음식점 > 한식 > 해물,생선",여로집 본관,http://place.map.kakao.com/12354234,126.908180003634,37.5186968867654
서울 영등포구 영등포동4가 442,"음식점 > 간식 > 제과,베이커리",오월의종 타임스퀘어점,http://place.map.kakao.com/26089360,126.90438381358942,37.51689006644968
서울 영등포구 영등포동5가 24,음식점 > 한식,우정식당,http://place.map.kakao.com/1152149089,126.90571711159484,37.52074743079884
서울 영등포구 영등포동5가 55,"음식점 > 일식 > 돈까스,우동",희락돈까스,http://place.map.kakao.com/27322533,126.9062093629142,37.52241467737077
서울 영등포구 여의도동 36-2,음식점 > 한식 > 국수,진주집,http://place.map.kakao.com/8094563,126.9269500559961,37.52059128119736
서울 영등포구 여의도동 43-3,음식점 > 한식,가양칼국수,http://place.map.kakao.com/20746242,126.93136936451896,37.52093631287084
서울 영등포구 여의도동 36-2,"음식점 > 한식 > 해물,생선",별미볶음점 본점,http://place.map.kakao.com/21332962,126.926928404924,37.5207534483037
서울 영등포구 여의도동 25-2,음식점 > 일식,온미동,http://place.map.kakao.com/1041840511,126.9262126735617,37.52387047204019
서울 영등포구 여의도동 44-14,음식점 > 한식 > 순대,화목순대국,http://place.map.kakao.com/21423297,126.93129172468808,37.51925139233756
서울 영등포구 여의도동 35-5,"음식점 > 일식 > 초밥,롤",아루히 니와,http://place.map.kakao.com/1247032398,126.924972958655,37.5214694204797
서울 영등포구 여의도동 36-4,음식점 > 한식,진진만두 여의도점,http://place.map.kakao.com/21534557,126.92723206929044,37.52023826217958
서울 영등포구 여의도동 25,음식점 > 일식 > 일식집,진가와 여의도점,http://place.map.kakao.com/371810654,126.92602925005,37.5240325377186
서울 영등포구 여의도동 37,"음식점 > 간식 > 제과,베이커리",폴앤폴리나 여의도점,http://place.map.kakao.com/17079438,126.924027672345,37.5210615630135
서울 영등포구 여의도동 36,음식점 > 한식,능동미나리 여의도점,http://place.map.kakao.com/1280094557,126.92661140899143,37.51986125895509
서울 영등포구 여의도동 44-24,음식점 > 한식,고방채 동여의도본점,http://place.map.kakao.com/1732212585,126.92950128165612,37.52021441036149
서울 영등포구 여의도동 36-2,"음식점 > 한식 > 육류,고기",창고43 본점,http://place.map.kakao.com/8086602,126.92691026603934,37.52079398220432
서울 영등포구 여의도동 23-10,음식점 > 한식 > 한정식,진진수라 여의도점,http://place.map.kakao.com/2028507412,126.924840024112,37.5243047905812
서울 영등포구 여의도동 35-5,음식점 > 양식,르뵈프,http://place.map.kakao.com/2028849116,126.924970695315,37.5214703200378
서울 영등포구 여의도동 28-1,"음식점 > 한식 > 육류,고기",고우가 여의도점,http://place.map.kakao.com/1139279291,126.919916776783,37.5221805954256
서울 마포구 용강동 40-1,"음식점 > 한식 > 육류,고기",원조조박집 본관,http://place.map.kakao.com/20526340,126.94386630483366,37.539972062009305
서울 마포구 용강동 51-3,음식점 > 일식,마루심 마포점,http://place.map.kakao.com/1579165724,126.943466110614,37.5394997471332
서울 마포구 도화동 201-39,음식점 > 한식 > 한정식,마포나루 도화본점,http://place.map.kakao.com/7873176,126.94766290958223,37.53936563071287
서울 마포구 염리동 147-6,음식점 > 한식 > 냉면,을밀대 본점,http://place.map.kakao.com/25048467,126.945528667601,37.5474871749408
서울 마포구 도화동 345-4,음식점 > 분식 > 떡볶이,마포원조떡볶이,http://place.map.kakao.com/7865809,126.9487880797132,37.54033469896396
서울 마포구 도화동 181-39,음식점 > 한식 > 설렁탕,마포양지설렁탕 도화점,http://place.map.kakao.com/26973107,126.95050684717808,37.54202931134965
서울 마포구 용강동 50-13,음식점 > 한식 > 설렁탕,마포옥,http://place.map.kakao.com/10344284,126.94333796293756,37.53988170968319
서울 마포구 도화동 173,음식점 > 중식 > 중국요리,복성각 마포본점,http://place.map.kakao.com/18767256,126.94789286800444,37.54223541673393
서울 마포구 공덕동 478,음식점 > 한식,락희옥 마포본점,http://place.map.kakao.com/26843634,126.9491588210174,37.5442451972782
서울 마포구 도화동 251-1,음식점 > 양식,수퍼 마포점,http://place.map.kakao.com/861569275,126.94721645054943,37.53868517696238
서울 마포구 도화동 25-13,음식점 > 중식 > 중국요리,몽중헌 공덕점,http://place.map.kakao.com/1821978316,126.951293801463,37.5429378460993
서울 마포구 용강동 50-3,"음식점 > 한식 > 육류,고기 > 갈비",봉피양 마포점,http://place.map.kakao.com/17060534,126.94289083716951,37.54012296227281
서울 마포구 용강동 51-5,"음식점 > 한식 > 육류,고기",모연,http://place.map.kakao.com/162078159,126.94369703185356,37.53937101445396
서울 마포구 도화동 343-1,음식점 > 중식 > 중국요리,외백,http://place.map.kakao.com/8081930,126.948638763123,37.540273366124
서울 마포구 도화동 204-1,음식점 > 술집 > 일본식주점,기노,http://place.map.kakao.com/1525886780,126.947992714479,37.5385864113682
서울 중구 정동 11-5,음식점 > 한식,덕수정,http://place.map.kakao.com/10325577,126.972540313337,37.565884101522
서울 서대문구 충정로2가 2-2,음식점 > 중식 > 중국요리,복성각 서대문점,http://place.map.kakao.com/1264328991,126.965472542959,37.5664048237433
서울 종로구 평동 164,음식점 > 한식 > 국수 > 칼국수,봉평옹심이막국수,http://place.map.kakao.com/337902649,126.96727776209246,37.56677114221792
서울 중구 태평로1가 84,음식점 > 양식,디라이프 스타일키친 광화문점,http://place.map.kakao.com/444516464,126.97826128583668,37.56842610180289
서울 종로구 신문로1가 1-1,음식점 > 양식 > 이탈리안,스파게티가있는풍경 광화문역점,http://place.map.kakao.com/12651951,126.976188071776,37.5704691596036
서울 종로구 당주동 22-1,음식점 > 양식 > 이탈리안,뽐모도로,http://place.map.kakao.com/18306071,126.97565130415768,37.571139390601765
서울 광진구 군자동 467-16,"음식점 > 한식 > 육류,고기 > 오리",영미오리탕 군자점,http://place.map.kakao.com/8476706,127.07624489168452,37.55767441920997
서울 광진구 능동 225-1,"음식점 > 일식 > 초밥,롤",이이요,http://place.map.kakao.com/861945610,127.07890418373962,37.555185919524014
서울 광진구 능동 282-3,음식점 > 분식,이화만두,http://place.map.kakao.com/1663319716,127.0784736167,37.55469966782128
서울 광진구 능동 255-4,"음식점 > 양식 > 멕시칸,브라질",멕시칼리,http://place.map.kakao.com/1130537615,127.08755779246584,37.5535985688054
서울 광진구 능동 279-2,"음식점 > 한식 > 육류,고기 > 곱창,막창",대명소곱창,http://place.map.kakao.com/14697504,127.07940106433348,37.55630102118016
서울 광진구 군자동 473-16,"음식점 > 한식 > 육류,고기 > 오리",군자오리촌,http://place.map.kakao.com/12752579,127.0781264404046,37.55711907594827
서울 광진구 능동 220-4,음식점 > 한식 > 순대,청와옥 군자역직영점,http://place.map.kakao.com/1026067447,127.0804560593074,37.5564940214139
서울 광진구 중곡동 648-14,"음식점 > 한식 > 해물,생선",힘찬갯벌낙지,http://place.map.kakao.com/17184149,127.07959539213547,37.5581163995896
서울 광진구 중곡동 141-12,"음식점 > 한식 > 해물,생선 > 회",소랑도,http://place.map.kakao.com/26902018,127.08279850057669,37.55828718821834
서울 광진구 중곡동 138-19,"음식점 > 한식 > 육류,고기 > 닭요리",장원닭한마리,http://place.map.kakao.com/17662659,127.08309504072665,37.55830049485199
서울 광진구 능동 221-2,"음식점 > 한식 > 육류,고기 > 곱창,막창",군자대한곱창 본점,http://place.map.kakao.com/27229388,127.07968386445,37.5561728890469
서울 광진구 중곡동 241-7,"음식점 > 한식 > 해물,생선 > 회",백일도,http://place.map.kakao.com/21537309,127.080601674618,37.5634955675971
서울 광진구 중곡동 341-26,음식점 > 일식,텐동한,http://place.map.kakao.com/499409035,127.08152286014604,37.5571302946763
서울 광진구 중곡동 648-9,"음식점 > 한식 > 해물,생선 > 장어",우리맛금일푸른바다,http://place.map.kakao.com/22986610,127.079183570781,37.5582527270503
서울 광진구 군자동 51-24,"음식점 > 술집 > 호프,요리주점",노을집,http://place.map.kakao.com/1785160279,127.076635164771,37.5552820187617
서울 광진구 광장동 325-1,음식점 > 중식 > 중국요리,장순루,http://place.map.kakao.com/20741903,127.1077798618308,37.547839781543885
서울 광진구 광장동 257-3,음식점 > 중식,범가,http://place.map.kakao.com/24406902,127.10363256812067,37.54708485349314
서울 광진구 광장동 245-3,음식점 > 퓨전요리,오늘,http://place.map.kakao.com/1361131792,127.10324101860972,37.546254475765465
서울 광진구 광장동 393-21,"음식점 > 한식 > 해물,생선",어울림,http://place.map.kakao.com/1320909178,127.10199247106137,37.54845309615863
서울 광진구 광장동 394-3,"음식점 > 한식 > 육류,고기 > 갈비",송도갈비 광장점,http://place.map.kakao.com/2136765288,127.10193414181,37.5463385030253
서울 광진구 광장동 339-7,"음식점 > 한식 > 육류,고기",팔월잔칫날,http://place.map.kakao.com/2130915303,127.10761713961416,37.54800030767122
서울 광진구 광장동 258-39,음식점 > 한식 > 냉면,태천면옥,http://place.map.kakao.com/696513859,127.102682076505,37.5471271297866
서울 광진구 광장동 378-9,"음식점 > 한식 > 육류,고기 > 닭요리",아차산닭한마리,http://place.map.kakao.com/17910282,127.101760694724,37.5486055648482
서울 광진구 광장동 240-1,음식점 > 한식 > 설렁탕 > 신선설농탕,신선설농탕 광나루역점,http://place.map.kakao.com/12557611,127.10425862012332,37.5456562195333
서울 광진구 광장동 258-18,음식점 > 한식 > 국수,다야,http://place.map.kakao.com/14589313,127.102185001297,37.547736635976
서울 광진구 광장동 248-22,음식점 > 한식,산울,http://place.map.kakao.com/20742790,127.1024890941104,37.54668220414664
서울 광진구 광장동 245-16,음식점 > 한식,청사초롱,http://place.map.kakao.com/15560140,127.10293540803512,37.54619617765539
서울 광진구 구의동 202-6,음식점 > 중식,메이탄,http://place.map.kakao.com/156027137,127.093916595901,37.5425771740993
서울 광진구 광장동 326-13,"음식점 > 한식 > 육류,고기 > 갈비",광장수제갈비,http://place.map.kakao.com/881132907,127.106801516497,37.547400082255
서울 광진구 광장동 258-40,음식점 > 한식 > 냉면,청학동냉면,http://place.map.kakao.com/913933300,127.102817898921,37.547148635564
서울 은평구 응암동 113-35,음식점 > 일식 > 일본식라면,옥토끼제면소,http://place.map.kakao.com/1203212068,126.91641910445304,37.59808804328285
서울 은평구 응암동 119-1,"음식점 > 한식 > 육류,고기 > 갈비",벙구갈비,http://place.map.kakao.com/255668875,126.918833351851,37.5959886171266
서울 은평구 신사동 21-20,"음식점 > 한식 > 해물,생선",보들이쭈꾸미,http://place.map.kakao.com/1239271790,126.9131123306331,37.59828387323884
서울 은평구 역촌동 34-49,음식점 > 중식 > 중국요리,장가구,http://place.map.kakao.com/16044955,126.91814768885,37.60273205891305
서울 은평구 응암동 117-9,음식점 > 한식 > 감자탕,원조은평감자국,http://place.map.kakao.com/8542243,126.91972649027316,37.59730647695262
서울 은평구 신사동 23-6,"음식점 > 한식 > 육류,고기",소비니식당정육점,http://place.map.kakao.com/455393443,126.915339489953,37.5984918186971
서울 은평구 역촌동 85-28,음식점 > 한식 > 국수,손수메밀우동손만두,http://place.map.kakao.com/1696014904,126.915513563816,37.5997704492474
서울 은평구 응암동 113-35,"음식점 > 일식 > 초밥,롤",스시온도,http://place.map.kakao.com/1403576956,126.916406624104,37.5981096582251
서울 은평구 역촌동 85-46,음식점 > 일식 > 일본식라면,맛스구라멘,http://place.map.kakao.com/741956418,126.914866432736,37.5992402017266
서울 은평구 응암동 110-9,음식점 > 아시아음식 > 동남아음식 > 태국음식,아로이타이,http://place.map.kakao.com/21062786,126.91989375455154,37.59972304799564
서울 은평구 역촌동 42-62,"음식점 > 한식 > 육류,고기 > 족발,보쌈",장충당 역촌점,http://place.map.kakao.com/18635224,126.919131800788,37.6006271229113
서울 은평구 신사동 336-3,음식점 > 중식 > 중국요리,마마수제만두,http://place.map.kakao.com/15097612,126.913525217622,37.5918078508563
서울 은평구 역촌동 85-50,음식점 > 분식,꾸울떡,http://place.map.kakao.com/1687850249,126.91504752379193,37.59932142137878
서울 은평구 신사동 23-7,음식점 > 중식,니하오중국손만두,http://place.map.kakao.com/863711162,126.91523002589123,37.598159274511175
서울 은평구 대조동 185-30,"음식점 > 한식 > 해물,생선",원조두꺼비집불오징어,http://place.map.kakao.com/25037411,126.92100106119524,37.61810037096088
서울 은평구 대조동 197-2,"음식점 > 한식 > 육류,고기 > 족발,보쌈",목노집,http://place.map.kakao.com/7884924,126.92098101237968,37.61777960585332
서울 은평구 불광동 311-13,음식점 > 뷔페 > 해산물뷔페 > 쿠우쿠우,쿠우쿠우 연신내점,http://place.map.kakao.com/809678224,126.921684685346,37.6196721492204
서울 은평구 불광동 310-238,음식점 > 한식 > 국수 > 칼국수,봉평 옹심이메밀칼국수,http://place.map.kakao.com/27275040,126.922001797664,37.6197156066572
서울 은평구 대조동 185-43,"음식점 > 한식 > 육류,고기 > 족발,보쌈",보들이족발,http://place.map.kakao.com/21326439,126.920938557643,37.6182949424706
서울 은평구 갈현동 453-20,음식점 > 일식,일로,http://place.map.kakao.com/1218043088,126.91799267179871,37.61911823675793
서울 은평구 갈현동 454-15,"음식점 > 한식 > 육류,고기 > 갈비",골목집갈비살 연신내본점,http://place.map.kakao.com/2090617531,126.918462367894,37.61842299971536
서울 은평구 갈현동 460-13,"음식점 > 한식 > 육류,고기",다온상회,http://place.map.kakao.com/917788077,126.91874457032227,37.61723208841246
서울 은평구 갈현동 406-2,음식점 > 중식 > 중국요리,신간짬뽕,http://place.map.kakao.com/947723112,126.918895818665,37.6218902983661
서울 은평구 갈현동 454-10,음식점 > 중식,미각,http://place.map.kakao.com/969848058,126.91854803727304,37.61880327571286
서울 은평구 갈현동 431-4,"음식점 > 한식 > 육류,고기 > 곱창,막창",형제곱창,http://place.map.kakao.com/351954782,126.917733487707,37.6199613807386
서울 은평구 대조동 194-28,음식점 > 한식,메밀마을,http://place.map.kakao.com/10342053,126.92168857115432,37.61596728962113
서울 은평구 대조동 219-20,"음식점 > 한식 > 육류,고기 > 닭요리",강씨네닭발 본점,http://place.map.kakao.com/1726622446,126.9187777953001,37.615843688679576
서울 은평구 불광동 311-12,음식점 > 중식 > 중국요리,중국소흘,http://place.map.kakao.com/911073002,126.921831655936,37.619940740968
서울 은평구 갈현동 401-2,음식점 > 치킨,아웃닭 연신내점,http://place.map.kakao.com/838438667,126.918413412796,37.6196879525814
서울 마포구 상암동 1493,"음식점 > 한식 > 육류,고기",일미락 상암점,http://place.map.kakao.com/26563357,126.89725513651452,37.57637341523888
서울 마포구 상암동 1520,"음식점 > 한식 > 육류,고기",한상가득왕솥뚜껑 상암본점,http://place.map.kakao.com/27124062,126.89753105270432,37.575769088008265
서울 은평구 증산동 223-28,음식점 > 중식,아리산채,http://place.map.kakao.com/19293429,126.899742739059,37.5785415435035
서울 마포구 상암동 1615,음식점 > 뷔페 > 해산물뷔페,다이닝원 상암점,http://place.map.kakao.com/1254936407,126.89427478699886,37.5785367729546
서울 마포구 상암동 2-98,"음식점 > 한식 > 육류,고기 > 삼겹살",몽미,http://place.map.kakao.com/1855765076,126.8962118337315,37.57768254780711
서울 마포구 상암동 2-29,"음식점 > 일식 > 돈까스,우동",옥자회관,http://place.map.kakao.com/203032568,126.89516872681428,37.57882588818087
서울 마포구 상암동 2-200,음식점 > 양식 > 이탈리안,파스타공작소,http://place.map.kakao.com/747417275,126.8970074707373,37.57536768995833
서울 마포구 상암동 15-29,"음식점 > 한식 > 육류,고기 > 삼겹살",교대이층집 상암점,http://place.map.kakao.com/289696284,126.89471835373016,37.57707755938142
서울 은평구 증산동 222-5,"음식점 > 양식 > 스테이크,립",스테이564 뉴욕스트립에디션 은평점,http://place.map.kakao.com/1481830730,126.901678455997,37.5786512908751
서울 마포구 상암동 1610,음식점 > 양식 > 햄버거,크라이치즈버거 상암점,http://place.map.kakao.com/1652929268,126.892900559389,37.5784526427536
서울 마포구 상암동 35-7,"음식점 > 한식 > 해물,생선 > 회",도시의어부 상암점,http://place.map.kakao.com/25810798,126.895022575291,37.5764867782513
서울 마포구 상암동 1497,"음식점 > 한식 > 해물,생선",상암해물,http://place.map.kakao.com/788324388,126.89697462684994,37.57620017990017
서울 마포구 상암동 20-9,"음식점 > 간식 > 제과,베이커리",더브래드팬트리,http://place.map.kakao.com/20607141,126.896086557107,37.5765922349262
서울 마포구 상암동 4-2,"음식점 > 한식 > 육류,고기",늘푸른목장 상암점,http://place.map.kakao.com/1070023547,126.89499715846358,37.57846353622043
서울 마포구 상암동 42-20,"음식점 > 일식 > 초밥,롤",김영섭초밥,http://place.map.kakao.com/26562398,126.89331376767,37.5776601423885
서울 마포구 성산동 446,"음식점 > 한식 > 육류,고기 > 갈비",성산왕갈비,http://place.map.kakao.com/16044741,126.90313568011938,37.56973265061326
서울 마포구 성산동 200-38,음식점 > 중식,당가원,http://place.map.kakao.com/27268813,126.90928842852024,37.56736792077386
서울 마포구 성산동 174-1,음식점 > 술집 > 실내포장마차,대박포차,http://place.map.kakao.com/853148509,126.905059052591,37.567798875173
서울 마포구 성산동 590-5,"음식점 > 일식 > 초밥,롤",스시린,http://place.map.kakao.com/21547231,126.90351382884413,37.56528474564438
서울 마포구 성산동 200-316,"음식점 > 한식 > 해물,생선",군산찜,http://place.map.kakao.com/16050290,126.90739883547,37.5649716072044
서울 서대문구 북가좌동 383-7,"음식점 > 간식 > 제과,베이커리",서호파이,http://place.map.kakao.com/928524911,126.905484018106,37.5754684843315
서울 마포구 성산동 590-4,"음식점 > 한식 > 육류,고기",도야지,http://place.map.kakao.com/120985155,126.903205452482,37.5656746243921
서울 마포구 망원동 476-1,음식점 > 한식 > 해장국,일등식당,http://place.map.kakao.com/16050121,126.904339369294,37.5605470785376
서울 마포구 성산동 260-14,"음식점 > 한식 > 찌개,전골",만나식당,http://place.map.kakao.com/11794517,126.906381058369,37.5606243988198
서울 마포구 망원동 482-3,"음식점 > 한식 > 육류,고기 > 곱창,막창",청어람 망원점,http://place.map.kakao.com/13292214,126.907469581002,37.558105169041376
서울 마포구 성산동 649-5,"음식점 > 한식 > 해물,생선 > 회",우리바다수산,http://place.map.kakao.com/15965312,126.908947012046,37.5577215919444
서울 마포구 망원동 57-38,음식점 > 패스트푸드 > 샌드위치,소금집델리 망원,http://place.map.kakao.com/256064588,126.9082362313625,37.55682364858841
서울 마포구 망원동 415-31,음식점 > 일식,이치젠,http://place.map.kakao.com/132500108,126.904548055636,37.5566585450825
서울 마포구 망원동 400-1,"음식점 > 간식 > 제과,베이커리",어글리베이커리,http://place.map.kakao.com/828640256,126.90605533995198,37.555021740953606
서울 마포구 망원동 414-26,음식점 > 한식 > 국수 > 칼국수,망원시장손칼국수,http://place.map.kakao.com/18856246,126.90627231294036,37.55617969492439
서울 마포구 망원동 404-42,"음식점 > 간식 > 제과,베이커리",투떰즈업,http://place.map.kakao.com/1596111775,126.90483312213462,37.55498472226856
서울 마포구 망원동 471-27,음식점 > 중식 > 중국요리,초한초마,http://place.map.kakao.com/25068910,126.903378431641,37.5614472925164
서울 마포구 망원동 481-5,음식점 > 한식 > 순대,순대일번지,http://place.map.kakao.com/16931682,126.90748815166,37.558646682726
서울 마포구 망원동 453-43,음식점 > 중식 > 중국요리,강동원,http://place.map.kakao.com/16471669,126.897314917439,37.5559172623921
서울 마포구 망원동 379-25,음식점 > 일식,헤키,http://place.map.kakao.com/1226420399,126.90978977413248,37.5552408925752
서울 마포구 서교동 481-5,음식점 > 한식 > 국수 > 칼국수,평이담백뼈칼국수,http://place.map.kakao.com/2080551677,126.91388768076033,37.55433394490104
서울 마포구 서교동 465-1,"음식점 > 일식 > 돈까스,우동",카와카츠 본점,http://place.map.kakao.com/1351221007,126.916195926392,37.554741054656375
서울 마포구 망원동 386-2,음식점 > 중식 > 중국요리,가원 망원본점,http://place.map.kakao.com/10119922,126.91082004486282,37.55490830617946
서울 마포구 망원동 378-1,음식점 > 분식,진성만두 망원본점,http://place.map.kakao.com/547879736,126.909750878103,37.5555868458314
서울 마포구 망원동 57-194,음식점 > 일식 > 일본식라면,희옥,http://place.map.kakao.com/291532086,126.9069593083376,37.55433769867013
서울 마포구 망원동 386-16,"음식점 > 술집 > 호프,요리주점",너랑나랑호프 망원점,http://place.map.kakao.com/19452143,126.91107839162562,37.55464450877354
서울 광진구 중곡동 31-9,"음식점 > 한식 > 육류,고기",도톰 본점,http://place.map.kakao.com/634703620,127.083250273491,37.5635477894696
서울 광진구 중곡동 244-3,"음식점 > 한식 > 육류,고기 > 곱창,막창",대구참막창 중곡본점,http://place.map.kakao.com/25405511,127.0799672160505,37.56291575746224
서울 광진구 중곡동 229-16,음식점 > 분식,콩이네분식,http://place.map.kakao.com/1410068376,127.081472180831,37.5646356311474
서울 광진구 중곡동 165-2,음식점 > 중식 > 양꼬치,향미숯불양꼬치 중곡본점,http://place.map.kakao.com/776504102,127.08302224471213,37.5640939536813
서울 광진구 중곡동 229-5,"음식점 > 한식 > 육류,고기 > 족발,보쌈",제일족발곱창,http://place.map.kakao.com/1100701184,127.081303874631,37.5639095443473
서울 광진구 중곡동 239-82,음식점 > 기사식당,뽀빠이기사식당,http://place.map.kakao.com/22675925,127.078564628404,37.5637744475288
서울 광진구 중곡동 241-30,"음식점 > 한식 > 육류,고기",거북이삼겹살,http://place.map.kakao.com/16933181,127.080076220382,37.5632400422312
서울 광진구 중곡동 164-3,"음식점 > 한식 > 해물,생선 > 회",광어2마리15000원,http://place.map.kakao.com/2090037361,127.08199109388256,37.56304050877437
서울 광진구 중곡동 30-60,음식점 > 분식 > 떡볶이,한스즉석떡볶이 중곡1호점,http://place.map.kakao.com/24068176,127.08382590189,37.564124019685
서울 광진구 중곡동 164-3,음식점 > 아시아음식 > 동남아음식 > 베트남음식,포남딘,http://place.map.kakao.com/64583318,127.082036320352,37.562997229544
서울 광진구 중곡동 167-19,"음식점 > 간식 > 제과,베이커리",르빵프레 중곡점,http://place.map.kakao.com/27233682,127.083655930098,37.5659765878705
서울 광진구 중곡동 240-5,"음식점 > 한식 > 해물,생선 > 회",청정활어회직판장,http://place.map.kakao.com/20846675,127.07943354939924,37.563447705498646
서울 강남구 삼성동 58-6,"음식점 > 한식 > 육류,고기",길목,http://place.map.kakao.com/27512695,127.0564630117036,37.5190263231252
서울 강남구 청담동 129-10,"음식점 > 한식 > 육류,고기",새벽집 청담점,http://place.map.kakao.com/19880897,127.05288740471664,37.52552600919063
서울 강남구 청담동 50-13,"음식점 > 한식 > 육류,고기",영천영화 청담점,http://place.map.kakao.com/1996999092,127.049583065424,37.5240182638883
서울 강남구 청담동 46-16,"음식점 > 간식 > 떡,한과",강정이넘치는집 청담점,http://place.map.kakao.com/1913306850,127.04858302027746,37.518764932337184
서울 강남구 청담동 98-7,음식점 > 양식,쵸이닷,http://place.map.kakao.com/1565367501,127.04655153958882,37.524415938697466
서울 강남구 청담동 68-7,음식점 > 한식 > 순대,신의주찹쌀순대,http://place.map.kakao.com/8407127,127.0551873432914,37.52251380705788
서울 강남구 청담동 94-6,음식점 > 한식,밍글스,http://place.map.kakao.com/24073852,127.04410633651612,37.52541969265465
서울 강남구 청담동 69-5,음식점 > 양식,톡톡,http://place.map.kakao.com/23490935,127.05432412573424,37.52239707691486
서울 강남구 삼성동 8-1,음식점 > 한식,봉밀가 강남구청점,http://place.map.kakao.com/26794399,127.04240520642308,37.51598140935323
서울 강남구 삼성동 78,음식점 > 중식,더라운드 삼성점,http://place.map.kakao.com/1498098673,127.05759951147192,37.52005652181146
서울 강남구 청담동 125-16,"음식점 > 한식 > 육류,고기 > 갈비",강강술래 청담점,http://place.map.kakao.com/20946094,127.051866684265,37.5250858718091
서울 강남구 청담동 32-6,"음식점 > 한식 > 육류,고기 > 갈비",금돈옥 청담점,http://place.map.kakao.com/1311420382,127.048315399105,37.5194912506268
서울 강남구 삼성동 118-21,음식점 > 양식,비야게레로,http://place.map.kakao.com/27271692,127.052803174639,37.5119524342741
서울 강남구 청담동 97,음식점 > 중식 > 중국요리,몽중헌 청담점,http://place.map.kakao.com/12140312,127.04481610576194,37.52429227164699
서울 강남구 삼성동 65-5,음식점 > 술집 > 와인바,청담나인,http://place.map.kakao.com/1318164672,127.051863099255,37.516638070762
서울 강남구 논현동 115-10,음식점 > 한식 > 냉면,진미평양냉면 별관,http://place.map.kakao.com/27584230,127.036047158128,37.5161357904841
서울 강남구 논현동 115-4,음식점 > 한식,맛짱조개,http://place.map.kakao.com/16063439,127.03701110873816,37.51658058812537
서울 강남구 논현동 116-3,"음식점 > 한식 > 육류,고기 > 족발,보쌈",팔당족발,http://place.map.kakao.com/1284801093,127.037815429565,37.5167308009498
서울 강남구 논현동 240-14,음식점 > 중식 > 중국요리,공리 강남구청역점,http://place.map.kakao.com/11026324,127.039518586958,37.51606259974256
서울 강남구 삼성동 10-18,음식점 > 간식 > 아이스크림,젠제로,http://place.map.kakao.com/900538186,127.04324523621,37.5152792229316
서울 강남구 청담동 38-4,음식점 > 양식,무오키,http://place.map.kakao.com/312947795,127.0422383850022,37.519029563585256
서울 강남구 논현동 116-5,"음식점 > 한식 > 육류,고기 > 닭요리",팔당닭발,http://place.map.kakao.com/20943718,127.03790470051008,37.51655327463296
서울 강남구 논현동 115-16,음식점 > 한식 > 냉면,진미평양냉면 본관,http://place.map.kakao.com/658541467,127.03624504347212,37.51600328239411
서울 강남구 청담동 89-6,"음식점 > 양식 > 스테이크,립",울프강스테이크하우스 청담점,http://place.map.kakao.com/26572124,127.04141558950498,37.52439983131448
서울 강남구 논현동 242-9,음식점 > 한식 > 순대,백암왕순대,http://place.map.kakao.com/16737435,127.04050607749272,37.51607487927412
서울 강남구 논현동 242-17,"음식점 > 한식 > 육류,고기",이층고깃집 강남구청역점,http://place.map.kakao.com/423334112,127.040707366303,37.5159756996824
서울 강남구 논현동 278-4,음식점 > 중식 > 중국요리,대가방 본점,http://place.map.kakao.com/7815078,127.04292929250258,37.51070223749141
서울 강남구 논현동 243-5,"음식점 > 한식 > 육류,고기 > 닭요리 > 삼계탕",진전복삼계탕 강남구청점,http://place.map.kakao.com/1117702712,127.039777480852,37.515804825807
서울 강남구 논현동 95-21,음식점 > 일식,해목,http://place.map.kakao.com/1356302565,127.038291830551,37.5215248852172
서울 강남구 논현동 37-9,음식점 > 중식,홍명,http://place.map.kakao.com/10972091,127.029458772737,37.5145374347634
서울 강남구 논현동 89-22,"음식점 > 한식 > 육류,고기",세종한우 학동역점,http://place.map.kakao.com/13102233,127.0330287554742,37.51495095221036
서울 강남구 논현동 42-6,음식점 > 양식,알라프리마,http://place.map.kakao.com/27129003,127.0260266212748,37.51353812649945
서울 강남구 논현동 261,"음식점 > 한식 > 해물,생선 > 게,대게",크래버대게나라 강남점,http://place.map.kakao.com/1777540958,127.036257660784,37.5116883705501
서울 강남구 논현동 79-4,음식점 > 한식 > 냉면,향동가,http://place.map.kakao.com/147807403,127.031264765449,37.5162930268058
서울 강남구 논현동 67-11,"음식점 > 한식 > 육류,고기 > 곱창,막창",우정양곱창,http://place.map.kakao.com/1120567503,127.030107335874,37.5184332106763
서울 강남구 논현동 11-1,"음식점 > 일식 > 돈까스,우동",현우동,http://place.map.kakao.com/901836680,127.024288113104,37.517007361287
서울 강남구 논현동 37-1,음식점 > 일식 > 일본식라면,토가라시,http://place.map.kakao.com/241205479,127.0290018265254,37.51460061811422
서울 강남구 논현동 115,음식점 > 한식 > 순대,청와옥 본사직영학동점,http://place.map.kakao.com/1949089271,127.035719197689,37.516282753705
서울 강남구 논현동 66-2,음식점 > 한식 > 냉면,평양면옥,http://place.map.kakao.com/8130016,127.029148302031,37.5189524291083
서울 강남구 논현동 163-4,"음식점 > 한식 > 육류,고기 > 족발,보쌈",리북집 논현직영점,http://place.map.kakao.com/12435058,127.0236723808219,37.50862544472714
서울 강남구 논현동 21-16,음식점 > 중식,인량 훠궈,http://place.map.kakao.com/980076754,127.021228628773,37.5140166183827
서울 서초구 반포동 706-6,음식점 > 한식 > 국수,성천막국수 논현점,http://place.map.kakao.com/862508200,127.0205851581882,37.510370368086654
서울 서초구 잠원동 10-53,음식점 > 한식 > 설렁탕,영동설렁탕,http://place.map.kakao.com/8008344,127.01737204634458,37.51615082556445
서울 서초구 반포동 707-8,음식점 > 양식 > 이탈리안,도셰프,http://place.map.kakao.com/14712145,127.021114237763,37.5094719731264
서울 서초구 잠원동 12-21,"음식점 > 한식 > 육류,고기",꿉당 신사점,http://place.map.kakao.com/1407082787,127.01904059777624,37.516623595266935
서울 서초구 잠원동 27-1,"음식점 > 한식 > 해물,생선 > 게,대게",프로간장게장 신사본점,http://place.map.kakao.com/11445020,127.01915657780924,37.5145575749638
서울 서초구 잠원동 36-27,음식점 > 한식 > 쌈밥,무한쌈밥집,http://place.map.kakao.com/15477928,127.018875515592,37.5123916064706
서울 서초구 잠원동 36-32,"음식점 > 한식 > 해물,생선 > 회",진동둔횟집,http://place.map.kakao.com/8077717,127.019649137688,37.5122437156185
서울 서초구 반포동 706-3,"음식점 > 한식 > 육류,고기 > 오리",신이주신선물오리고기,http://place.map.kakao.com/27217610,127.020313747322,37.5105244868527
서울 강남구 논현동 143-10,"음식점 > 한식 > 육류,고기 > 갈비",영동삼미숯불갈비,http://place.map.kakao.com/16037922,127.022932948494,37.5094716340331
서울 강남구 논현동 163-14,"음식점 > 한식 > 육류,고기",옛날농장 논현점,http://place.map.kakao.com/1350808227,127.023887064208,37.5079613609436
서울 서초구 잠원동 21-5,"음식점 > 일식 > 돈까스,우동",한성돈까스,http://place.map.kakao.com/8139174,127.01909667688476,37.5147467954767
서울 서초구 잠원동 58-24,음식점 > 패밀리레스토랑 > 빕스,빕스 반포역점,http://place.map.kakao.com/17361280,127.01193571992702,37.50862000568724
서울 서초구 잠원동 61-11,음식점 > 중식 > 중국요리,js가든 잠원점,http://place.map.kakao.com/2090510438,127.010653722693,37.5127467288248
서울 서초구 잠원동 66-9,"음식점 > 한식 > 육류,고기",육갑식당 잠원직영점,http://place.map.kakao.com/23612551,127.008622975925,37.5088969024379
서울 서초구 잠원동 69-22,"음식점 > 간식 > 제과,베이커리 > 화이트리에",화이트리에 반포본점,http://place.map.kakao.com/734902310,127.00806522893836,37.50751209734605
서울 서초구 잠원동 66-2,음식점 > 중식 > 중국요리,크리스탈제이드 상하이팰리스 잠원점,http://place.map.kakao.com/213272862,127.01004374616834,37.51036002172881
서울 동작구 상도동 485,"음식점 > 일식 > 초밥,롤",마루스시,http://place.map.kakao.com/18583159,126.953494585199,37.4974849361353
서울 동작구 상도동 488,"음식점 > 한식 > 육류,고기 > 곱창,막창",상도곱창,http://place.map.kakao.com/8389347,126.95353340841018,37.49688127707114
서울 동작구 상도동 488,"음식점 > 간식 > 제과,베이커리",가춘,http://place.map.kakao.com/796253423,126.95354023257572,37.496818209298
서울 동작구 상도1동 244-1,음식점 > 한식,사리원,http://place.map.kakao.com/25044677,126.950634670914,37.4991632514128
서울 동작구 상도동 507-11,음식점 > 양식,스톤504 스테이크하우스,http://place.map.kakao.com/27246678,126.95777083555848,37.49463215302245
서울 동작구 상도동 503-3,음식점 > 양식 > 햄버거,크라이치즈버거 숭실대점,http://place.map.kakao.com/529266411,126.956305148209,37.4948911099894
서울 동작구 상도동 477-17,음식점 > 한식,황새골,http://place.map.kakao.com/14545886,126.952833887642,37.4979243653182
서울 동작구 상도동 500-1,"음식점 > 한식 > 육류,고기",889와규,http://place.map.kakao.com/248225764,126.955251111088,37.4950817288853
서울 동작구 상도동 490-6,"음식점 > 술집 > 호프,요리주점",파동추야,http://place.map.kakao.com/15545421,126.953025139347,37.4959025828941
서울 동작구 상도동 408,음식점 > 분식,고추동제면소,http://place.map.kakao.com/19924183,126.95623679441648,37.49381798543891
서울 동작구 상도동 490-5,"음식점 > 한식 > 육류,고기",불타는소금구이 상도동점,http://place.map.kakao.com/20634995,126.953233131905,37.4960324103746
서울 동작구 상도동 477-13,음식점 > 술집 > 와인바,움프,http://place.map.kakao.com/2053631472,126.952526211496,37.49805218497812
서울 동작구 상도1동 258-3,음식점,기절초풍왕순대 상도직영점,http://place.map.kakao.com/1904772169,126.951076525281,37.4996553845672
서울 동작구 상도동 506-4,음식점 > 한식 > 국수 > 칼국수,손칼국수,http://place.map.kakao.com/21332945,126.95783283484552,37.49497996381457
서울 동작구 상도1동 401-4,음식점 > 중식 > 중국요리,북경,http://place.map.kakao.com/15586842,126.9498040532184,37.5016731040335
서울 동작구 상도1동 784-1,음식점 > 술집 > 실내포장마차,상도실내포장마차,http://place.map.kakao.com/16853817,126.94847511579287,37.50182570284895
서울 동작구 상도1동 682,음식점 > 치킨,인근주민 상도점,http://place.map.kakao.com/1446660533,126.94824762516072,37.503717715178254
서울 동작구 상도1동 666-3,"음식점 > 간식 > 제과,베이커리",우부래도 베지찬,http://place.map.kakao.com/190594939,126.94865514173432,37.50317188366616
서울 동작구 상도동 17-61,음식점 > 한식,다래식당,http://place.map.kakao.com/8221289,126.947730134699,37.5062655302197
서울 동작구 상도동 529,"음식점 > 간식 > 제과,베이커리",브레드덕,http://place.map.kakao.com/558571688,126.943641937147,37.5043174792398
서울 동작구 노량진동 309-18,"음식점 > 한식 > 육류,고기",운봉산장,http://place.map.kakao.com/9309265,126.9402596282471,37.50807841423189
서울 동작구 상도1동 677,음식점 > 술집 > 일본식주점,혼미 상도직영점,http://place.map.kakao.com/1191397487,126.948911218837,37.5041216544627
서울 동작구 상도동 527,음식점 > 한식 > 수제비,낙지한마리수제비 상도,http://place.map.kakao.com/18252704,126.94406520920307,37.50544123398319
서울 동작구 상도동 29-87,"음식점 > 한식 > 육류,고기",농장사람들 상도점,http://place.map.kakao.com/97033128,126.944211396984,37.5050493658545
서울 동작구 상도1동 450-2,음식점 > 분식 > 떡볶이,은희네온집닭떡볶이,http://place.map.kakao.com/1671972109,126.950940127752,37.5024394361753
서울 동작구 상도1동 664-2,음식점 > 샤브샤브,상도정,http://place.map.kakao.com/12333481,126.94915244162412,37.50363701761508
서울 동작구 상도1동 638-1,"음식점 > 술집 > 호프,요리주점",밀짚모자,http://place.map.kakao.com/1822548282,126.95057126967858,37.50441879152526
서울 동작구 신대방동 362-27,음식점 > 한식 > 국밥,서일순대국 별관,http://place.map.kakao.com/27454501,126.92113356597488,37.49784979114988
서울 영등포구 신길동 4216,음식점 > 분식,즉석우동짜장,http://place.map.kakao.com/16535724,126.91964009730576,37.498529945342014
서울 동작구 신대방동 367-33,음식점 > 한식 > 순대,서일순대국 본관,http://place.map.kakao.com/499990754,126.920953040121,37.4974586337768
서울 동작구 신대방동 361-50,"음식점 > 일식 > 초밥,롤",상남스시,http://place.map.kakao.com/1716298066,126.92384161994346,37.49820836645093
서울 영등포구 신길동 497,음식점 > 샤브샤브,소담촌 보라매역점,http://place.map.kakao.com/954942459,126.919353857659,37.499701058119086
서울 동작구 대방동 416-13,"음식점 > 한식 > 육류,고기",친구네정육식당 보라매점,http://place.map.kakao.com/889101907,126.921457854023,37.4991871002963
서울 동작구 신대방동 344-15,"음식점 > 일식 > 돈까스,우동",모스키친,http://place.map.kakao.com/1448531833,126.92767933718322,37.49750438928685
서울 동작구 대방동 417-1,"음식점 > 한식 > 육류,고기 > 갈비",세종대왕 숯불갈비 보라매점,http://place.map.kakao.com/19658658,126.92076563946,37.4992947587655
서울 영등포구 신길동 483,음식점 > 일식 > 일본식라면,산호키,http://place.map.kakao.com/592765644,126.918676038585,37.4990410570655
서울 영등포구 신길동 505,음식점 > 패스트푸드 > 맥도날드,맥도날드 보라매점,http://place.map.kakao.com/27440997,126.9200985289234,37.50025117773754
서울 영등포구 신길동 4225,"음식점 > 한식 > 육류,고기",황가네촌전원일기,http://place.map.kakao.com/16561476,126.91914697454,37.4985872732613
서울 동작구 대방동 409-3,"음식점 > 한식 > 해물,생선 > 아구",일진아구찜,http://place.map.kakao.com/17290260,126.925199077282,37.4989264346672
서울 영등포구 신길동 499,"음식점 > 일식 > 초밥,롤",샤리스시,http://place.map.kakao.com/351453064,126.919259084042,37.4994955640244
서울 영등포구 신길동 4206,"음식점 > 한식 > 육류,고기",농장사람들 보라매역점,http://place.map.kakao.com/364531160,126.919406649577,37.4979315182181
서울 동작구 대방동 416-11,"음식점 > 한식 > 육류,고기 > 오리",가야촌유황오리 대방점,http://place.map.kakao.com/15613293,126.922009717382,37.4991946739666
서울 구로구 가리봉동 127-5,음식점 > 중식 > 중국요리,월래순교자관,http://place.map.kakao.com/1125944924,126.889810723306,37.4802731041657
서울 금천구 가산동 44-1,"음식점 > 한식 > 육류,고기 > 족발,보쌈",여신족발,http://place.map.kakao.com/14547125,126.884295958368,37.4822824874894
서울 금천구 가산동 143-18,음식점 > 한식,개성손만두요리전문점 가산디지털점,http://place.map.kakao.com/1454070757,126.8905313961,37.4768427318976
서울 금천구 가산동 60-11,"음식점 > 술집 > 호프,요리주점 > 술속의밤",술속의밤 가산디지털점,http://place.map.kakao.com/25449227,126.884861570419,37.4820884222203
서울 금천구 가산동 371-37,"음식점 > 한식 > 육류,고기 > 불고기,두루치기",가산물갈비&즉석소불고기,http://place.map.kakao.com/1954563179,126.88366152357,37.477275859989
서울 금천구 가산동 42-32,"음식점 > 한식 > 육류,고기 > 갈비",삼숙이갈비 본점,http://place.map.kakao.com/26943942,126.88305724639,37.4819893412383
서울 금천구 가산동 371-59,"음식점 > 한식 > 육류,고기",동남집 2호점,http://place.map.kakao.com/27466069,126.88151116015,37.4787405657871
서울 금천구 가산동 60-8,음식점 > 중식 > 중국요리,하이디라오 가산점,http://place.map.kakao.com/670610672,126.88889556217104,37.47756111135709
서울 금천구 가산동 505-18,"음식점 > 일식 > 돈까스,우동",봉까스,http://place.map.kakao.com/1321013936,126.879971936987,37.4854208901061
서울 금천구 가산동 83-1,음식점 > 중식 > 양꼬치,니하우,http://place.map.kakao.com/16878201,126.88519553754618,37.48254465742461
서울 금천구 가산동 40-15,음식점 > 중식 > 양꼬치,미가양꼬치,http://place.map.kakao.com/26918159,126.883065566834,37.482454269783
서울 금천구 가산동 143-20,"음식점 > 한식 > 육류,고기 > 곱창,막창",문정곱창,http://place.map.kakao.com/1923183156,126.8902776969006,37.47715514677879
서울 금천구 가산동 140-38,"음식점 > 한식 > 육류,고기 > 족발,보쌈",춘천옥,http://place.map.kakao.com/8117410,126.889702348695,37.4778546951962
서울 금천구 가산동 777,"음식점 > 한식 > 해물,생선 > 회",가산어시장,http://place.map.kakao.com/1549878166,126.88272266083196,37.48266206282939
서울 금천구 가산동 35-12,"음식점 > 한식 > 해물,생선",통영해물가 가산2호점,http://place.map.kakao.com/27300303,126.88248445188228,37.48315738067613
서울 송파구 석촌동 286-9,음식점 > 한식 > 국수 > 칼국수,황도바지락칼국수,http://place.map.kakao.com/9631869,127.1060501190329,37.5042400714624
서울 송파구 송파동 23-10,음식점 > 중식 > 중국요리,진지아,http://place.map.kakao.com/219797863,127.10824674101124,37.507579905813294
서울 송파구 송파동 85-12,음식점 > 일식,사사노하,http://place.map.kakao.com/2127972171,127.1088307273419,37.50550795941011
서울 송파구 석촌동 282-2,"음식점 > 간식 > 제과,베이커리",쥬뗑뷔뜨,http://place.map.kakao.com/1962075179,127.10651809446075,37.50327377288592
서울 송파구 송파동 13-18,음식점 > 일식,야끼소바 니주마루,http://place.map.kakao.com/1318032918,127.107107146534,37.5079044052504
서울 송파구 송파동 134-1,"음식점 > 한식 > 해물,생선 > 게,대게",본가진미간장게장,http://place.map.kakao.com/17296779,127.1113038375213,37.50832579951229
서울 송파구 송파동 20-6,음식점 > 중식 > 중국요리,중화일상,http://place.map.kakao.com/2017118439,127.109646437974,37.5072425401728
서울 송파구 송파동 45-5,음식점 > 일식,단디 송리단길본점,http://place.map.kakao.com/603376150,127.110343802353,37.509231308584
서울 송파구 송파동 85-12,음식점 > 한식,글로리식당,http://place.map.kakao.com/483896495,127.10882282358018,37.50551697674724
서울 송파구 송파동 97-11,"음식점 > 일식 > 돈까스,우동",고인돌,http://place.map.kakao.com/21404826,127.111151726865,37.5018495194872
서울 송파구 석촌동 273-6,음식점 > 한식 > 해장국,풍년뼈다귀해장국,http://place.map.kakao.com/12060027,127.106626398492,37.5007004037218
서울 송파구 석촌동 273-12,음식점 > 한식 > 감자탕,송파감자국,http://place.map.kakao.com/9847850,127.10528669869,37.5001970421752
서울 송파구 송파동 195-1,음식점 > 분식 > 떡볶이,모꼬지에,http://place.map.kakao.com/7867010,127.112334811109,37.5004320197287
서울 송파구 가락동 73-2,"음식점 > 한식 > 육류,고기 > 족발,보쌈",오향가 가락본점,http://place.map.kakao.com/16447083,127.121412267907,37.4967577473426
서울 송파구 석촌동 297-2,음식점 > 한식 > 설렁탕,진미옥설농탕 본점,http://place.map.kakao.com/14884101,127.10912179850548,37.501127003645
서울 송파구 가락동 79-7,음식점 > 한식 > 순대,함경도찹쌀순대,http://place.map.kakao.com/26971014,127.121314000573,37.4947323862486
서울 송파구 석촌동 297-1,"음식점 > 한식 > 해물,생선 > 회",허심탄회,http://place.map.kakao.com/12718781,127.10895999310743,37.50106858764656
서울 송파구 석촌동 295-10,음식점 > 중식 > 중국요리,옛날맛짜장,http://place.map.kakao.com/16268657,127.10865889266,37.5016572215739
