address_name,category_group_code,category_group_name,category_name,distance,id,phone,place_name,place_url,road_address_name,x,y,station
서울 중구 만리동1가 53-8,FD6,음식점,음식점 > 일식 > 일본식라면,556,469577034,070-4177-0365,유즈라멘 서울역본점,http://place.map.kakao.com/469577034,서울 중구 만리재로 217,126.96823844833658,37.556815391728634,서울
서울 중구 남창동 60-2,FD6,음식점,음식점 > 분식,705,11486129,02-755-2569,가메골손왕만두 남대문본점,http://place.map.kakao.com/11486129,서울 중구 남대문시장4길 42,126.97711545793453,37.55835454736746,서울
서울 용산구 후암동 446,FD6,음식점,음식점 > 일식 > 일본식라면,395,1255299690,0507-1420-9787,이이네,http://place.map.kakao.com/1255299690,서울 용산구 소월로2길 13,126.97673755104057,37.55437026262591,서울
서울 중구 남대문로5가 120,FD6,음식점,음식점 > 한식 > 냉면,645,1644608542,0503-7150-8217,서령,http://place.map.kakao.com/1644608542,서울 중구 소월로 10,126.97549698076399,37.55846234223722,서울
서울 용산구 동자동 35-44,FD6,음식점,"음식점 > 한식 > 해물,생선 > 장어",192,16039548,02-777-4380,일미장어,http://place.map.kakao.com/16039548,서울 용산구 후암로57길 35-15,126.97431417197112,37.552157810329795,서울
서울 용산구 동자동 9-4,FD6,음식점,음식점 > 중식 > 중국요리,186,15620998,02-777-5558,태향,http://place.map.kakao.com/15620998,서울 용산구 후암로57길 3-10,126.974645414975,37.5531624947533,서울
서울 용산구 동자동 42-9,FD6,음식점,"음식점 > 한식 > 육류,고기 > 오리",356,986888165,02-6080-6852,돈오리,http://place.map.kakao.com/986888165,서울 용산구 한강대로102길 3,126.972365098288,37.549943617455,서울
서울 중구 만리동1가 62-11,FD6,음식점,음식점 > 양식,496,1646052453,02-393-1824,만리재비스트로,http://place.map.kakao.com/1646052453,서울 중구 만리재로 201,126.967831535859,37.5556079449278,서울
서울 중구 남창동 203-15,FD6,음식점,"음식점 > 일식 > 돈까스,우동",699,27244728,02-777-1976,23번지 남산돈까스 본점,http://place.map.kakao.com/27244728,서울 중구 소파로 23,126.97953468368163,37.55609799309515,서울
서울 용산구 동자동 43-13,FD6,음식점,음식점 > 아시아음식 > 동남아음식 > 베트남음식,166,709029480,02-711-4748,노이덴,http://place.map.kakao.com/709029480,서울 용산구 한강대로 373,126.972055502162,37.5516995903275,서울
서울 중구 봉래동2가 122-11,FD6,음식점,음식점 > 샤브샤브,286,250218400,02-362-9799,일상정원 서울역점,http://place.map.kakao.com/250218400,서울 중구 한강대로 405,126.97095746653784,37.55541233771503,서울
서울 용산구 후암동 439-19,FD6,음식점,음식점 > 퓨전요리 > 퓨전한식,379,27270808,02-772-9463,도동집,http://place.map.kakao.com/27270808,서울 용산구 후암로48길 1,126.9768047948429,37.55284578740163,서울
서울 용산구 동자동 23-29,FD6,음식점,음식점 > 한식 > 국수 > 칼국수,365,9963594,02-754-1123,충무칼국수,http://place.map.kakao.com/9963594,서울 용산구 한강대로104길 38,126.974374820294,37.550203558256,서울
서울 중구 남대문로5가 541,FD6,음식점,음식점 > 중식,290,13499824,02-6456-8911,루싱,http://place.map.kakao.com/13499824,서울 중구 한강대로 416,126.973784479223,37.5555733768187,서울
서울 중구 중림동 61-4,FD6,음식점,"음식점 > 한식 > 육류,고기 > 닭요리",738,27276847,02-392-0695,호수집 원조닭꼬치,http://place.map.kakao.com/27276847,서울 중구 청파로 443,126.968681156219,37.5590607950843,서울
서울 중구 서소문동 120-35,FD6,음식점,음식점 > 한식 > 국수,145,11152625,02-753-5388,진주회관,http://place.map.kakao.com/11152625,서울 중구 세종대로11길 26,126.97453133779806,37.562478781861735,시청
서울 중구 북창동 19-4,FD6,음식점,음식점 > 한식 > 순대,189,1062153333,02-755-5232,농민백암순대 시청직영점,http://place.map.kakao.com/1062153333,서울 중구 남대문로1길 33,126.97715943361476,37.56259825108099,시청
서울 중구 다동 173,FD6,음식점,음식점 > 한식 > 해장국,604,11064200,02-777-3891,무교동북어국집,http://place.map.kakao.com/11064200,서울 중구 을지로1길 38,126.9798518336699,37.56773441926809,시청
서울 중구 북창동 93-36,FD6,음식점,음식점 > 한식 > 곰탕,336,15892869,02-352-0303,애성회관,http://place.map.kakao.com/15892869,서울 중구 남대문로5길 23,126.97891384153051,37.562409368174585,시청
서울 중구 정동 1-48,FD6,음식점,음식점 > 한식 > 국밥,596,2067124772,02-738-5688,광화문국밥 본점,http://place.map.kakao.com/2067124772,서울 중구 세종대로21길 53,126.975391668232,37.5689589279236,시청
서울 중구 태평로2가 318-1,FD6,음식점,"음식점 > 한식 > 육류,고기 > 족발,보쌈 > 만족오향족발",65,21324404,02-753-4755,만족오향족발 시청점,http://place.map.kakao.com/21324404,서울 중구 서소문로 134-7,126.976013798412,37.5632575533142,시청
서울 중구 북창동 18-7,FD6,음식점,"음식점 > 한식 > 육류,고기 > 닭요리",210,13288545,02-755-5278,풍년닭도리탕,http://place.map.kakao.com/13288545,서울 중구 세종대로14길 17-5,126.97770710108,37.5630812898836,시청
서울 중구 소공동 81,FD6,음식점,음식점 > 샤브샤브,407,617004084,0507-1364-7705,천향원,http://place.map.kakao.com/617004084,서울 중구 남대문로7길 33,126.98001134894027,37.56381781654404,시청
서울 중구 북창동 93-35,FD6,음식점,음식점 > 한식 > 한정식,333,13057594,02-318-3088,한가람 본점,http://place.map.kakao.com/13057594,서울 중구 남대문로5길 25,126.978929657332,37.5625156885918,시청
서울 중구 충무로1가 25-9,FD6,음식점,음식점 > 중식 > 중국요리,662,12793877,02-779-4800,란주칼면,http://place.map.kakao.com/12793877,서울 중구 소공로 64,126.982148978718,37.5609773169211,시청
서울 중구 남대문로3가 96,FD6,음식점,음식점 > 한식 > 곰탕,387,20534938,02-753-7898,금성관,http://place.map.kakao.com/20534938,서울 중구 남대문로 29,126.97885526219387,37.56143177633828,시청
서울 중구 남창동 34-34,FD6,음식점,"음식점 > 한식 > 해물,생선",436,8670706,02-755-3449,희락갈치,http://place.map.kakao.com/8670706,서울 중구 남대문시장길 22-6,126.97710366926631,37.55989344806759,시청
서울 중구 남대문로3가 95-1,FD6,음식점,"음식점 > 한식 > 육류,고기",383,207440691,02-3789-9288,양미옥 남대문점,http://place.map.kakao.com/207440691,서울 중구 남대문로 27-2,126.97877943305056,37.56142095077293,시청
서울 종로구 종로1가 24,FD6,음식점,음식점 > 한식,290,21326655,02-732-1954,광화문미진 본점,http://place.map.kakao.com/21326655,서울 종로구 종로 19,126.9799234417087,37.570844667978704,종각
서울 종로구 관철동 11-11,FD6,음식점,음식점 > 중식,321,2143988257,070-7777-2256,진중 우육면관 본점,http://place.map.kakao.com/2143988257,서울 종로구 청계천로 75-2,126.98611119582282,37.56855522765132,종각
서울 종로구 공평동 129,FD6,음식점,"음식점 > 한식 > 육류,고기 > 닭요리",180,8381402,02-732-2565,백부장집닭한마리 본관,http://place.map.kakao.com/8381402,서울 종로구 삼봉로 100-1,126.982689747565,37.5717965569434,종각
서울 종로구 청진동 183-1,FD6,음식점,음식점 > 한식 > 해장국,364,27540102,02-735-1690,청진옥,http://place.map.kakao.com/27540102,서울 종로구 종로3길 32,126.97944890786793,37.571717650682224,종각
서울 종로구 청진동 128,FD6,음식점,음식점 > 한식 > 한정식,232,967729291,02-6226-8191,일품진진수라 광화문점,http://place.map.kakao.com/967729291,서울 종로구 종로5길 7,126.980543813707,37.5706357409413,종각
서울 종로구 청진동 46,FD6,음식점,음식점 > 한식,254,439177229,0507-1321-9850,종로도담,http://place.map.kakao.com/439177229,서울 종로구 삼봉로 78,126.981409413137,37.5720540468687,종각
서울 종로구 견지동 88,FD6,음식점,음식점 > 한식 > 설렁탕,289,24725293,02-733-6526,이문설농탕,http://place.map.kakao.com/24725293,서울 종로구 우정국로 38-13,126.983907557385,37.5727337640939,종각
서울 종로구 인사동 194-28,FD6,음식점,음식점 > 한식 > 국밥,301,416934208,,엄용백돼지국밥 종각점,http://place.map.kakao.com/416934208,서울 종로구 인사동3길 20,126.985782300881,37.571894277369,종각
서울 중구 다동 121-4,FD6,음식점,음식점 > 한식 > 냉면,358,21232315,02-777-3131,남포면옥,http://place.map.kakao.com/21232315,서울 중구 을지로3길 24,126.981753597164,37.5671652991647,종각
서울 종로구 관철동 5-1,FD6,음식점,"음식점 > 한식 > 찌개,전골",481,10374336,02-2265-5744,뚝배기집,http://place.map.kakao.com/10374336,서울 종로구 종로16길 12,126.98850847385,37.5695555904063,종각
서울 중구 다동 177-2,FD6,음식점,음식점 > 한식,388,1346301870,02-777-4323,부민옥,http://place.map.kakao.com/1346301870,서울 중구 다동길 24-12,126.98031824515,37.5675038430283,종각
서울 종로구 종로1가 24,FD6,음식점,"음식점 > 일식 > 돈까스,우동",276,27271374,,후니도니,http://place.map.kakao.com/27271374,서울 종로구 종로 19,126.98012264433993,37.57093299922334,종각
서울 종로구 인사동 263,FD6,음식점,음식점 > 일식 > 참치회,114,10311622,02-732-8014,참치공방 종각본,http://place.map.kakao.com/10311622,서울 종로구 종로9길 8,126.984238525274,37.5707155796183,종각
서울 종로구 익선동 156,FD6,음식점,"음식점 > 한식 > 육류,고기 > 닭요리",386,16734831,02-741-8874,오죽이네,http://place.map.kakao.com/16734831,서울 종로구 돈화문로11가길 25,126.99080354567869,37.57375803293386,종로3가
서울 중구 주교동 118-1,FD6,음식점,음식점 > 한식 > 냉면,634,8025375,02-2265-0151,우래옥 본점,http://place.map.kakao.com/8025375,서울 중구 창경궁로 62-29,126.99871865898974,37.56821185731751,종로3가
서울 종로구 관수동 163,FD6,음식점,음식점 > 한식 > 국수 > 칼국수,359,7818113,02-2265-5349,대련집,http://place.map.kakao.com/7818113,서울 종로구 종로16길 37,126.98891841085968,37.56839334531018,종로3가
서울 종로구 장사동 127-1,FD6,음식점,음식점 > 한식,243,15992450,0507-1407-5903,대성식당,http://place.map.kakao.com/15992450,서울 종로구 종로26길 14-3,126.99468889539344,37.569684872576985,종로3가
서울 종로구 낙원동 85-7,FD6,음식점,음식점 > 한식,411,27269590,02-738-9393,호반,http://place.map.kakao.com/27269590,서울 종로구 삼일대로26길 20,126.989146348574,37.5733001868081,종로3가
서울 종로구 낙원동 221,FD6,음식점,음식점 > 한식 > 냉면,378,8041476,,유진식당,http://place.map.kakao.com/8041476,서울 종로구 종로17길 40,126.9883179183545,37.57204231870933,종로3가
서울 종로구 돈의동 131-1,FD6,음식점,음식점 > 한식 > 곰탕,112,8005800,02-765-4237,영춘옥,http://place.map.kakao.com/8005800,서울 종로구 돈화문로5가길 13,126.991537361788,37.5713434211486,종로3가
서울 종로구 권농동 182-6,FD6,음식점,"음식점 > 술집 > 호프,요리주점",512,1191323603,02-743-1212,서울집시 서순라길점,http://place.map.kakao.com/1191323603,서울 종로구 서순라길 107,126.99155505767519,37.57502488769612,종로3가
서울 중구 을지로2가 101-32,FD6,음식점,음식점 > 한식 > 설렁탕,515,10668060,02-2267-4081,이남장 본점,http://place.map.kakao.com/10668060,서울 중구 삼일대로12길 16,126.988658328569,37.5666688146651,종로3가
서울 종로구 권농동 187-7,FD6,음식점,음식점 > 양식 > 이탈리안,414,2025215095,02-6409-0027,살롱순라,http://place.map.kakao.com/2025215095,서울 종로구 율곡로10길 75,126.9916796781889,37.574150931672264,종로3가
서울 종로구 관수동 145-1,FD6,음식점,음식점 > 한식,269,1580329739,02-2273-9233,종가만두,http://place.map.kakao.com/1580329739,서울 종로구 수표로 88,126.98971182249423,37.568908786613356,종로3가
서울 종로구 익선동 128-3,FD6,음식점,음식점 > 샤브샤브,455,1803090740,02-762-8215,온천집 익선,http://place.map.kakao.com/1803090740,서울 종로구 돈화문로11나길 31-8,126.98978921791809,37.57409672360898,종로3가
서울 중구 을지로3가 346-1,FD6,음식점,음식점 > 한식 > 순대,521,502452137,02-2266-1300,청와옥 을지로3가직영점,http://place.map.kakao.com/502452137,서울 중구 을지로 110,126.99005065665251,37.566014817133464,종로3가
서울 종로구 효제동 155,FD6,음식점,"음식점 > 한식 > 육류,고기",259,26967162,02-762-7491,백제정육점,http://place.map.kakao.com/26967162,서울 종로구 종로35길 34,127.003952922261,37.5726446952293,종로5가
서울 종로구 종로4가 165-11,FD6,음식점,"음식점 > 한식 > 육류,고기",186,21852953,02-2267-1831,부촌육회,http://place.map.kakao.com/21852953,서울 종로구 종로 200-12,126.999932082432,37.5703778574977,종로5가
서울 종로구 종로5가 265-22,FD6,음식점,"음식점 > 한식 > 육류,고기 > 닭요리",342,10785496,02-2275-9666,진옥화할매원조닭한마리 본점,http://place.map.kakao.com/10785496,서울 종로구 종로40가길 18,127.005696017003,37.5703380763098,종로5가
서울 종로구 종로5가 138-25,FD6,음식점,음식점 > 한식,87,614661957,0507-1390-3452,광장시장통큰누이네육회빈대떡,http://place.map.kakao.com/614661957,서울 종로구 동호로 403-24,127.00117723880923,37.570439119331844,종로5가
서울 중구 주교동 43-23,FD6,음식점,"음식점 > 한식 > 육류,고기 > 삼겹살",318,8050105,02-2265-4669,은주정,http://place.map.kakao.com/8050105,서울 중구 창경궁로8길 32,126.99975663427007,37.56867047080973,종로5가
서울 종로구 종로4가 188,FD6,음식점,"음식점 > 간식 > 제과,베이커리",136,1024788121,010-9498-3115,광장시장찹쌀꽈배기,http://place.map.kakao.com/1024788121,서울 종로구 종로32길 2,127.00040524305597,37.57066707631941,종로5가
서울 종로구 예지동 269-27,FD6,음식점,"음식점 > 간식 > 제과,베이커리",234,803688018,010-8857-0750,아베베베이커리 서울,http://place.map.kakao.com/803688018,서울 종로구 청계천로 201,126.999943402662,37.5695381297673,종로5가
서울 종로구 효제동 226-1,FD6,음식점,"음식점 > 한식 > 해물,생선 > 복어",197,9246975,02-765-3426,억조,http://place.map.kakao.com/9246975,서울 종로구 종로35길 21-8,127.003640464789,37.5720860883432,종로5가
서울 종로구 종로4가 177,FD6,음식점,"음식점 > 한식 > 육류,고기",184,8055849,02-2274-8344,육회자매집 본점1호점,http://place.map.kakao.com/8055849,서울 종로구 종로 200-4,126.999886803792,37.5705508485698,종로5가
서울 종로구 종로5가 225-8,FD6,음식점,"음식점 > 한식 > 육류,고기 > 곱창,막창",238,20526455,02-2266-8125,더우리곱창,http://place.map.kakao.com/20526455,서울 종로구 종로36나길 9,127.004432744934,37.5702372190197,종로5가
서울 중구 오장동 101-7,FD6,음식점,음식점 > 한식 > 냉면,743,8174854,02-2266-0735,오장동흥남집 본점,http://place.map.kakao.com/8174854,서울 중구 마른내로 114,127.00054103307872,37.56435740219144,종로5가
서울 종로구 종로5가 265-8,FD6,음식점,"음식점 > 한식 > 육류,고기 > 닭요리",358,14822693,02-2266-8249,명동닭한마리 본점,http://place.map.kakao.com/14822693,서울 종로구 종로40가길 14,127.005895245171,37.5703813143067,종로5가
서울 종로구 종로5가 138-9,FD6,음식점,음식점 > 한식,111,18755777,02-2264-5057,순희네빈대떡,http://place.map.kakao.com/18755777,서울 종로구 종로32길 5,127.00072445622273,37.57060130213971,종로5가
서울 종로구 창신동 148-1,FD6,음식점,음식점 > 아시아음식 > 인도음식,131,77215610,02-766-8850,에베레스트 동대문점,http://place.map.kakao.com/77215610,서울 종로구 종로51가길 2-1,127.012501727076,37.5725720198514,동대문
서울 종로구 창신동 581-5,FD6,음식점,"음식점 > 한식 > 육류,고기 > 족발,보쌈",135,19009881,02-3675-9689,창신동매운족발 본점,http://place.map.kakao.com/19009881,서울 종로구 종로51길 23,127.011541864608,37.5730081991709,동대문
서울 종로구 종로6가 205-1,FD6,음식점,음식점 > 한식,456,2122475581,,양지식당,http://place.map.kakao.com/2122475581,서울 종로구 율곡로29길 4,127.006973201937,37.5739347801794,동대문
서울 종로구 창신동 573-1,FD6,음식점,"음식점 > 한식 > 육류,고기 > 족발,보쌈",79,10624973,02-765-0319,와글와글족발,http://place.map.kakao.com/10624973,서울 종로구 창신길 18,127.01082181764771,37.572348739029074,동대문
서울 종로구 창신동 330-53,FD6,음식점,음식점 > 양식 > 피자,280,981603762,02-2233-6071,동묘가라지,http://place.map.kakao.com/981603762,서울 종로구 종로54길 17-10,127.01455726998316,37.571771700647226,동대문
서울 중구 을지로6가 18-85,FD6,음식점,음식점 > 한식 > 해장국,570,8895765,0507-1348-8485,대화정진짜해장국,http://place.map.kakao.com/8895765,서울 중구 장충단로 249-20,127.00776494708423,37.567537664098374,동대문
서울 종로구 창신동 330-49,FD6,음식점,"음식점 > 한식 > 해물,생선",301,706318241,070-8882-8889,동묘집,http://place.map.kakao.com/706318241,서울 종로구 종로52길 43-9,127.014787045463,37.5716878795415,동대문
서울 종로구 창신동 463-1,FD6,음식점,음식점 > 중식,102,7838808,02-742-5168,동북화과왕,http://place.map.kakao.com/7838808,서울 종로구 종로46길 11,127.010798982201,37.570993644401,동대문
서울 종로구 창신동 400-1,FD6,음식점,"음식점 > 한식 > 해물,생선",553,1407123477,02-2236-5247,광주식당,http://place.map.kakao.com/1407123477,서울 종로구 지봉로2길 15,127.01753642468066,37.57084146864495,동대문
서울 종로구 창신동 542,FD6,음식점,음식점 > 아시아음식 > 인도음식,36,12411385,02-743-8848,에베레스트커리월드 레스토랑,http://place.map.kakao.com/12411385,서울 종로구 종로 305,127.01156888931436,37.57208197364034,동대문
서울 종로구 종로6가 259-3,FD6,음식점,음식점 > 중식 > 중국요리,442,72635988,010-8477-2625,유진짬뽕,http://place.map.kakao.com/72635988,서울 종로구 종로40길 6,127.00658802693,37.5706371603496,동대문
서울 종로구 창신동 695-1,FD6,음식점,"음식점 > 한식 > 해물,생선 > 복어",112,474505099,02-741-4705,동래복국 동대문점,http://place.map.kakao.com/474505099,서울 종로구 종로 291,127.01011084799,37.5717541452946,동대문
서울 종로구 창신동 81-8,FD6,음식점,음식점 > 한식 > 냉면,171,11021281,02-743-7285,낙산냉면,http://place.map.kakao.com/11021281,서울 종로구 지봉로5길 8,127.015277764702,37.5744890103185,동묘앞
서울 종로구 숭인동 318-16,FD6,음식점,"음식점 > 한식 > 육류,고기",215,16647761,02-2232-8803,고바우,http://place.map.kakao.com/16647761,서울 종로구 지봉로 14,127.015988004763,37.5713570577762,동묘앞
서울 동대문구 신설동 80-4,FD6,음식점,음식점 > 분식,767,1731584284,02-926-0288,킹 수제만두,http://place.map.kakao.com/1731584284,서울 동대문구 한빛로 3,127.024144402603,37.5764841338019,동묘앞
서울 중구 황학동 67,FD6,음식점,음식점 > 한식 > 국수 > 칼국수,430,18215604,010-6354-8999,할아버지손칼국수,http://place.map.kakao.com/18215604,서울 중구 마장로9길 37,127.019392674872,37.5701672338123,동묘앞
서울 종로구 창신동 400-3,FD6,음식점,음식점 > 분식,305,26559648,,고기튀김,http://place.map.kakao.com/26559648,서울 종로구 지봉로2길 7-2,127.0167417118429,37.570518126705004,동묘앞
서울 종로구 창신동 394-1,FD6,음식점,"음식점 > 한식 > 해물,생선",259,581997679,02-2237-5640,목포낙지마을,http://place.map.kakao.com/581997679,서울 종로구 지봉로 12,127.01600603074,37.5709570134502,동묘앞
서울 종로구 창신동 330-49,FD6,음식점,음식점 > 중식,228,1970014839,,동묘문,http://place.map.kakao.com/1970014839,서울 종로구 종로52길 43-9,127.01478138610085,37.571690583235714,동묘앞
서울 종로구 창신동 330-53,FD6,음식점,음식점 > 술집 > 와인바,236,1700724209,070-7773-2050,동묘마케트,http://place.map.kakao.com/1700724209,서울 종로구 종로54길 17-10,127.014534631773,37.5717789113977,동묘앞
서울 동대문구 신설동 92-79,FD6,음식점,"음식점 > 한식 > 육류,고기",299,10331494,02-2253-6373,육전식당 신설본점,http://place.map.kakao.com/10331494,서울 동대문구 천호대로 33,127.02698160012264,37.57411029968683,신설동
서울 동대문구 신설동 21,FD6,음식점,음식점 > 한식,222,2108354197,010-2872-8884,한상차림밥상,http://place.map.kakao.com/2108354197,서울 동대문구 한빛로 28,127.0259414485752,37.57786677881891,신설동
서울 동대문구 용두동 232-26,FD6,음식점,음식점 > 한식 > 해장국,371,907979960,02-923-1718,어머니대성집,http://place.map.kakao.com/907979960,서울 동대문구 왕산로11길 4,127.02858466713235,37.57741837425039,신설동
서울 동대문구 용두동 119-20,FD6,음식점,"음식점 > 한식 > 해물,생선",539,27175293,02-928-0231,나정순할매쭈꾸미,http://place.map.kakao.com/27175293,서울 동대문구 무학로 144,127.03069016915066,37.57707546781634,신설동
서울 종로구 숭인동 1063,FD6,음식점,"음식점 > 한식 > 육류,고기 > 이차돌",247,96981032,02-922-2489,이차돌 신설동점,http://place.map.kakao.com/96981032,서울 종로구 종로 405,127.02208372959927,37.57533757128547,신설동
서울 동대문구 신설동 117-5,FD6,음식점,"음식점 > 한식 > 해물,생선 > 장어",247,1861167965,02-2231-9743,힘찬풍천장어,http://place.map.kakao.com/1861167965,서울 동대문구 난계로 252,127.02354366144988,37.57409031251531,신설동
서울 동대문구 용두동 112-10,FD6,음식점,"음식점 > 한식 > 해물,생선 > 복어",604,16675792,02-921-5936,용두동복집,http://place.map.kakao.com/16675792,서울 동대문구 왕산로16길 9,127.031331083865,37.5774771428975,신설동
서울 동대문구 신설동 94-57,FD6,음식점,음식점 > 한식 > 설렁탕,448,22618131,02-2292-8201,옥천옥,http://place.map.kakao.com/22618131,서울 동대문구 하정로 16,127.0269980020464,37.572508327034626,신설동
서울 종로구 숭인동 1136,FD6,음식점,"음식점 > 양식 > 멕시칸,브라질",191,325095246,070-8860-4804,꿰레,http://place.map.kakao.com/325095246,서울 종로구 보문로1길 9,127.02255041334715,37.5762844282865,신설동
서울 동대문구 신설동 117-6,FD6,음식점,음식점 > 중식 > 중국요리,275,8881613,02-2232-1151,남화루,http://place.map.kakao.com/8881613,서울 동대문구 난계로 250,127.02368166606277,37.57377043175872,신설동
서울 동대문구 용두동 210-8,FD6,음식점,음식점 > 일식,423,622602624,,무명스키야키,http://place.map.kakao.com/622602624,서울 동대문구 한빛로 52,127.02829305845648,37.57864559854304,신설동
서울 동대문구 용두동 118-81,FD6,음식점,"음식점 > 한식 > 육류,고기 > 갈비",597,13121379,02-924-3042,신가네왕코등갈비 본점,http://place.map.kakao.com/13121379,서울 동대문구 천호대로 67,127.03098100898,37.57410210989243,신설동
서울 동대문구 제기동 892-128,FD6,음식점,음식점 > 한식,217,21232071,02-962-4570,감초식당,http://place.map.kakao.com/21232071,서울 동대문구 약령서길 32,127.03632119077804,37.57971738621976,제기동
서울 동대문구 제기동 1019,FD6,음식점,음식점 > 한식 > 국수,433,15629433,02-965-3948,안동집,http://place.map.kakao.com/15629433,서울 동대문구 고산자로36길 3,127.03953845008229,37.579393796655545,제기동
서울 동대문구 제기동 1013,FD6,음식점,음식점 > 한식 > 냉면,466,810920158,02-965-8258,경동시장 평양냉면,http://place.map.kakao.com/810920158,서울 동대문구 왕산로29길 4,127.040075960828,37.5789557323408,제기동
서울 동대문구 용두동 45-1,FD6,음식점,"음식점 > 한식 > 육류,고기",287,989717069,02-962-0962,경동한우정육식당,http://place.map.kakao.com/989717069,서울 동대문구 고산자로 421,127.03801247376539,37.577341833371364,제기동
서울 동대문구 제기동 1005,FD6,음식점,"음식점 > 한식 > 해물,생선",509,1116271250,010-7601-2020,다퍼줘,http://place.map.kakao.com/1116271250,서울 동대문구 왕산로 155-1,127.04058538132973,37.57891951853809,제기동
서울 동대문구 용두동 39-1,FD6,음식점,음식점 > 뷔페,703,1828440280,02-960-5985,다이닝원 청량리점,http://place.map.kakao.com/1828440280,서울 동대문구 고산자로32길 78,127.042837477544,37.5775924594689,제기동
서울 성동구 마장동 522-2,FD6,음식점,"음식점 > 한식 > 육류,고기",931,1539453182,02-2292-2888,인생한우,http://place.map.kakao.com/1539453182,서울 성동구 마장로31길 43,127.038201250056,37.5701482300044,제기동
서울 동대문구 제기동 838,FD6,음식점,음식점 > 중식,692,8620226,02-969-7787,홍릉각,http://place.map.kakao.com/8620226,서울 동대문구 약령시로 90,127.03996258689769,37.58288320227021,제기동
서울 동대문구 제기동 646,FD6,음식점,음식점 > 한식,638,16297405,02-966-7248,포천메밀냉면,http://place.map.kakao.com/16297405,서울 동대문구 경동시장로 18-14,127.04145798768599,37.58053920227584,제기동
서울 동대문구 청량리동 773,FD6,음식점,음식점 > 한식,121,18829150,02-969-4403,광주식당,http://place.map.kakao.com/18829150,서울 동대문구 경동시장로2길 49-4,127.04379581415877,37.58056088291613,청량리
서울 동대문구 청량리동 444-7,FD6,음식점,음식점 > 한식 > 국수 > 칼국수,166,11833610,02-963-6962,경북손칼국수,http://place.map.kakao.com/11833610,서울 동대문구 왕산로41길 4,127.04621222556524,37.58133932120362,청량리
서울 동대문구 제기동 470,FD6,음식점,음식점 > 한식 > 냉면,264,10926416,02-963-5362,할머니냉면,http://place.map.kakao.com/10926416,서울 동대문구 왕산로37길 51,127.043700583545,37.5822701030824,청량리
서울 동대문구 청량리동 50-18,FD6,음식점,음식점 > 한식 > 국수 > 칼국수,497,16937330,02-967-6918,혜성칼국수,http://place.map.kakao.com/16937330,서울 동대문구 왕산로 247-1,127.04897707662815,37.583374451618006,청량리
서울 동대문구 제기동 486-28,FD6,음식점,음식점 > 분식,214,338133444,010-4002-3389,짱구네야끼만두,http://place.map.kakao.com/338133444,서울 동대문구 경동시장로10길 45,127.043242709458,37.5814233377754,청량리
서울 동대문구 제기동 575-4,FD6,음식점,음식점 > 일식,265,682571203,02-6080-0189,청량함박,http://place.map.kakao.com/682571203,서울 동대문구 홍릉로1가길 27,127.042628037792,37.5815515024298,청량리
서울 동대문구 청량리동 296,FD6,음식점,음식점 > 한식 > 냉면,168,13323543,02-965-8254,평양냉면 본점,http://place.map.kakao.com/13323543,서울 동대문구 홍릉로 14-3,127.04492066414231,37.581661474464845,청량리
서울 동대문구 청량리동 769-1,FD6,음식점,음식점 > 한식 > 순대,103,1030146809,02-964-8844,청량리고향집 본점,http://place.map.kakao.com/1030146809,서울 동대문구 경동시장로2길 52,127.04391229588512,37.58034640313624,청량리
서울 동대문구 제기동 635-4,FD6,음식점,음식점 > 치킨,204,27323391,02-968-9841,남원통닭 별관,http://place.map.kakao.com/27323391,서울 동대문구 홍릉로1길 39,127.04276663659195,37.5804098933132,청량리
서울 동대문구 청량리동 789,FD6,음식점,음식점 > 분식,195,582617362,010-2608-8378,왕엄마김밥,http://place.map.kakao.com/582617362,서울 동대문구 경동시장로8길 47,127.043266344376,37.581181862818,청량리
서울 동대문구 청량리동 791,FD6,음식점,음식점 > 분식,209,20637982,010-8492-1611,기태만두,http://place.map.kakao.com/20637982,서울 동대문구 경동시장로10길 44,127.043152045746,37.5812611921019,청량리
서울 동대문구 전농동 602-9,FD6,음식점,"음식점 > 한식 > 육류,고기 > 족발,보쌈",771,16531175,02-965-5838,서울뼈구이 본점,http://place.map.kakao.com/16531175,서울 동대문구 왕산로 274-1,127.051278756793,37.5850349055577,청량리
서울 중구 명동1가 54-6,FD6,음식점,음식점 > 한식 > 설렁탕,236,19157171,02-776-8929,미성옥,http://place.map.kakao.com/19157171,서울 중구 명동길 25-11,126.983936564299,37.5641707054203,을지로입구
서울 중구 명동1가 10-9,FD6,음식점,음식점 > 한식 > 곰탕,277,1822111964,02-776-5656,하동관 명동본점,http://place.map.kakao.com/1822111964,서울 중구 명동9길 12,126.98502310323119,37.564430335182415,을지로입구
서울 중구 을지로1가 180-6,FD6,음식점,음식점 > 뷔페,159,27348727,02-317-7171,롯데호텔서울 라세느,http://place.map.kakao.com/27348727,서울 중구 을지로 30,126.98098436963745,37.56530912605071,을지로입구
서울 중구 충무로3가 23-1,FD6,음식점,음식점 > 한식 > 국수 > 칼국수,337,7919722,02-2272-2020,사랑방칼국수,http://place.map.kakao.com/7919722,서울 중구 퇴계로27길 46,126.99133001470943,37.563266879496595,을지로3가
서울 중구 을지로3가 315-18,FD6,음식점,음식점 > 중식 > 중국요리,28,10582837,02-2266-3814,안동장,http://place.map.kakao.com/10582837,서울 중구 을지로 124,126.99157870487,37.5660852137074,을지로3가
서울 중구 저동2가 46-27,FD6,음식점,음식점 > 일식,265,2029456983,02-2285-4484,진작,http://place.map.kakao.com/2029456983,서울 중구 수표로12길 12,126.99083756712574,37.56401827329497,을지로3가
서울 중구 인현동1가 15-4,FD6,음식점,음식점 > 한식 > 순대,327,27072121,,을지로 산수갑산 을지로점,http://place.map.kakao.com/27072121,서울 중구 을지로20길 24,126.99529702271732,37.56537903946138,을지로3가
서울 중구 을지로3가 323,FD6,음식점,음식점 > 아시아음식 > 동남아음식 > 베트남음식,86,1664194334,02-6368-6788,을지깐깐 을지로본점,http://place.map.kakao.com/1664194334,서울 중구 을지로12길 12,126.991071657,37.5657427979552,을지로3가
서울 중구 을지로2가 101-17,FD6,음식점,"음식점 > 한식 > 해물,생선 > 매운탕,해물탕",247,18241603,02-2273-5989,동강나루터,http://place.map.kakao.com/18241603,서울 중구 을지로 99,126.98897529681952,37.56642917976896,을지로3가
서울 중구 초동 17-1,FD6,음식점,"음식점 > 일식 > 돈까스,우동",157,8264592,,동경우동,http://place.map.kakao.com/8264592,서울 중구 충무로 48,126.99295969662815,37.56523025885532,을지로3가
서울 중구 을지로3가 95-1,FD6,음식점,"음식점 > 술집 > 호프,요리주점",106,8332362,02-2274-1040,원조만선호프 노가리체인본점,http://place.map.kakao.com/8332362,서울 중구 을지로13길 19,126.99178231800013,37.56724931479237,을지로3가
서울 중구 인현동2가 135-13,FD6,음식점,"음식점 > 한식 > 육류,고기 > 닭요리",332,12751485,02-2266-6875,황평집,http://place.map.kakao.com/12751485,서울 중구 마른내로 74,126.996129025206,37.5640672191679,을지로4가
서울 중구 필동3가 1-5,FD6,음식점,음식점 > 한식 > 냉면,697,11231325,02-2266-2611,필동면옥,http://place.map.kakao.com/11231325,서울 중구 서애로 26,126.99693958989,37.5603983847784,을지로4가
서울 중구 오장동 90-10,FD6,음식점,음식점 > 한식 > 냉면,302,20747449,02-2267-9500,오장동함흥냉면,http://place.map.kakao.com/20747449,서울 중구 마른내로 108,126.99987775835788,37.56427090773028,을지로4가
서울 중구 주교동 153-2,FD6,음식점,음식점 > 한식 > 국수 > 칼국수,202,26808473,02-6101-2808,꾸왁칼국수,http://place.map.kakao.com/26808473,서울 중구 창경궁로 67-13,126.99722111707122,37.5682902181908,을지로4가
서울 중구 산림동 207-2,FD6,음식점,음식점 > 간식 > 도넛,243,163031496,,빠우 을지로점,http://place.map.kakao.com/163031496,서울 중구 을지로 157,126.995449719616,37.5671449975857,을지로4가
서울 중구 장충동1가 13,FD6,음식점,음식점 > 한식 > 냉면,337,13093208,02-2267-7784,평양면옥 본점,http://place.map.kakao.com/13093208,서울 중구 장충단로 207,127.00669603395768,37.56324808702588,동대문역사문화공원
서울 중구 광희동1가 120,FD6,음식점,음식점 > 아시아음식,295,16989098,02-2277-4183,사마르칸트 본점,http://place.map.kakao.com/16989098,서울 중구 마른내로 159-21,127.0058110736232,37.56514833510789,동대문역사문화공원
서울 중구 신당동 248-32,FD6,음식점,"음식점 > 한식 > 육류,고기 > 갈비",395,2129205762,0507-1338-6292,백송,http://place.map.kakao.com/2129205762,서울 중구 다산로33다길 45,127.013469307027,37.5647656874036,동대문역사문화공원
서울 중구 신당동 304-791,FD6,음식점,음식점 > 분식 > 떡볶이,598,27388900,02-2233-0669,우정,http://place.map.kakao.com/27388900,서울 중구 퇴계로76길 55,127.01490979074266,37.56279593622181,동대문역사문화공원
서울 중구 장충동1가 62-16,FD6,음식점,"음식점 > 한식 > 육류,고기 > 족발,보쌈",648,11221819,02-2279-9759,평안도족발집,http://place.map.kakao.com/11221819,서울 중구 장충단로 174-6,127.00606648419787,37.56028474298094,동대문역사문화공원
서울 중구 신당동 250-20,FD6,음식점,"음식점 > 한식 > 육류,고기",309,1285325677,02-2233-1492,그릴1492 본점,http://place.map.kakao.com/1285325677,서울 중구 퇴계로 369,127.012563867942,37.5651261857044,동대문역사문화공원
서울 중구 장충동2가 189-5,FD6,음식점,"음식점 > 간식 > 제과,베이커리",764,8552691,02-2279-3152,태극당,http://place.map.kakao.com/8552691,서울 중구 동호로24길 7,127.005070441384,37.5595045265869,동대문역사문화공원
서울 중구 을지로6가 34-4,FD6,음식점,음식점 > 아시아음식,305,21231723,02-2279-7780,스타사마르칸트,http://place.map.kakao.com/21231723,서울 중구 을지로42길 14,127.005663971202,37.5657033558651,동대문역사문화공원
서울 중구 신당동 292-112,FD6,음식점,음식점 > 분식 > 떡볶이,590,25036918,02-2232-8930,마복림할머니집,http://place.map.kakao.com/25036918,서울 중구 다산로35길 5,127.01512154258373,37.56327523942241,동대문역사문화공원
서울 중구 광희동1가 250-1,FD6,음식점,음식점 > 아시아음식,378,10042350,02-2278-7770,파르투내,http://place.map.kakao.com/10042350,서울 중구 마른내로 154,127.005007402647,37.5646113781936,동대문역사문화공원
서울 중구 을지로6가 35-1,FD6,음식점,음식점 > 아시아음식,314,1081607002,02-6014-6368,사마르칸트시티,http://place.map.kakao.com/1081607002,서울 중구 을지로42길 16,127.005559830475,37.5656096572228,동대문역사문화공원
서울 성동구 홍익동 357,FD6,음식점,음식점 > 한식,321,8038298,02-2293-8866,유래회관,http://place.map.kakao.com/8038298,서울 성동구 마장로 196,127.031566427085,37.5664489003844,상왕십리
서울 성동구 행당동 292-34,FD6,음식점,"음식점 > 한식 > 육류,고기",558,487116221,02-2281-6908,땅코참숯구이 본점,http://place.map.kakao.com/487116221,서울 성동구 행당로17길 26,127.032990079594,37.5606857384056,상왕십리
서울 성동구 행당동 299-1,FD6,음식점,음식점 > 중식 > 중국요리,527,1658512250,02-2281-9031,춘향미엔 왕십리점,http://place.map.kakao.com/1658512250,서울 성동구 왕십리로21길 26,127.03202115543138,37.56046976592757,상왕십리
서울 성동구 행당동 286-21,FD6,음식점,"음식점 > 한식 > 육류,고기 > 곱창,막창",559,672340742,02-2282-3177,왕십리 수상한막창,http://place.map.kakao.com/672340742,서울 성동구 무학봉28길 20,127.033918513945,37.5614531245594,상왕십리
서울 성동구 홍익동 131-1,FD6,음식점,"음식점 > 한식 > 육류,고기 > 곱창,막창",638,407522227,010-8690-9792,제일곱창 본점,http://place.map.kakao.com/407522227,서울 성동구 고산자로 281,127.03608646516,37.5648519413304,상왕십리
서울 성동구 도선동 342,FD6,음식점,"음식점 > 한식 > 육류,고기 > 닭요리",216,7813778,02-2295-9535,왕십리닭내장탕,http://place.map.kakao.com/7813778,서울 성동구 무학로2길 11,127.0313097224853,37.56431000402177,상왕십리
서울 성동구 행당동 196-23,FD6,음식점,"음식점 > 일식 > 초밥,롤",747,26792732,02-2281-3255,스시도쿠,http://place.map.kakao.com/26792732,서울 성동구 왕십리광장로 6,127.03606421118221,37.560951534461104,상왕십리
서울 성동구 하왕십리동 966-20,FD6,음식점,"음식점 > 한식 > 육류,고기 > 삼겹살",381,142477401,02-2291-6092,왕십리 육감식당 본점,http://place.map.kakao.com/142477401,서울 성동구 무학봉28길 1,127.03237742434553,37.56250502027489,상왕십리
서울 성동구 하왕십리동 966-12,FD6,음식점,"음식점 > 한식 > 해물,생선 > 조개",405,12265333,010-4596-0449,왕십리조개창고,http://place.map.kakao.com/12265333,서울 성동구 왕십리로 331,127.03281210668162,37.56263194077892,상왕십리
서울 성동구 행당동 286-43,FD6,음식점,"음식점 > 일식 > 돈까스,우동",520,204368427,02-2292-4677,야마타니우동,http://place.map.kakao.com/204368427,서울 성동구 왕십리로21길 11,127.03313973825685,37.56127134438736,상왕십리
서울 성동구 도선동 50,FD6,음식점,"음식점 > 한식 > 육류,고기 > 닭요리",518,20089805,02-2299-3838,애리꼼닭발,http://place.map.kakao.com/20089805,서울 성동구 왕십리로22길 3,127.034235952453,37.5626063085812,상왕십리
서울 성동구 도선동 167,FD6,음식점,음식점 > 분식 > 떡볶이,481,21420131,,만나떡볶이,http://place.map.kakao.com/21420131,서울 성동구 왕십리로24길 27,127.03431279454662,37.56480561833348,상왕십리
서울 성동구 행당동 317-72,FD6,음식점,음식점 > 한식,737,15831022,02-2292-6882,만두전빵,http://place.map.kakao.com/15831022,서울 성동구 행당로15길 2-1,127.031916111211,37.5583182135214,상왕십리
서울 중구 황학동 723-2,FD6,음식점,"음식점 > 한식 > 해물,생선",843,27584176,02-2233-3494,옥경이네건생선,http://place.map.kakao.com/27584176,서울 중구 퇴계로85길 7,127.01953650158579,37.566094709574436,상왕십리
서울 성동구 홍익동 130-1,FD6,음식점,"음식점 > 한식 > 육류,고기 > 곱창,막창",642,11975911,02-2282-3349,왕십리맛나곱창,http://place.map.kakao.com/11975911,서울 성동구 고산자로 281-1,127.036120469717,37.5649519415047,상왕십리
서울 성동구 행당동 3-27,FD6,음식점,음식점 > 분식 > 떡볶이,492,11101743,02-2281-9988,악어떡볶이,http://place.map.kakao.com/11101743,서울 성동구 마조로 33,127.041044045933,37.5606615893525,왕십리
서울 성동구 행당동 292-54,FD6,음식점,"음식점 > 한식 > 육류,고기",222,11820650,02-2297-7361,푸줏간생고기점,http://place.map.kakao.com/11820650,서울 성동구 행당로17길 24,127.03316765555371,37.5604180925907,왕십리
서울 성동구 행당동 298-42,FD6,음식점,음식점 > 한식 > 국밥,247,322448944,02-6405-7001,하동진,http://place.map.kakao.com/322448944,서울 성동구 행당로17길 17,127.033170829292,37.5599180384347,왕십리
서울 성동구 행당동 1-30,FD6,음식점,"음식점 > 한식 > 육류,고기 > 삼겹살",360,1210249885,,양평회관,http://place.map.kakao.com/1210249885,서울 성동구 마조로7길 16,127.03956828388016,37.56089094633497,왕십리
서울 성동구 행당동 286-13,FD6,음식점,"음식점 > 한식 > 육류,고기 > 닭요리",149,617389325,02-2292-7370,나라구한닭정통닭갈비 왕십리점,http://place.map.kakao.com/617389325,서울 성동구 무학봉28길 19,127.033959375759,37.5617089958665,왕십리
서울 성동구 행당동 32-21,FD6,음식점,"음식점 > 일식 > 돈까스,우동",59,19036760,,우동가조쿠,http://place.map.kakao.com/19036760,서울 성동구 왕십리로 215-2,127.042884423889,37.5568010637512,한양대
서울 성동구 행당동 20-17,FD6,음식점,"음식점 > 일식 > 돈까스,우동",347,8675374,02-2296-3406,행운돈까스,http://place.map.kakao.com/8675374,서울 성동구 마조로1길 2,127.04032300290167,37.558415652378415,한양대
서울 성동구 성수동1가 656-970,FD6,음식점,"음식점 > 한식 > 육류,고기 > 족발,보쌈",786,20746195,,훼미리손칼국수보쌈,http://place.map.kakao.com/20746195,서울 성동구 왕십리로 134,127.04467845747781,37.549559078220966,한양대
서울 성동구 행당동 19-49,FD6,음식점,"음식점 > 한식 > 해물,생선 > 장어",445,16764642,02-2294-8999,장어구이,http://place.map.kakao.com/16764642,서울 성동구 마조로 19-10,127.04047653378449,37.55978511533378,한양대
서울 성동구 행당동 3-14,FD6,음식점,음식점 > 한식,521,1964869012,0502-5553-5901,갱생,http://place.map.kakao.com/1964869012,서울 성동구 마조로7길 5,127.040654720172,37.5606941599377,한양대
서울 성동구 행당동 19-96,FD6,음식점,"음식점 > 한식 > 육류,고기",386,762032344,02-2292-8574,끄트머리집,http://place.map.kakao.com/762032344,서울 성동구 마조로3길 8,127.03998133009,37.5586482258344,한양대
서울 성동구 행당동 19-54,FD6,음식점,"음식점 > 한식 > 육류,고기 > 곱창,막창",401,285402441,02-2294-9222,양대포,http://place.map.kakao.com/285402441,서울 성동구 마조로 17,127.040852145905,37.5595191918692,한양대
서울 성동구 행당동 19-97,FD6,음식점,"음식점 > 한식 > 육류,고기 > 족발,보쌈",399,27496691,02-2294-0327,장모족발 서울1호점,http://place.map.kakao.com/27496691,서울 성동구 마조로 15-10,127.040278102793,37.5591049304772,한양대
서울 성동구 행당동 1-89,FD6,음식점,"음식점 > 간식 > 제과,베이커리",564,24622132,070-4250-2338,뺑드미제빵소 한양대점,http://place.map.kakao.com/24622132,서울 성동구 마조로9길 5,127.04073873382453,37.56117075825803,한양대
서울 성동구 행당동 19-54,FD6,음식점,음식점 > 한식 > 냉면,378,12513680,02-2293-0959,원조사철냉면,http://place.map.kakao.com/12513680,서울 성동구 마조로 17,127.040780675868,37.5592128776011,한양대
서울 성동구 행당동 71-8,FD6,음식점,음식점 > 양식,49,280541854,0503-7153-2349,모음,http://place.map.kakao.com/280541854,서울 성동구 살곶이8길 22,127.043087842817,37.556285619173,한양대
서울 성동구 행당동 19-54,FD6,음식점,음식점 > 일식,397,12617912,02-6397-3454,카모메 한양대점,http://place.map.kakao.com/12617912,서울 성동구 마조로 17,127.040862312377,37.5594831484725,한양대
서울 성동구 성수동1가 656-591,FD6,음식점,"음식점 > 한식 > 육류,고기 > 갈비",141,12055448,02-464-3012,대성갈비,http://place.map.kakao.com/12055448,서울 성동구 상원1길 26,127.04843220827088,37.546194169989704,뚝섬
서울 성동구 성수동1가 668-30,FD6,음식점,음식점 > 양식 > 햄버거,440,1965582130,02-2205-2622,제스티살룬 성수,http://place.map.kakao.com/1965582130,서울 성동구 서울숲4길 13,127.04244685499071,37.547564189547295,뚝섬
서울 성동구 성수동1가 668-123,FD6,음식점,"음식점 > 간식 > 제과,베이커리",341,799001769,02-468-0789,성수베이킹스튜디오,http://place.map.kakao.com/799001769,서울 성동구 서울숲2길 46,127.04375872148695,37.54618518238096,뚝섬
서울 성동구 성수동1가 656-1021,FD6,음식점,음식점 > 양식 > 이탈리안,91,142054376,02-468-7943,누메로도스,http://place.map.kakao.com/142054376,서울 성동구 상원1길 35-9,127.04736069202619,37.546356784437194,뚝섬
서울 성동구 성수동1가 656-1085,FD6,음식점,음식점 > 양식,138,780776735,02-464-0950,이태리국시 성수,http://place.map.kakao.com/780776735,서울 성동구 왕십리로8길 18-1,127.046723416911,37.5460579066554,뚝섬
서울 성동구 성수동1가 656-442,FD6,음식점,"음식점 > 간식 > 제과,베이커리",247,27300932,02-497-5050,밀도 성수본점,http://place.map.kakao.com/27300932,서울 성동구 왕십리로 96,127.04487903117139,37.54623882183776,뚝섬
서울 성동구 성수동2가 302-8,FD6,음식점,음식점 > 양식 > 햄버거,554,936069123,02-2054-0119,르프리크,http://place.map.kakao.com/936069123,서울 성동구 연무장5길 9-16,127.05265860726594,37.544439016637995,뚝섬
서울 성동구 성수동1가 668-108,FD6,음식점,음식점 > 한식,398,27373628,02-467-5101,할머니의레시피,http://place.map.kakao.com/27373628,서울 성동구 서울숲2길 44-12,127.04308654785041,37.54617281557421,뚝섬
서울 성동구 성수동1가 656-448,FD6,음식점,음식점 > 한식 > 국밥,233,21237863,02-464-8704,비사벌 전주콩나물국밥,http://place.map.kakao.com/21237863,서울 성동구 왕십리로6길 1-2,127.04503068048649,37.54626489308063,뚝섬
서울 성동구 성수동1가 656-385,FD6,음식점,음식점 > 양식,201,487665317,02-461-0089,미테이블 성수본점,http://place.map.kakao.com/487665317,서울 성동구 왕십리로8길 5,127.045286584884,37.5465359959002,뚝섬
서울 성동구 성수동2가 289-273,FD6,음식점,"음식점 > 한식 > 육류,고기 > 족발,보쌈",623,8416853,02-464-0425,성수족발,http://place.map.kakao.com/8416853,서울 성동구 아차산로7길 7,127.05431637398702,37.54602762815355,뚝섬
서울 성동구 성수동1가 656-564,FD6,음식점,"음식점 > 한식 > 해물,생선 > 아구",224,16471967,02-465-4346,성수아구찜탕,http://place.map.kakao.com/16471967,서울 성동구 왕십리로8길 4,127.0450522843473,37.546436975635814,뚝섬
서울 성동구 성수동1가 668-54,FD6,음식점,음식점 > 양식 > 이탈리안,352,1493852185,02-6403-3643,온량,http://place.map.kakao.com/1493852185,서울 성동구 서울숲4길 26-10,127.043440031512,37.5469079011998,뚝섬
서울 성동구 성수동1가 16-8,FD6,음식점,"음식점 > 일식 > 돈까스,우동",328,2125770186,02-499-0323,오레노카츠 성수본점,http://place.map.kakao.com/2125770186,서울 성동구 성수일로 47,127.049517573532,37.5447359033199,뚝섬
서울 성동구 성수동2가 315-100,FD6,음식점,음식점 > 한식 > 감자탕,243,13289056,02-465-6580,소문난성수감자탕,http://place.map.kakao.com/13289056,서울 성동구 연무장길 45,127.05440457812,37.5428308422967,성수
서울 성동구 성수동2가 315-30,FD6,음식점,음식점 > 양식 > 이탈리안,175,12447534,02-464-5848,까사아지오 성수본점,http://place.map.kakao.com/12447534,서울 성동구 연무장5가길 20,127.05477837998508,37.54336766514594,성수
서울 성동구 성수동2가 310-14,FD6,음식점,음식점 > 한식,274,134670855,,능동미나리 성수점,http://place.map.kakao.com/134670855,서울 성동구 연무장길 42,127.053951907942,37.5427571680258,성수
서울 성동구 성수동2가 316-50,FD6,음식점,음식점 > 간식 > 도넛,210,2139543219,02-548-1314,아임도넛 성수점,http://place.map.kakao.com/2139543219,서울 성동구 연무장길 37-30,127.0539355871467,37.543662679885585,성수
서울 성동구 성수동2가 321-21,FD6,음식점,음식점 > 아시아음식 > 동남아음식 > 베트남음식,333,1079903424,070-7644-4502,벱,http://place.map.kakao.com/1079903424,서울 성동구 성수일로4가길 2,127.05400798455187,37.54206337274946,성수
서울 성동구 성수동2가 321-74,FD6,음식점,"음식점 > 간식 > 제과,베이커리",262,134679676,,자연도소금빵 in성수,http://place.map.kakao.com/134679676,서울 성동구 연무장길 56-1,127.055457652937,37.5423023667186,성수
서울 성동구 성수동2가 300-64,FD6,음식점,"음식점 > 한식 > 육류,고기 > 족발,보쌈",177,1836636382,02-465-8516,권식족발,http://place.map.kakao.com/1836636382,서울 성동구 아차산로7길 4,127.054329599976,37.5455410825992,성수
서울 성동구 성수동2가 322-20,FD6,음식점,음식점 > 양식,398,578560649,02-6082-0393,세스크멘슬 본점,http://place.map.kakao.com/578560649,서울 성동구 성수이로14길 7,127.05640606944031,37.54105313200188,성수
서울 성동구 성수동2가 315-71,FD6,음식점,음식점 > 양식,50,1466610374,02-466-0236,스케줄 성수,http://place.map.kakao.com/1466610374,서울 성동구 아차산로 104,127.05545809846558,37.5444314280529,성수
서울 성동구 성수동2가 289-257,FD6,음식점,음식점 > 한식 > 국수 > 칼국수,91,1143126185,02-468-4333,조조칼국수 성수점,http://place.map.kakao.com/1143126185,서울 성동구 성수일로8길 55,127.056680798079,37.5452336377312,성수
서울 성동구 성수동2가 315-18,FD6,음식점,음식점 > 간식 > 아이스크림,188,896402715,,마망젤라또 성수점,http://place.map.kakao.com/896402715,서울 성동구 연무장9길 8,127.055977500759,37.5429355240749,성수
서울 성동구 성수동2가 289-5,FD6,음식점,음식점 > 술집 > 일본식주점,369,27585835,0503-7153-9850,아키야마 성수본점,http://place.map.kakao.com/27585835,서울 성동구 아차산로7나길 18,127.057219133173,37.5478066309421,성수
서울 광진구 화양동 4-20,FD6,음식점,음식점 > 중식 > 중국요리,177,1026281815,02-456-5683,하이디라오 건대점,http://place.map.kakao.com/1026281815,서울 광진구 능동로 110,127.07123181020235,37.54051623282344,건대입구
서울 광진구 자양동 6-20,FD6,음식점,음식점 > 중식 > 중국요리,256,610799971,02-468-7826,송화산시도삭면 2호점,http://place.map.kakao.com/610799971,서울 광진구 아차산로30길 39,127.06703811807432,37.538889680205656,건대입구
서울 광진구 화양동 7-44,FD6,음식점,음식점 > 양식 > 이탈리안,87,21929635,02-498-7999,로니로티 건대점,http://place.map.kakao.com/21929635,서울 광진구 아차산로 225,127.068474699159,37.5409242146223,건대입구
서울 광진구 자양동 227-342,FD6,음식점,음식점 > 뷔페,256,12765080,02-2218-5770,라구뜨,http://place.map.kakao.com/12765080,서울 광진구 능동로 90,127.070753486747,37.5384433195912,건대입구
서울 광진구 자양동 11-2,FD6,음식점,음식점 > 중식 > 양꼬치,296,14822911,02-462-7826,송화양꼬치,http://place.map.kakao.com/14822911,서울 광진구 동일로18길 70,127.06656505826236,37.5387773228099,건대입구
서울 광진구 화양동 8-35,FD6,음식점,"음식점 > 한식 > 육류,고기",115,1050190897,0507-1324-5666,육일관 본점,http://place.map.kakao.com/1050190897,서울 광진구 아차산로31길 10,127.06949578737,37.54142277192214,건대입구
서울 광진구 화양동 8-37,FD6,음식점,"음식점 > 한식 > 육류,고기",152,22651193,0503-7152-3892,화기애애 본점,http://place.map.kakao.com/22651193,서울 광진구 아차산로31길 16,127.06965223226784,37.54173983161249,건대입구
서울 광진구 자양동 5-26,FD6,음식점,음식점 > 중식 > 양꼬치,218,27594064,02-464-6808,훈춘양꼬치 1호점,http://place.map.kakao.com/27594064,서울 광진구 아차산로34길 38,127.06889335808266,37.538463340421615,건대입구
서울 광진구 자양동 227-138,FD6,음식점,음식점 > 기사식당,756,7963415,02-457-5473,송림식당,http://place.map.kakao.com/7963415,서울 광진구 자양번영로 79,127.076404551637,37.5366882542409,건대입구
서울 광진구 화양동 8-29,FD6,음식점,"음식점 > 한식 > 육류,고기 > 갈비",103,24206169,0503-7152-2178,고기굽는놈,http://place.map.kakao.com/24206169,서울 광진구 아차산로31길 8,127.069439119417,37.5413236953058,건대입구
서울 광진구 화양동 8-27,FD6,음식점,음식점 > 중식,94,404796788,070-4190-8888,용가회전훠궈 건대점,http://place.map.kakao.com/404796788,서울 광진구 동일로22길 101,127.0698292986042,37.54111443329944,건대입구
서울 광진구 화양동 9-45,FD6,음식점,음식점 > 일식,209,18834003,02-462-1080,요비,http://place.map.kakao.com/18834003,서울 광진구 아차산로29길 34,127.06890366069713,37.542281771493116,건대입구
서울 광진구 자양동 7-2,FD6,음식점,음식점 > 중식 > 중국요리,73,1419567762,02-463-7789,중경식객,http://place.map.kakao.com/1419567762,서울 광진구 동일로20길 109,127.069482948761,37.53978115795,건대입구
서울 광진구 자양동 9-33,FD6,음식점,음식점 > 중식 > 중국요리,297,19983662,02-6461-0016,매운향솥,http://place.map.kakao.com/19983662,서울 광진구 동일로18길 61,127.06626440648117,37.53914149590237,건대입구
서울 광진구 화양동 8-59,FD6,음식점,음식점 > 술집 > 일본식주점,232,1773072813,02-465-8590,후토,http://place.map.kakao.com/1773072813,서울 광진구 동일로24길 98,127.070268341933,37.5423359282837,건대입구
서울 광진구 구의동 243-6,FD6,음식점,음식점 > 한식 > 국수 > 칼국수,184,7831256,02-454-3112,대원칼국수,http://place.map.kakao.com/7831256,서울 광진구 자양로18길 56,127.086670431874,37.5378704863427,구의
서울 광진구 자양동 870,FD6,음식점,음식점,251,270045818,,깐깐 구의이스트폴점,http://place.map.kakao.com/270045818,서울 광진구 아차산로 402,127.087852469231,37.5366109156758,구의
서울 광진구 구의동 252-88,FD6,음식점,"음식점 > 한식 > 해물,생선",161,26045836,02-452-0004,고향집,http://place.map.kakao.com/26045836,서울 광진구 아차산로49길 30,127.084430530217,37.538228905043,구의
서울 광진구 구의동 80-47,FD6,음식점,음식점 > 한식 > 냉면,948,7939102,02-457-8319,서북면옥,http://place.map.kakao.com/7939102,서울 광진구 자양로 199-1,127.08534387836,37.5453966002957,구의
서울 광진구 구의동 257-15,FD6,음식점,"음식점 > 한식 > 육류,고기",311,1129498256,02-453-9693,풍년상회,http://place.map.kakao.com/1129498256,서울 광진구 아차산로53길 53,127.085649581224,37.5396155670406,구의
서울 광진구 구의동 246-30,FD6,음식점,음식점 > 한식,83,10511488,02-444-1749,새맛식당,http://place.map.kakao.com/10511488,서울 광진구 자양로18길 12-3,127.08432772976292,37.53736942440959,구의
서울 광진구 구의동 243-7,FD6,음식점,"음식점 > 한식 > 육류,고기 > 곱창,막창",170,27264654,02-456-0866,진곱창,http://place.map.kakao.com/27264654,서울 광진구 아차산로 397,127.086647577352,37.5376758870965,구의
서울 광진구 구의동 243-5,FD6,음식점,음식점 > 일식,278,3155649,010-7237-7680,쉐프의콜렉션,http://place.map.kakao.com/3155649,서울 광진구 자양로18길 72,127.08758969597736,37.53830859510585,구의
서울 광진구 자양동 870,FD6,음식점,음식점 > 뷔페,251,818903877,,바르미 심비디움 구의점,http://place.map.kakao.com/818903877,서울 광진구 아차산로 402,127.087845679489,37.5366100197264,구의
서울 광진구 구의동 221-81,FD6,음식점,"음식점 > 한식 > 해물,생선 > 조개",473,437017954,02-6338-9922,찌마기 구의점,http://place.map.kakao.com/437017954,서울 광진구 구의로 17,127.089279218208,37.5394515997454,구의
서울 광진구 구의동 242-51,FD6,음식점,"음식점 > 한식 > 육류,고기 > 오리",345,10118164,02-452-5251,강나루유황오리주물럭 본점,http://place.map.kakao.com/10118164,서울 광진구 아차산로57길 5,127.088133313177,37.5387415716256,구의
서울 광진구 자양동 779-5,FD6,음식점,음식점 > 중식 > 중국요리,219,1073241380,,송쉐프 구의점,http://place.map.kakao.com/1073241380,서울 광진구 아차산로 355,127.082582838951,37.5372066754859,구의
서울 광진구 자양동 775-10,FD6,음식점,음식점 > 양식,388,1159203702,0502-5550-9173,비에이치테이블,http://place.map.kakao.com/1159203702,서울 광진구 아차산로45길 16,127.08078217024651,37.53777374907963,구의
서울 광진구 구의동 242-56,FD6,음식점,"음식점 > 한식 > 육류,고기 > 갈비",288,1579718964,02-458-8830,한우짝갈비살,http://place.map.kakao.com/1579718964,서울 광진구 자양로18길 73,127.0875198026404,37.538529391920285,구의
서울 광진구 구의동 218-10,FD6,음식점,음식점 > 양식 > 피자,448,2015369599,02-446-8006,도치피자 강변,http://place.map.kakao.com/2015369599,서울 광진구 아차산로62길 14-4,127.09333851916102,37.53905832811161,강변
서울 광진구 구의동 214-6,FD6,음식점,"음식점 > 일식 > 초밥,롤",344,22873800,02-454-9248,스시텐 강변점,http://place.map.kakao.com/22873800,서울 광진구 구의강변로 86,127.093962035746,37.5382108937299,강변
서울 광진구 구의동 212-3,FD6,음식점,"음식점 > 한식 > 육류,고기",581,899891312,02-454-0092,고고기,http://place.map.kakao.com/899891312,서울 광진구 아차산로 471,127.09407903458212,37.540375903099594,강변
서울 광진구 구의동 599,FD6,음식점,"음식점 > 한식 > 육류,고기",295,9072805,02-446-6987,행복한우,http://place.map.kakao.com/9072805,서울 광진구 구의강변로 30,127.091874605512,37.5337111385731,강변
서울 광진구 구의동 217-27,FD6,음식점,"음식점 > 한식 > 육류,고기 > 닭요리",359,10455440,02-444-7985,산골닭갈비,http://place.map.kakao.com/10455440,서울 광진구 구의강변로7길 5,127.093237862558,37.538186239716,강변
서울 광진구 구의동 219-3,FD6,음식점,음식점 > 한식 > 해장국,518,260287922,02-456-4729,양양집 구의점,http://place.map.kakao.com/260287922,서울 광진구 아차산로 457,127.09295791696785,37.539628961199924,강변
서울 광진구 구의동 199-15,FD6,음식점,음식점 > 한식,572,1448221336,02-447-4544,최원석의돼지한판 광장점,http://place.map.kakao.com/1448221336,서울 광진구 아차산로 478,127.095014707379,37.5403111829863,강변
서울 광진구 구의동 217-25,FD6,음식점,"음식점 > 한식 > 육류,고기",334,8128653,02-452-9992,참토우 구의점,http://place.map.kakao.com/8128653,서울 광진구 구의강변로 81,127.093396030283,37.5379951027325,강변
서울 광진구 구의동 212-3,FD6,음식점,음식점 > 샤브샤브,571,23384358,02-3437-1005,바르미샤브샤브n칼국수 구의점,http://place.map.kakao.com/23384358,서울 광진구 아차산로 471,127.093896736986,37.5402760372314,강변
서울 광진구 구의동 593-9,FD6,음식점,"음식점 > 일식 > 돈까스,우동",295,21232417,02-453-9733,장가,http://place.map.kakao.com/21232417,서울 광진구 구의강변로3길 11,127.09140069601584,37.535687400442896,강변
서울 광진구 구의동 213-2,FD6,음식점,"음식점 > 한식 > 해물,생선",505,8998524,02-446-2565,무교동낙지 구의점,http://place.map.kakao.com/8998524,서울 광진구 아차산로 464,127.093665121478,37.5396455213793,강변
서울 광진구 구의동 596-6,FD6,음식점,음식점 > 한식 > 국수 > 칼국수,310,17363969,02-3436-5300,동서울손칼국수,http://place.map.kakao.com/17363969,서울 광진구 구의강변로 35,127.09147447049814,37.53402409640454,강변
서울 송파구 신천동 17-4,FD6,음식점,음식점 > 양식 > 이탈리안,67,24172366,02-420-2131,임뻬라또,http://place.map.kakao.com/24172366,서울 송파구 올림픽로37길 130,127.10457361508571,37.520833373062445,잠실나루
서울 송파구 신천동 11-4,FD6,음식점,"음식점 > 일식 > 초밥,롤",361,2078452841,02-418-2288,세이류,http://place.map.kakao.com/2078452841,서울 송파구 올림픽로35가길 9,127.10356892544826,37.517432972703205,잠실나루
서울 송파구 신천동 7-14,FD6,음식점,"음식점 > 술집 > 호프,요리주점",393,805143288,02-413-1555,크래프트아일랜드 잠실점 본관,http://place.map.kakao.com/805143288,서울 송파구 올림픽로35가길 10,127.10240933887825,37.51732406141973,잠실나루
서울 송파구 방이동 67-7,FD6,음식점,"음식점 > 한식 > 육류,고기 > 삼겹살",932,374002462,02-418-9292,화반 방이점,http://place.map.kakao.com/374002462,서울 송파구 오금로13길 8,127.108587374475,37.5131829377762,잠실나루
서울 송파구 방이동 44-5,FD6,음식점,음식점 > 중식 > 중국요리,961,19452961,02-2202-8004,몽중헌 방이점,http://place.map.kakao.com/19452961,서울 송파구 위례성대로 10,127.113522070938,37.5167390635234,잠실나루
서울 송파구 방이동 44-7,FD6,음식점,음식점 > 한식 > 한정식,937,13337591,02-448-3457,산들해 송파점,http://place.map.kakao.com/13337591,서울 송파구 위례성대로 6,127.113214399077,37.5167393588321,잠실나루
서울 송파구 방이동 24-3,FD6,음식점,음식점 > 일식 > 일식집,773,11418974,02-418-7797,삿뽀로 방이점,http://place.map.kakao.com/11418974,서울 송파구 오금로11길 7,127.107985343962,37.5145530151478,잠실나루
서울 송파구 신천동 7,FD6,음식점,음식점 > 분식,360,15735525,02-416-7235,뽀빠이분식,http://place.map.kakao.com/15735525,서울 송파구 올림픽로35길 112,127.101823001115,37.5178633681817,잠실나루
서울 송파구 신천동 29,FD6,음식점,음식점 > 뷔페 > 해산물뷔페,822,425520392,1644-3210,바이킹스워프 잠실 헤리티지점,http://place.map.kakao.com/425520392,서울 송파구 올림픽로 300,127.10388779971095,37.513271858995594,잠실나루
서울 송파구 방이동 70,FD6,음식점,"음식점 > 한식 > 육류,고기 > 삼겹살",948,1201642510,02-424-6882,육화식당,http://place.map.kakao.com/1201642510,서울 송파구 올림픽로32길 29,127.109825392284,37.5135926508284,잠실나루
서울 송파구 신천동 7-28,FD6,음식점,음식점 > 한식 > 두부전문점,628,13290974,02-416-0809,수가성순두부전문점,http://place.map.kakao.com/13290974,서울 송파구 올림픽로 293-19,127.102479855216,37.5151237502826,잠실나루
서울 송파구 신천동 7,FD6,음식점,"음식점 > 양식 > 스테이크,립",400,27229549,070-7721-1330,정순함박 잠실본점,http://place.map.kakao.com/27229549,서울 송파구 올림픽로35길 112,127.10141999457751,37.5176330581388,잠실나루
서울 송파구 방이동 36-7,FD6,음식점,음식점 > 양식,782,396906196,02-420-6042,바 다빈치,http://place.map.kakao.com/396906196,서울 송파구 올림픽로32길 11,127.109225837729,37.515096080616,잠실나루
서울 송파구 신천동 7,FD6,음식점,음식점 > 한식 > 순대,355,12052839,02-424-6233,조박사토종순대국,http://place.map.kakao.com/12052839,서울 송파구 올림픽로35길 112,127.10183324770699,37.51791201351092,잠실나루
서울 송파구 신천동 7-30,FD6,음식점,음식점 > 양식 > 이탈리안,685,1878768223,02-422-4300,마노디셰프 잠실점,http://place.map.kakao.com/1878768223,서울 송파구 송파대로 570,127.099114506437,37.5157861566772,잠실나루
서울 송파구 잠실동 40-1,FD6,음식점,음식점 > 뷔페,210,13279465,02-419-7000,롯데호텔월드 라세느,http://place.map.kakao.com/13279465,서울 송파구 올림픽로 240,127.1003314133134,37.51141706339577,잠실
서울 송파구 송파동 37-6,FD6,음식점,음식점 > 양식,784,1807739168,070-8824-9451,갓잇 송리단길점,http://place.map.kakao.com/1807739168,서울 송파구 오금로16길 20,127.10798672819713,37.510018261609005,잠실
서울 송파구 신천동 29,FD6,음식점,음식점 > 한식 > 한정식,228,18313843,02-3213-1261,시그니엘서울 비채나,http://place.map.kakao.com/18313843,서울 송파구 올림픽로 300,127.10255219456239,37.512605382354366,잠실
서울 송파구 송파동 8,FD6,음식점,음식점 > 양식 > 이탈리안,664,27311545,,엘리스리틀이태리,http://place.map.kakao.com/27311545,서울 송파구 백제고분로41길 43-21,127.104832570447,37.5086380614148,잠실
서울 송파구 송파동 9-9,FD6,음식점,음식점 > 양식 > 피자,701,85237296,02-422-8588,피제리아라고,http://place.map.kakao.com/85237296,서울 송파구 백제고분로41길 39,127.105881469302,37.5089479723871,잠실
서울 송파구 석촌동 158-7,FD6,음식점,음식점 > 퓨전요리 > 퓨전일식,669,1678391738,02-423-3767,수작나베 석촌호수직영점,http://place.map.kakao.com/1678391738,서울 송파구 석촌호수로 234,127.102736549521,37.5076451940343,잠실
서울 송파구 신천동 29,FD6,음식점,"음식점 > 일식 > 초밥,롤",279,26239352,02-3213-4519,갓덴스시 롯데월드몰점,http://place.map.kakao.com/26239352,서울 송파구 올림픽로 300,127.10324479767873,37.51370130054057,잠실
서울 송파구 신천동 29,FD6,음식점,음식점 > 아시아음식,293,26239333,02-3213-4599,피에프창 롯데월드몰점,http://place.map.kakao.com/26239333,서울 송파구 올림픽로 300,127.10344131454994,37.51348759073657,잠실
서울 송파구 송파동 55-7,FD6,음식점,"음식점 > 한식 > 육류,고기",822,2017667910,02-422-8692,고도식 잠실점,http://place.map.kakao.com/2017667910,서울 송파구 백제고분로45길 28,127.108657925231,37.5103537206408,잠실
서울 송파구 신천동 7-18,FD6,음식점,음식점 > 패밀리레스토랑 > 애슐리,142,21302210,0507-1418-2235,애슐리퀸즈 잠실롯데캐슬점,http://place.map.kakao.com/21302210,서울 송파구 올림픽로 269,127.0997644016756,37.514555739825724,잠실
서울 송파구 송파동 42-6,FD6,음식점,음식점 > 일식 > 일본식라면,922,1087614547,,오레노라멘 송파점,http://place.map.kakao.com/1087614547,서울 송파구 백제고분로45길 17-3,127.10945644239983,37.50957541679069,잠실
서울 강남구 대치동 996-16,FD6,음식점,음식점 > 한식 > 해장국,783,27531028,02-558-7905,중앙해장,http://place.map.kakao.com/27531028,서울 강남구 영동대로86길 17,127.065472540919,37.508273597184,종합운동장
서울 송파구 잠실동 195-9,FD6,음식점,음식점 > 한식 > 냉면,562,25049102,02-424-7192,해주냉면,http://place.map.kakao.com/25049102,서울 송파구 백제고분로7길 8-16,127.07977463491474,37.509652351093166,종합운동장
서울 송파구 잠실동 195-10,FD6,음식점,음식점 > 중식,551,1181524598,02-417-8868,도삭면공방,http://place.map.kakao.com/1181524598,서울 송파구 백제고분로7길 8-12,127.0797160660903,37.50988304776105,종합운동장
서울 강남구 대치동 996-1,FD6,음식점,음식점 > 양식 > 햄버거,745,586363951,02-566-6244,크라이치즈버거 삼성역점,http://place.map.kakao.com/586363951,서울 강남구 테헤란로 620,127.06553778419345,37.509160149568245,종합운동장
서울 송파구 잠실동 203-7,FD6,음식점,"음식점 > 한식 > 육류,고기",813,16082320,02-3431-4520,늘푸른목장 잠실본점,http://place.map.kakao.com/16082320,서울 송파구 백제고분로9길 34,127.082670031448,37.5095890918816,종합운동장
서울 송파구 잠실동 294-3,FD6,음식점,"음식점 > 한식 > 육류,고기 > 삼겹살",796,72177172,0502-5550-4555,미강식당,http://place.map.kakao.com/72177172,서울 송파구 백제고분로 122,127.08039080827098,37.50626055174282,종합운동장
서울 강남구 삼성동 165-12,FD6,음식점,음식점 > 한식 > 설렁탕,860,16649489,02-569-8726,이남장 삼성점,http://place.map.kakao.com/16649489,서울 강남구 봉은사로108길 21,127.064450126559,37.5135684607614,종합운동장
서울 송파구 잠실동 195-1,FD6,음식점,음식점 > 한식 > 감자탕,531,648596761,02-423-9868,팔팔감자탕,http://place.map.kakao.com/648596761,서울 송파구 백제고분로7길 6-5,127.079521679422,37.5100273394857,종합운동장
서울 송파구 잠실동 190,FD6,음식점,"음식점 > 한식 > 육류,고기",712,1346139956,02-420-9291,진원소우 잠실새내점,http://place.map.kakao.com/1346139956,서울 송파구 백제고분로7길 26,127.0816848095097,37.51054844591679,종합운동장
서울 송파구 잠실동 201,FD6,음식점,"음식점 > 한식 > 육류,고기 > 삼겹살",719,2020430696,0503-7150-4971,연탄부락 잠실새내점,http://place.map.kakao.com/2020430696,서울 송파구 백제고분로9길 22,127.081547898912,37.5094601272586,종합운동장
서울 송파구 잠실동 180-6,FD6,음식점,"음식점 > 한식 > 육류,고기",704,1747047105,02-420-3677,후발대 잠실직영점,http://place.map.kakao.com/1747047105,서울 송파구 올림픽로12길 4-23,127.081606214466,37.5110800927465,종합운동장
서울 송파구 잠실동 198-7,FD6,음식점,"음식점 > 한식 > 해물,생선",651,1755004918,02-418-2642,신천생태,http://place.map.kakao.com/1755004918,서울 송파구 올림픽로8길 32,127.080470435186,37.5087941228622,종합운동장
서울 송파구 잠실동 192-13,FD6,음식점,"음식점 > 한식 > 육류,고기 > 곱창,막창",672,617218371,02-416-9292,초대창 잠실새내점,http://place.map.kakao.com/617218371,서울 송파구 백제고분로9길 17,127.081027736457,37.5095668037401,종합운동장
서울 송파구 잠실동 198-1,FD6,음식점,"음식점 > 한식 > 해물,생선 > 아구",637,939202585,02-419-2922,생생아구,http://place.map.kakao.com/939202585,서울 송파구 백제고분로7길 8-37,127.080293990996,37.5087906389134,종합운동장
서울 송파구 잠실동 189,FD6,음식점,"음식점 > 한식 > 해물,생선",757,1999496197,02-419-0523,쭈꾸미도사 잠실새내점,http://place.map.kakao.com/1999496197,서울 송파구 백제고분로7길 30,127.08220524858,37.5106886415406,종합운동장
서울 강남구 삼성동 159-8,FD6,음식점,음식점 > 뷔페,215,8214517,02-559-7575,그랜드인터컨티넨탈 서울파르나스 그랜드키친,http://place.map.kakao.com/8214517,서울 강남구 테헤란로 521,127.06081577834065,37.50923655746207,삼성
서울 강남구 대치동 942-10,FD6,음식점,음식점 > 뷔페,512,7891904,02-3288-8080,보노보노 삼성점,http://place.map.kakao.com/7891904,서울 강남구 테헤란로 508,127.05797840126094,37.5068169843704,삼성
서울 강남구 대치동 956-6,FD6,음식점,음식점 > 일식,405,1337569618,02-544-8422,부타이 1막,http://place.map.kakao.com/1337569618,서울 강남구 테헤란로88길 22,127.06004648139945,37.506171732639025,삼성
서울 강남구 삼성동 159-8,FD6,음식점,음식점 > 아시아음식,166,2022806150,02-3453-6811,허머스키친 삼성점,http://place.map.kakao.com/2022806150,서울 강남구 테헤란로 521,127.06143228096745,37.50934435898666,삼성
서울 강남구 삼성동 148-15,FD6,음식점,음식점 > 중식,631,1770731230,0507-1374-3082,팀호완 삼성점,http://place.map.kakao.com/1770731230,서울 강남구 봉은사로86길 30,127.056847505366,37.5114270736423,삼성
서울 강남구 삼성동 151-7,FD6,음식점,음식점 > 한식 > 냉면,684,27261403,02-569-8939,능라도 강남점,http://place.map.kakao.com/27261403,서울 강남구 삼성로 534,127.05553416938561,37.509677046854954,삼성
서울 강남구 삼성동 154-11,FD6,음식점,음식점 > 중식 > 중국요리,456,24041168,02-508-1320,시추안하우스 삼성점,http://place.map.kakao.com/24041168,서울 강남구 테헤란로87길 29,127.058130993444,37.5096145291272,삼성
서울 강남구 삼성동 159,FD6,음식점,음식점 > 한식 > 곰탕,406,26428654,02-551-5959,하동관 코엑스몰직영점,http://place.map.kakao.com/26428654,서울 강남구 영동대로 513,127.05980400928702,37.51129046312587,삼성
서울 강남구 삼성동 158-9,FD6,음식점,음식점 > 양식 > 이탈리안,438,8969599,02-561-9011,마노디셰프 삼성점,http://place.map.kakao.com/8969599,서울 강남구 테헤란로87길 21,127.05824818479307,37.50905224454018,삼성
서울 강남구 대치동 950-1,FD6,음식점,음식점 > 중식 > 중국요리,218,27162373,02-501-7681,하이보 삼성점,http://place.map.kakao.com/27162373,서울 강남구 영동대로85길 13,127.06257825973316,37.50692005468687,삼성
서울 강남구 삼성동 153-64,FD6,음식점,음식점 > 한식,557,1198484281,02-569-7577,이대성의진면목,http://place.map.kakao.com/1198484281,서울 강남구 삼성로100길 23-3,127.057149725493,37.5102385030662,삼성
서울 강남구 삼성동 157-23,FD6,음식점,음식점 > 중식 > 중국요리,541,948434557,02-553-2888,호신각,http://place.map.kakao.com/948434557,서울 강남구 테헤란로81길 16,127.057125560928,37.5082130564184,삼성
서울 강남구 대치동 896-33,FD6,음식점,음식점 > 한식 > 국밥,432,17163273,02-555-9603,농민백암순대 본점,http://place.map.kakao.com/17163273,서울 강남구 선릉로86길 40-4,127.05302244327859,37.50373066700644,선릉
서울 강남구 대치동 896-5,FD6,음식점,"음식점 > 한식 > 육류,고기 > 족발,보쌈",357,11190567,02-558-9279,뽕나무쟁이 선릉본점,http://place.map.kakao.com/11190567,서울 강남구 역삼로65길 31,127.052009891848,37.5032274550881,선릉
서울 강남구 대치동 890-44,FD6,음식점,음식점 > 한식 > 감자탕,417,11356521,02-558-7944,신동궁감자탕뼈숯불구이 선릉직영점,http://place.map.kakao.com/11356521,서울 강남구 선릉로86길 39,127.052892633601,37.5040848203409,선릉
서울 강남구 역삼동 700-33,FD6,음식점,"음식점 > 한식 > 육류,고기 > 곱창,막창",406,7891890,0502-5551-8742,별양집,http://place.map.kakao.com/7891890,서울 강남구 테헤란로43길 17,127.04357369867394,37.50435442196001,선릉
서울 강남구 대치동 889-65,FD6,음식점,음식점 > 중식 > 중국요리,205,18283045,02-567-6992,마담밍 선릉점,http://place.map.kakao.com/18283045,서울 강남구 선릉로86길 5-4,127.050300087601,37.5035021011843,선릉
서울 강남구 삼성동 142-46,FD6,음식점,"음식점 > 한식 > 육류,고기",431,21306153,02-553-2237,경천애인2237 삼성본점,http://place.map.kakao.com/21306153,서울 강남구 테헤란로 421,127.05255692332769,37.50596086312871,선릉
서울 강남구 대치동 895-11,FD6,음식점,"음식점 > 한식 > 육류,고기",516,26565017,02-564-1253,진대감 선릉점,http://place.map.kakao.com/26565017,서울 강남구 테헤란로70길 25,127.05400316360698,37.50398700929091,선릉
서울 강남구 대치동 890-45,FD6,음식점,음식점 > 술집 > 일본식주점,397,1137715451,02-592-3584,수다 대치점,http://place.map.kakao.com/1137715451,서울 강남구 선릉로86길 37,127.052670986216,37.5041137515496,선릉
서울 강남구 삼성동 113,FD6,음식점,음식점 > 한식 > 한정식,731,25744174,02-558-4900,수담한정식 강남점,http://place.map.kakao.com/25744174,서울 강남구 봉은사로 418,127.045938976373,37.510603796848,선릉
서울 강남구 대치동 897,FD6,음식점,음식점 > 분식,227,8470301,,우리집만두 선릉본점,http://place.map.kakao.com/8470301,서울 강남구 선릉로 424,127.050037264968,37.5028390727179,선릉
서울 강남구 삼성동 140-29,FD6,음식점,"음식점 > 한식 > 육류,고기",225,12890589,02-558-5256,김돈이 본점,http://place.map.kakao.com/12890589,서울 강남구 선릉로94길 9,127.049279408534,37.5060866146032,선릉
서울 강남구 대치동 894-18,FD6,음식점,"음식점 > 한식 > 육류,고기",592,7859872,02-561-3811,풍년집 선릉점,http://place.map.kakao.com/7859872,서울 강남구 삼성로81길 34,127.0548626966346,37.50399562327686,선릉
서울 강남구 역삼동 696-31,FD6,음식점,"음식점 > 한식 > 해물,생선 > 회",258,27256514,02-562-9277,통영집,http://place.map.kakao.com/27256514,서울 강남구 선릉로 527,127.047402228858,37.5064982411203,선릉
서울 강남구 대치동 891-44,FD6,음식점,음식점 > 한식 > 한정식,639,2032952073,02-6011-0002,일품진진수라 선릉점,http://place.map.kakao.com/2032952073,서울 강남구 테헤란로78길 16,127.05533848486719,37.50506129063783,선릉
서울 강남구 대치동 897-27,FD6,음식점,음식점 > 중식 > 양꼬치,323,23780221,02-562-9233,미쓰양꼬치,http://place.map.kakao.com/23780221,서울 강남구 테헤란로64길 26,127.05155406176743,37.50314115836914,선릉
서울 강남구 역삼동 641-18,FD6,음식점,"음식점 > 한식 > 찌개,전골",250,7819490,02-552-1663,대우부대찌개,http://place.map.kakao.com/7819490,서울 강남구 테헤란로25길 34,127.03521737405278,37.502696655575825,역삼
서울 강남구 역삼동 646-15,FD6,음식점,"음식점 > 한식 > 육류,고기 > 삼겹살",101,1511737742,02-6933-9506,돝고기506,http://place.map.kakao.com/1511737742,서울 강남구 테헤란로 145,127.03528426481694,37.50064504534292,역삼
서울 강남구 역삼동 669-18,FD6,음식점,음식점 > 양식 > 이탈리안,244,12026995,02-566-0501,지아니스나폴리 역삼점,http://place.map.kakao.com/12026995,서울 강남구 논현로94길 15,127.037556138412,37.5026707070231,역삼
서울 강남구 역삼동 736-32,FD6,음식점,"음식점 > 한식 > 육류,고기",222,741391811,02-3452-6373,육전식당 4호점,http://place.map.kakao.com/741391811,서울 강남구 테헤란로22길 12,127.03490919928926,37.49906479206695,역삼
서울 강남구 역삼동 671-17,FD6,음식점,음식점 > 한식 > 곰탕,351,14569639,02-569-0524,이도곰탕 본점,http://place.map.kakao.com/14569639,서울 강남구 논현로94길 29-5,127.038461247911,37.5033732001773,역삼
서울 강남구 역삼동 726,FD6,음식점,음식점 > 중식,260,25155819,02-562-5565,파크루안 역삼점,http://place.map.kakao.com/25155819,서울 강남구 논현로 430,127.03851667866734,37.49899789750847,역삼
서울 강남구 역삼동 830-9,FD6,음식점,음식점 > 한식 > 순대,771,16421356,02-501-2772,농민백암순대 강남직영점,http://place.map.kakao.com/16421356,서울 강남구 역삼로3길 20-4,127.03150463098274,37.49491300989233,역삼
서울 강남구 역삼동 823-35,FD6,음식점,음식점 > 한식 > 감자탕,437,7983060,,신동궁감자탕뼈숯불구이 역삼직영점,http://place.map.kakao.com/7983060,서울 강남구 테헤란로10길 21,127.03290815160956,37.49788594917416,역삼
서울 강남구 역삼동 648-9,FD6,음식점,음식점 > 양식 > 이탈리안,369,7857136,02-553-5311,마노디셰프 강남점,http://place.map.kakao.com/7857136,서울 강남구 테헤란로 129,127.03237184760155,37.4998701131357,역삼
서울 강남구 역삼동 823-16,FD6,음식점,음식점 > 한식 > 한정식,477,2142723351,02-558-4997,해담채 강남점,http://place.map.kakao.com/2142723351,서울 강남구 논현로85길 70,127.03242183211198,37.497775259854485,역삼
서울 강남구 역삼동 669-15,FD6,음식점,"음식점 > 한식 > 육류,고기",241,13112670,02-552-2472,진대감 역삼점,http://place.map.kakao.com/13112670,서울 강남구 봉은사로30길 75,127.03719880010506,37.502746504564065,역삼
서울 강남구 역삼동 668-14,FD6,음식점,음식점 > 중식 > 중국요리,213,23999472,02-556-6689,불이아 역삼점,http://place.map.kakao.com/23999472,서울 강남구 논현로 514,127.03654333962912,37.502577950786474,역삼
서울 강남구 역삼동 723-30,FD6,음식점,"음식점 > 간식 > 제과,베이커리",445,27480112,02-567-9501,바게트케이,http://place.map.kakao.com/27480112,서울 강남구 테헤란로34길 21-10,127.041445246197,37.5002943551812,역삼
서울 강남구 역삼동 819-4,FD6,음식점,"음식점 > 한식 > 찌개,전골",640,1428481536,02-557-2662,강남진해장,http://place.map.kakao.com/1428481536,서울 강남구 테헤란로5길 11,127.02930814350843,37.499584393000326,역삼
서울 강남구 역삼동 817-31,FD6,음식점,음식점 > 아시아음식 > 동남아음식 > 베트남음식,747,1238400864,,땀땀 본점,http://place.map.kakao.com/1238400864,서울 강남구 강남대로98길 12-5,127.0279785223454,37.50040282892629,역삼
서울 서초구 서초동 1303-37,FD6,음식점,음식점 > 샤브샤브,565,1372079546,02-533-8260,하이디라오 강남점,http://place.map.kakao.com/1372079546,서울 서초구 서초대로77길 54,127.02480140187946,37.502564150766105,강남
서울 강남구 역삼동 822-4,FD6,음식점,"음식점 > 일식 > 초밥,롤",164,13575898,02-2051-1477,갓덴스시 강남점,http://place.map.kakao.com/13575898,서울 강남구 테헤란로 109,127.029090699483,37.498777145173,강남
서울 서초구 서초동 1316-29,FD6,음식점,음식점 > 한식 > 한정식,197,22716674,02-534-5300,노랑저고리 강남점,http://place.map.kakao.com/22716674,서울 서초구 서초대로73길 9,127.0253484614826,37.49829326602763,강남
서울 서초구 서초동 1328-11,FD6,음식점,"음식점 > 한식 > 육류,고기",363,1052874675,02-588-7805,고메램 강남점,http://place.map.kakao.com/1052874675,서울 서초구 강남대로 359,127.02860968978608,37.494799318551806,강남
서울 서초구 서초동 1317-23,FD6,음식점,"음식점 > 양식 > 스테이크,립",145,22211960,02-590-2800,로리스더프라임립,http://place.map.kakao.com/22211960,서울 서초구 서초대로 411,127.02590025308936,37.49808140984054,강남
서울 서초구 서초동 1328-11,FD6,음식점,음식점 > 아시아음식 > 인도음식,351,7880445,02-521-4588,바바인디아 강남역점,http://place.map.kakao.com/7880445,서울 서초구 강남대로 359,127.028578066374,37.4949029420047,강남
서울 강남구 역삼동 826-37,FD6,음식점,음식점 > 한식 > 냉면,413,12418029,02-552-1922,을밀대 강남점,http://place.map.kakao.com/12418029,서울 강남구 테헤란로4길 46,127.030740331534,37.4952411777316,강남
서울 강남구 역삼동 817-34,FD6,음식점,"음식점 > 한식 > 해물,생선",305,11463001,02-508-4629,알부자 강남본점,http://place.map.kakao.com/11463001,서울 강남구 강남대로98길 14,127.027820307026,37.5007020002887,강남
서울 서초구 서초동 1327-29,FD6,음식점,음식점 > 한식 > 국수,339,770095922,02-2055-1191,청류벽,http://place.map.kakao.com/770095922,서울 서초구 서초대로74길 29,127.02736582882774,37.49490503104327,강남
서울 강남구 역삼동 826-20,FD6,음식점,"음식점 > 한식 > 육류,고기",338,1503746075,02-508-0043,창고43 강남점,http://place.map.kakao.com/1503746075,서울 강남구 강남대로 362,127.02931097525367,37.4952559571223,강남
서울 서초구 서초동 1675-5,FD6,음식점,음식점 > 한식 > 냉면,232,34321780,02-521-9945,서관면옥 교대본점,http://place.map.kakao.com/34321780,서울 서초구 서초대로56길 11,127.01725609065346,37.49397890313892,교대
서울 서초구 서초동 1715-1,FD6,음식점,음식점 > 한식 > 설렁탕,200,8038873,02-592-0268,이남장 서초점,http://place.map.kakao.com/8038873,서울 서초구 서초대로49길 4,127.012380026889,37.4937921052694,교대
서울 서초구 서초동 1566-8,FD6,음식점,"음식점 > 한식 > 육류,고기",488,9475630,0507-1399-3337,탐라도야지,http://place.map.kakao.com/9475630,서울 서초구 서초대로50길 82,127.013627677287,37.4896329178426,교대
서울 서초구 서초동 1658-17,FD6,음식점,"음식점 > 일식 > 돈까스,우동",180,1943855220,02-6338-5154,가츠오,http://place.map.kakao.com/1943855220,서울 서초구 서초중앙로20길 21,127.015265553371,37.4924078206345,교대
서울 서초구 서초동 1571-29,FD6,음식점,음식점 > 중식 > 양꼬치,290,25807151,02-586-8892,한성양갈비양꼬치 교대점,http://place.map.kakao.com/25807151,서울 서초구 반포대로28길 71-18,127.012329991931,37.4920910089091,교대
서울 서초구 서초동 1685-8,FD6,음식점,음식점 > 한식 > 국수,192,130561410,02-585-1702,샘밭막국수 서초점,http://place.map.kakao.com/130561410,서울 서초구 서초중앙로24길 27,127.016039622311,37.4952801285782,교대
서울 서초구 서초동 1571-13,FD6,음식점,음식점 > 한식 > 두부전문점,279,1121825214,02-522-2092,황금콩밭,http://place.map.kakao.com/1121825214,서울 서초구 반포대로30길 66,127.01220564752107,37.49234330386076,교대
서울 서초구 서초동 1658-1,FD6,음식점,"음식점 > 한식 > 육류,고기 > 족발,보쌈",102,495667742,02-583-6431,바른식시골보쌈&감자옹심이 교대점,http://place.map.kakao.com/495667742,서울 서초구 서초대로52길 17,127.01477265677,37.4930385883572,교대
서울 서초구 서초동 1551-9,FD6,음식점,음식점 > 한식 > 냉면,525,1495657850,02-6959-9339,설눈,http://place.map.kakao.com/1495657850,서울 서초구 서초대로46길 20-7,127.009769801218,37.4912334893243,교대
서울 서초구 서초동 1557-17,FD6,음식점,"음식점 > 한식 > 육류,고기 > 닭요리 > 삼계탕",396,1967338071,02-522-2270,3대삼계장인,http://place.map.kakao.com/1967338071,서울 서초구 반포대로28길 56-3,127.011556427233,37.4913558650832,교대
서울 서초구 서초동 1572-11,FD6,음식점,음식점 > 한식,273,1167488602,02-582-5958,락희옥 서초교대역지점,http://place.map.kakao.com/1167488602,서울 서초구 반포대로30길 63,127.012022507256,37.4926316449732,교대
서울 서초구 서초동 1671-1,FD6,음식점,음식점 > 중식,49,1252347522,02-586-6689,불이아 교대점,http://place.map.kakao.com/1252347522,서울 서초구 서초대로52길 7,127.014673239507,37.4935107284916,교대
서울 서초구 서초동 1699-14,FD6,음식점,음식점 > 한식 > 설렁탕,196,10878103,,푸주옥,http://place.map.kakao.com/10878103,서울 서초구 서초중앙로26길 5,127.01399968397217,37.49565520676267,교대
서울 서초구 서초동 1660-3,FD6,음식점,음식점 > 중식 > 중국요리,200,1353039490,,중화백반 교대점,http://place.map.kakao.com/1353039490,서울 서초구 서초중앙로20길 18,127.015164872812,37.4922051069527,교대
서울 서초구 서초동 1668-7,FD6,음식점,음식점 > 일식,316,18253256,02-522-0373,미나미,http://place.map.kakao.com/18253256,서울 서초구 서초대로58길 31-2,127.018119869228,37.4933300487122,교대
서울 서초구 서초동 1709-4,FD6,음식점,음식점 > 한식 > 한정식,169,10257229,02-533-8410,대나무골,http://place.map.kakao.com/10257229,서울 서초구 법원로3길 15,127.009010162444,37.4931869335573,서초
서울 서초구 서초동 1557-7,FD6,음식점,음식점 > 한식 > 냉면,291,11892071,02-522-1422,서초면옥 서초본점,http://place.map.kakao.com/11892071,서울 서초구 반포대로28길 46,127.011108614065,37.491154082368,서초
서울 서초구 서초동 1555-9,FD6,음식점,음식점 > 한식 > 곰탕,259,27547157,02-598-9337,이여곰탕,http://place.map.kakao.com/27547157,서울 서초구 서초대로46길 19-15,127.010878035144,37.4918208493168,서초
서울 서초구 서초동 1553-15,FD6,음식점,음식점 > 한식 > 국수,98,23641774,02-587-4490,소연 서초점,http://place.map.kakao.com/23641774,서울 서초구 반포대로30길 9,127.009014502397,37.4916624289064,서초
서울 서초구 서초동 1709-2,FD6,음식점,음식점 > 한식 > 국수,124,7977432,02-596-9295,신숙,http://place.map.kakao.com/7977432,서울 서초구 법원로3길 21,127.008277387992,37.4930031817065,서초
서울 서초구 서초동 1716-10,FD6,음식점,음식점 > 분식 > 떡볶이,363,355548230,02-461-5360,광해즉석떡볶이,http://place.map.kakao.com/355548230,서울 서초구 서초대로 275,127.011543186942,37.4934930556443,서초
서울 서초구 서초동 1572-2,FD6,음식점,음식점 > 중식 > 중국요리,311,971848820,02-583-8882,뽕사부 교대점,http://place.map.kakao.com/971848820,서울 서초구 서초대로 270,127.01133951905734,37.492671356821475,서초
서울 서초구 방배동 909-4,FD6,음식점,"음식점 > 양식 > 멕시칸,브라질",107,27099185,02-598-5066,까르니브라질그릴,http://place.map.kakao.com/27099185,서울 서초구 방배로 83-9,126.99665334812235,37.48205077063482,방배
서울 서초구 방배동 911-19,FD6,음식점,"음식점 > 일식 > 초밥,롤",152,501745730,0503-7152-7812,김태완스시 방배본점,http://place.map.kakao.com/501745730,서울 서초구 효령로31길 21,126.99614456010647,37.4821768963684,방배
서울 서초구 방배동 1021-14,FD6,음식점,"음식점 > 일식 > 돈까스,우동",328,11299831,02-584-7348,댓짱돈까스 방배본점,http://place.map.kakao.com/11299831,서울 서초구 방배로6길 13,127.0000678349968,37.47923966966667,방배
서울 서초구 방배동 909-7,FD6,음식점,음식점 > 중식 > 중국요리,65,16447085,02-522-7275,다리원,http://place.map.kakao.com/16447085,서울 서초구 효령로31길 6,126.99691227959696,37.4816083823136,방배
서울 서초구 방배동 983-11,FD6,음식점,음식점 > 양식,213,915579316,070-4100-0223,바게틴,http://place.map.kakao.com/915579316,서울 서초구 방배로 58,126.99902542861237,37.47990190745774,방배
서울 서초구 방배동 905-7,FD6,음식점,"음식점 > 한식 > 육류,고기 > 닭요리",380,17203970,02-586-5222,신미경의정통춘천닭갈비,http://place.map.kakao.com/17203970,서울 서초구 방배로16길 11-3,126.996268802426,37.4847249528354,방배
서울 서초구 방배동 1020-2,FD6,음식점,음식점 > 중식 > 중국요리,426,10351286,02-581-3366,만다린,http://place.map.kakao.com/10351286,서울 서초구 방배로6길 10-15,127.00061955321,37.4784611959752,방배
서울 서초구 방배동 983-3,FD6,음식점,음식점 > 일식 > 일식집,102,10321284,02-522-4555,대판수사,http://place.map.kakao.com/10321284,서울 서초구 방배로10길 10-4,126.998593522179,37.4809587868085,방배
서울 서초구 방배동 910-5,FD6,음식점,음식점 > 중식 > 양꼬치,164,24998288,02-523-7371,천희양꼬치,http://place.map.kakao.com/24998288,서울 서초구 효령로31길 28,126.99624177990393,37.48245981626567,방배
서울 서초구 방배동 983-41,FD6,음식점,"음식점 > 한식 > 해물,생선",167,2055676263,02-3487-5559,오코다리 방배점,http://place.map.kakao.com/2055676263,서울 서초구 방배로 62,126.998819654333,37.4803028546684,방배
서울 서초구 방배동 983-11,FD6,음식점,"음식점 > 한식 > 육류,고기 > 곱창,막창",205,1788209189,02-588-4688,곱창이곶,http://place.map.kakao.com/1788209189,서울 서초구 방배로 58,126.9989949016169,37.47997488895404,방배
서울 서초구 방배동 911-19,FD6,음식점,"음식점 > 한식 > 해물,생선 > 아구",153,9214106,02-597-1959,아구랜드 방배점,http://place.map.kakao.com/9214106,서울 서초구 효령로31길 21,126.99609933687873,37.48214085452994,방배
서울 서초구 방배동 936-4,FD6,음식점,"음식점 > 한식 > 육류,고기",718,1090301830,02-3486-5505,선화의고기 방배본점,http://place.map.kakao.com/1090301830,서울 서초구 서초대로24길 9,126.993369575287,37.4869845544893,방배
서울 서초구 방배동 909-9,FD6,음식점,음식점 > 패스트푸드 > 맥도날드,50,8331014,02-6391-3700,맥도날드 방배점,http://place.map.kakao.com/8331014,서울 서초구 방배로 81,126.99710900507553,37.48166605186262,방배
서울 서초구 방배동 872-7,FD6,음식점,"음식점 > 한식 > 육류,고기",826,26992331,010-9514-8586,호왕 서래본점,http://place.map.kakao.com/26992331,서울 서초구 서초대로 91,126.99222977073153,37.487553922125635,방배
서울 동작구 사당동 1032-1,FD6,음식점,음식점 > 한식,356,8078768,010-4660-7391,전주전집,http://place.map.kakao.com/8078768,서울 동작구 동작대로7길 19,126.98064883021,37.4796525493038,사당
서울 동작구 사당동 1041-7,FD6,음식점,음식점 > 한식 > 두부전문점,184,8106735,02-3472-2202,가마솥손두부,http://place.map.kakao.com/8106735,서울 동작구 남부순환로271길 20,126.980192578158,37.4777351257611,사당
서울 동작구 사당동 1042-5,FD6,음식점,"음식점 > 한식 > 육류,고기",138,576618051,02-875-6161,불광옥,http://place.map.kakao.com/576618051,서울 동작구 사당로30길 161,126.98080311588687,37.47759827308389,사당
서울 동작구 사당동 1041-5,FD6,음식점,"음식점 > 한식 > 해물,생선",196,21827385,02-3472-0108,조가네갑오징어 사당점,http://place.map.kakao.com/21827385,서울 동작구 남부순환로271길 24,126.98020384145781,37.477895507340364,사당
서울 동작구 사당동 1031-13,FD6,음식점,"음식점 > 일식 > 초밥,롤",294,27384429,02-523-5937,초와밥,http://place.map.kakao.com/27384429,서울 동작구 동작대로5길 8,126.981006226007,37.4791408340354,사당
서울 서초구 방배동 450-17,FD6,음식점,"음식점 > 한식 > 해물,생선",177,519979180,02-523-0511,속초어시장 방배점,http://place.map.kakao.com/519979180,서울 서초구 방배천로2길 7,126.983430611024,37.4772490790437,사당
서울 동작구 사당동 1030-20,FD6,음식점,음식점 > 샤브샤브,441,2005573719,02-522-0653,소담촌 사당직영점,http://place.map.kakao.com/2005573719,서울 동작구 동작대로 43,126.981449076376,37.4805068343393,사당
서울 관악구 남현동 1061-11,FD6,음식점,"음식점 > 한식 > 육류,고기 > 삼겹살",158,20745677,02-582-5124,복돈이부추삼겹살 사당본점,http://place.map.kakao.com/20745677,서울 관악구 남현1길 68-14,126.98112028425254,37.4751655979334,사당
서울 서초구 방배동 443-4,FD6,음식점,음식점 > 아시아음식 > 인도음식,222,1550451907,02-581-2855,깔리 사당점,http://place.map.kakao.com/1550451907,서울 서초구 방배천로 21,126.982286202764,37.4784706819014,사당
서울 동작구 사당동 1038-27,FD6,음식점,"음식점 > 한식 > 육류,고기 > 족발,보쌈",309,1607234004,02-595-3308,천하무족,http://place.map.kakao.com/1607234004,서울 동작구 동작대로7길 74,126.978596175284,37.4779150492617,사당
서울 서초구 방배동 451-36,FD6,음식점,음식점 > 양식 > 이탈리안,315,27311683,02-581-5291,리에또,http://place.map.kakao.com/27311683,서울 서초구 방배천로4안길 20,126.98338047719,37.4790078424685,사당
서울 서초구 방배동 450-16,FD6,음식점,"음식점 > 한식 > 육류,고기",154,211389635,02-582-0102,삼육가 사당역1호점,http://place.map.kakao.com/211389635,서울 서초구 방배천로 10,126.982964782184,37.4774292147177,사당
서울 관악구 남현동 1060-2,FD6,음식점,"음식점 > 한식 > 해물,생선 > 회",144,818697430,02-586-1410,속초오징어어시장 사당점,http://place.map.kakao.com/818697430,서울 관악구 남현1길 47,126.980134245029,37.4760123855221,사당
서울 서초구 방배동 450-14,FD6,음식점,"음식점 > 한식 > 육류,고기 > 족발,보쌈",169,25770378,02-6959-2830,바른식 시골보쌈&감자옹심이 사당역별관점,http://place.map.kakao.com/25770378,서울 서초구 방배천로 12,126.9829511667976,37.47764365302684,사당
서울 관악구 남현동 602-1,FD6,음식점,음식점 > 중식 > 양꼬치,144,13492205,02-586-6577,만경양육관,http://place.map.kakao.com/13492205,서울 관악구 남현3길 78,126.98080141486392,37.475408819216966,사당
서울 관악구 봉천동 1660-7,FD6,음식점,"음식점 > 간식 > 제과,베이커리",162,16990385,02-889-5170,쟝블랑제리,http://place.map.kakao.com/16990385,서울 관악구 낙성대역길 8,126.961968234363,37.477157623199,낙성대
서울 관악구 봉천동 1657-21,FD6,음식점,음식점 > 분식,118,367274233,02-876-7792,오월의김밥,http://place.map.kakao.com/367274233,서울 관악구 봉천로 605,126.96459162269421,37.4760808309256,낙성대
서울 관악구 봉천동 1620-38,FD6,음식점,음식점 > 한식 > 순대,491,16586486,02-872-8805,기절초풍왕순대,http://place.map.kakao.com/16586486,서울 관악구 봉천로62길 2,126.95843584814,37.4781367317345,낙성대
서울 관악구 봉천동 1625-1,FD6,음식점,음식점 > 한식,478,27436494,02-883-7083,제주상회,http://place.map.kakao.com/27436494,서울 관악구 관악로12길 108,126.95838209361227,37.47721227708221,낙성대
서울 관악구 봉천동 1629-4,FD6,음식점,음식점 > 양식 > 스페인음식,174,2119986453,02-882-8835,엘따뻬오,http://place.map.kakao.com/2119986453,서울 관악구 봉천로 580,126.961805577991,37.4768764557411,낙성대
서울 관악구 봉천동 1631-6,FD6,음식점,음식점 > 중식,103,1104645895,02-3285-8842,화상손만두 낙성대점,http://place.map.kakao.com/1104645895,서울 관악구 남부순환로244길 18,126.962949989127,37.4762749456769,낙성대
서울 관악구 봉천동 1627-10,FD6,음식점,음식점 > 양식 > 이탈리안,443,1370145039,0507-1428-6958,베이컨시,http://place.map.kakao.com/1370145039,서울 관악구 봉천로62길 5,126.958901799382,37.4778485717066,낙성대
서울 관악구 봉천동 1631-11,FD6,음식점,"음식점 > 한식 > 찌개,전골",139,1632044770,02-877-6031,청년밥상문간 낙성대점,http://place.map.kakao.com/1632044770,서울 관악구 남부순환로244길 26,126.96277151781037,37.47596494223432,낙성대
서울 관악구 봉천동 1612-40,FD6,음식점,음식점 > 일식,660,1226967920,02-883-7974,텐동요츠야,http://place.map.kakao.com/1226967920,서울 관악구 관악로14길 71,126.95655214933412,37.478438793238524,낙성대
서울 관악구 봉천동 1632-6,FD6,음식점,음식점 > 치킨,98,27580388,02-876-3303,경원치킨 본점,http://place.map.kakao.com/27580388,서울 관악구 봉천로 600-1,126.96378669883,37.476044546585,낙성대
서울 관악구 봉천동 1625-5,FD6,음식점,음식점 > 한식 > 쌈밥,470,9186293,02-874-7333,시골집,http://place.map.kakao.com/9186293,서울 관악구 낙성대로 22-7,126.958468200087,37.4768789338449,낙성대
서울 관악구 봉천동 1619-1,FD6,음식점,"음식점 > 한식 > 육류,고기",664,563659414,0507-1357-6884,고기굽는사람들 샤로수길본점,http://place.map.kakao.com/563659414,서울 관악구 관악로14길 70,126.95645051298504,37.47824053376036,낙성대
서울 관악구 봉천동 1621-17,FD6,음식점,음식점 > 양식,580,192812269,02-6032-0278,쥬벤쿠바,http://place.map.kakao.com/192812269,서울 관악구 관악로14나길 10,126.95728746246324,37.47766239121202,낙성대
서울 관악구 봉천동 1613-2,FD6,음식점,"음식점 > 한식 > 육류,고기 > 삼겹살",729,1507921206,02-877-8271,백산식당,http://place.map.kakao.com/1507921206,서울 관악구 관악로14길 60,126.95576411859331,37.47847724423464,낙성대
서울 관악구 봉천동 1627-2,FD6,음식점,음식점 > 샤브샤브,436,13306781,02-885-7966,두만강샤브샤브&중화요리,http://place.map.kakao.com/13306781,서울 관악구 봉천로 552,126.9590339959532,37.47799368013417,낙성대
서울 관악구 봉천동 1603-3,FD6,음식점,음식점 > 일식,243,1153635092,02-878-7444,킷사서울,http://place.map.kakao.com/1153635092,서울 관악구 남부순환로226길 31,126.95375917295634,37.47919458101109,서울대입구
서울 관악구 봉천동 865-2,FD6,음식점,"음식점 > 한식 > 육류,고기 > 곱창,막창",281,392727294,02-887-5000,신기루황소곱창구이,http://place.map.kakao.com/392727294,서울 관악구 관악로13길 25,126.9507268964839,37.47927714925279,서울대입구
서울 관악구 봉천동 1598-6,FD6,음식점,음식점 > 양식 > 이탈리안,252,18508537,02-873-5164,모힝비스트로,http://place.map.kakao.com/18508537,서울 관악구 남부순환로226길 36,126.953533145776,37.4790503308595,서울대입구
서울 관악구 봉천동 1601-11,FD6,음식점,"음식점 > 한식 > 해물,생선 > 조개",241,974308986,02-878-4645,숙이네조개전골 서울대입구점,http://place.map.kakao.com/974308986,서울 관악구 관악로16길 41,126.954902902007,37.4798942062041,서울대입구
서울 관악구 봉천동 858-4,FD6,음식점,"음식점 > 한식 > 해물,생선 > 아구",88,12058323,02-889-1700,대호아구집,http://place.map.kakao.com/12058323,서울 관악구 남부순환로 1829-9,126.953662755264,37.481540770805,서울대입구
서울 관악구 봉천동 851-14,FD6,음식점,음식점 > 일식 > 일본식라면,154,2067688877,0503-7153-8433,라이라이켄,http://place.map.kakao.com/2067688877,서울 관악구 봉천로53길 5,126.95411239888828,37.4821004727666,서울대입구
서울 관악구 봉천동 856-5,FD6,음식점,음식점 > 아시아음식 > 인도음식,164,12740961,02-882-6527,옷살 서울대입구본점,http://place.map.kakao.com/12740961,서울 관악구 관악로 164,126.952999065048,37.4797637188979,서울대입구
서울 관악구 봉천동 1603-15,FD6,음식점,음식점 > 한식,282,285870106,02-877-9288,어부사시가,http://place.map.kakao.com/285870106,서울 관악구 관악로14길 31,126.95429631036599,37.4790127861269,서울대입구
서울 관악구 봉천동 1602-37,FD6,음식점,음식점 > 중식 > 양꼬치,246,11831468,02-888-8665,성민양꼬치 본점,http://place.map.kakao.com/11831468,서울 관악구 관악로16길 38,126.95475378110503,37.47969953121933,서울대입구
서울 관악구 봉천동 860-36,FD6,음식점,"음식점 > 한식 > 육류,고기 > 삼겹살",158,964035366,02-877-9592,그집 돼지 본점,http://place.map.kakao.com/964035366,서울 관악구 봉천로 467,126.952024982746,37.4825384348906,서울대입구
서울 관악구 신림동 1640-28,FD6,음식점,"음식점 > 한식 > 육류,고기 > 닭요리",99,26968158,02-887-8885,신림춘천집 본점,http://place.map.kakao.com/26968158,서울 관악구 남부순환로 1600-8,126.928769125292,37.4835934973318,신림
서울 관악구 신림동 1640-31,FD6,음식점,음식점 > 한식 > 순대,127,15317417,,원조민속순대타운,http://place.map.kakao.com/15317417,서울 관악구 신림로59길 14,126.92878301206055,37.48325742954093,신림
서울 관악구 신림동 10-621,FD6,음식점,음식점 > 중식 > 중국요리,667,1518802779,02-877-9815,중화요리팔공,http://place.map.kakao.com/1518802779,서울 관악구 남부순환로 1680,126.9371129279526,37.48405234129973,신림
서울 관악구 신림동 1433-60,FD6,음식점,음식점 > 한식 > 국수,118,13491393,02-883-2110,막불감동,http://place.map.kakao.com/13491393,서울 관악구 남부순환로 1599,126.9282370537204,37.484290555848666,신림
서울 관악구 신림동 1639-32,FD6,음식점,"음식점 > 한식 > 해물,생선",144,8454873,02-889-8016,오첨지,http://place.map.kakao.com/8454873,서울 관악구 남부순환로176길 18,126.928561470384,37.4831897201582,신림
서울 관악구 신림동 1430-11,FD6,음식점,음식점 > 중식 > 중국요리,394,8416287,02-877-1272,아리차이 신림점,http://place.map.kakao.com/8416287,서울 관악구 신림동길 4,126.928272317548,37.4876152971167,신림
서울 관악구 신림동 1639-57,FD6,음식점,음식점 > 한식,210,1719812451,,서울밥집,http://place.map.kakao.com/1719812451,서울 관악구 관천로 36-1,126.927571024602,37.4831927211807,신림
서울 관악구 신림동 10-518,FD6,음식점,"음식점 > 한식 > 육류,고기 > 갈비",484,10122642,02-886-9233,강강술래 신림점,http://place.map.kakao.com/10122642,서울 관악구 남부순환로 1660,126.935032063852,37.4845810083297,신림
서울 관악구 신림동 1410-17,FD6,음식점,"음식점 > 한식 > 육류,고기 > 갈비",365,16090577,02-885-7610,서울갈비 신림점,http://place.map.kakao.com/16090577,서울 관악구 남부순환로 1645,126.933593500042,37.4849874642852,신림
서울 관악구 봉천동 959-4,FD6,음식점,"음식점 > 한식 > 육류,고기 > 족발,보쌈",527,18569567,02-888-8401,정담은보쌈 신림점,http://place.map.kakao.com/18569567,서울 관악구 남부순환로 1661,126.93540238140316,37.48520831314562,신림
서울 관악구 신림동 1638-1,FD6,음식점,음식점 > 분식 > 떡볶이,227,27388945,,마뇨떡볶이 신림점,http://place.map.kakao.com/27388945,서울 관악구 신원로 35,126.92891739503139,37.48223666774206,신림
서울 관악구 신림동 75-42,FD6,음식점,음식점 > 중식 > 양꼬치,146,27468513,02-883-1978,만성찬팅,http://place.map.kakao.com/27468513,서울 관악구 신림로 322-4,126.93043165074168,37.48308451713054,신림
서울 관악구 신림동 1433-128,FD6,음식점,"음식점 > 한식 > 육류,고기 > 닭요리",274,2029556524,02-873-8592,봄날의 햇살,http://place.map.kakao.com/2029556524,서울 관악구 신림동7길 46,126.926628557774,37.4850049684984,신림
서울 관악구 신림동 1604-35,FD6,음식점,"음식점 > 일식 > 초밥,롤",461,13563785,02-3281-2820,초밥아저씨,http://place.map.kakao.com/13563785,서울 관악구 신원로 9,126.92772528611789,37.48033211293175,신림
서울 관악구 신림동 1421-55,FD6,음식점,음식점 > 일식 > 일본식라면,124,1680839770,,신바야시 쇼쿠도,http://place.map.kakao.com/1680839770,서울 관악구 신림로64길 11,126.93041845760688,37.48511898628203,신림
서울 영등포구 대림동 989-3,FD6,음식점,음식점 > 중식 > 중국요리,644,16733561,02-832-4430,동해반점,http://place.map.kakao.com/16733561,서울 영등포구 시흥대로 639,126.906366011708,37.4893839616869,신대방
서울 동작구 신대방동 687-14,FD6,음식점,"음식점 > 한식 > 육류,고기",476,11891906,02-843-8989,등나무집,http://place.map.kakao.com/11891906,서울 동작구 대림로 52,126.907941533509,37.4881309973486,신대방
서울 영등포구 대림동 963-9,FD6,음식점,음식점 > 한식 > 순대,710,9125675,02-848-2469,삼거리먼지막순대국,http://place.map.kakao.com/9125675,서울 영등포구 시흥대로185길 11,126.90722019996258,37.491736264525,신대방
서울 관악구 신림동 507-29,FD6,음식점,"음식점 > 일식 > 돈까스,우동",682,27508076,02-3281-3330,온정돈까스 본점,http://place.map.kakao.com/27508076,서울 관악구 남부순환로 1509,126.91815324257718,37.482761296535365,신대방
서울 동작구 신대방동 719,FD6,음식점,음식점 > 뷔페 > 고메스퀘어,640,1867204493,02-845-1350,고메스퀘어 신대방점,http://place.map.kakao.com/1867204493,서울 동작구 신대방1가길 38,126.90603564894492,37.48772854850766,신대방
서울 관악구 신림동 517-26,FD6,음식점,"음식점 > 한식 > 육류,고기",158,1802318506,010-7533-8261,골드식당,http://place.map.kakao.com/1802318506,서울 관악구 신사로10길 20,126.914763600906,37.4867377520204,신대방
서울 관악구 신림동 518-3,FD6,음식점,음식점 > 치킨,106,1558147000,02-865-5592,칼포니치킨 신대방점,http://place.map.kakao.com/1558147000,서울 관악구 신사로 92,126.913031539141,37.4865959325102,신대방
서울 관악구 신림동 1649-25,FD6,음식점,"음식점 > 한식 > 해물,생선 > 조개",659,27320515,02-856-9595,물찬조개,http://place.map.kakao.com/27320515,서울 관악구 조원로 43,126.90748668201444,37.48379228870549,신대방
서울 동작구 신대방동 692-44,FD6,음식점,음식점 > 일식 > 일본식라면,144,1713786491,0503-7154-4851,라쿠라쿠,http://place.map.kakao.com/1713786491,서울 동작구 대림로 14,126.91165453215018,37.48740491690319,신대방
서울 관악구 신림동 513-11,FD6,음식점,음식점 > 중식 > 양꼬치,334,689262947,0503-7152-2010,더낙원양꼬치,http://place.map.kakao.com/689262947,서울 관악구 남부순환로151길 78,126.91440754614077,37.48465526500858,신대방
서울 관악구 신림동 519-3,FD6,음식점,음식점 > 중식 > 양꼬치,221,272532411,02-856-0515,빈빈양꼬치,http://place.map.kakao.com/272532411,서울 관악구 난곡로 353-1,126.91356868852577,37.485553860445414,신대방
서울 관악구 신림동 525-29,FD6,음식점,음식점 > 한식 > 국수 > 칼국수,579,16881588,02-859-6657,서우얼큰칼국수,http://place.map.kakao.com/16881588,서울 관악구 관천로11길 154,126.91640055731835,37.482940271110095,신대방
서울 동작구 신대방동 693-12,FD6,음식점,음식점 > 아시아음식 > 동남아음식 > 베트남음식,229,544603176,0502-5553-7385,호앙혼,http://place.map.kakao.com/544603176,서울 동작구 대림로 21-1,126.910767422812,37.4869888856313,신대방
서울 영등포구 대림동 990-4,FD6,음식점,음식점 > 한식,684,26457257,02-835-4795,맛뿔감자탕,http://place.map.kakao.com/26457257,서울 영등포구 시흥대로 629,126.90566137150773,37.48863736693188,신대방
서울 영등포구 대림동 960-4,FD6,음식점,음식점 > 치킨,637,10432160,02-844-9292,삼우치킨센타,http://place.map.kakao.com/10432160,서울 영등포구 시흥대로 671,126.90824140113673,37.491642456342674,신대방
서울 구로구 구로동 811,FD6,음식점,음식점 > 양식 > 피자,309,27447057,02-866-2828,라마노피자,http://place.map.kakao.com/27447057,서울 구로구 디지털로34길 55,126.899258307697,37.484256786546,구로디지털단지
서울 구로구 구로동 1124-69,FD6,음식점,"음식점 > 한식 > 육류,고기 > 닭요리",269,898970657,070-8624-1998,신림춘천집 구로디지털직영점,http://place.map.kakao.com/898970657,서울 구로구 디지털로32나길 17-23,126.899823896113,37.4840626496785,구로디지털단지
서울 구로구 구로동 811,FD6,음식점,음식점 > 중식 > 중국요리,306,525004956,02-858-5724,중화백반 구디직영점,http://place.map.kakao.com/525004956,서울 구로구 디지털로34길 55,126.89928201279311,37.48428563900998,구로디지털단지
서울 관악구 신림동 1644-9,FD6,음식점,"음식점 > 일식 > 초밥,롤",195,16622909,02-859-4988,은행골 본점신관,http://place.map.kakao.com/16622909,서울 관악구 조원로 15,126.9040485529807,37.48364989029002,구로디지털단지
서울 구로구 구로동 1124-54,FD6,음식점,"음식점 > 한식 > 육류,고기",258,1798525932,02-830-8995,형제특수부위,http://place.map.kakao.com/1798525932,서울 구로구 디지털로32나길 17-12,126.899824635797,37.484355477964,구로디지털단지
서울 구로구 구로동 1125-10,FD6,음식점,"음식점 > 한식 > 육류,고기 > 족발,보쌈",256,1157104232,02-888-3088,대두족발,http://place.map.kakao.com/1157104232,서울 구로구 디지털로32길 97-6,126.900822281266,37.4831949199854,구로디지털단지
서울 구로구 구로동 1124-6,FD6,음식점,음식점 > 샤브샤브,194,27270648,02-838-0686,복성루샤부샤부성,http://place.map.kakao.com/27270648,서울 구로구 디지털로32길 97-27,126.901036309239,37.4837969729922,구로디지털단지
서울 구로구 구로동 1272,FD6,음식점,음식점 > 중식 > 양꼬치,352,1684524143,02-851-5321,미식가양꼬치,http://place.map.kakao.com/1684524143,서울 구로구 디지털로32길 92,126.8999026172924,37.48268597570387,구로디지털단지
서울 관악구 신림동 1655-19,FD6,음식점,"음식점 > 한식 > 육류,고기",284,16300902,02-867-0070,한우정육마당 구로점,http://place.map.kakao.com/16300902,서울 관악구 시흥대로164길 3,126.901784189607,37.4825361853619,구로디지털단지
서울 구로구 구로동 1124-47,FD6,음식점,"음식점 > 한식 > 육류,고기 > 닭요리",183,220834817,0507-1317-7302,사계진미숯불닭갈비 구로디지털점,http://place.map.kakao.com/220834817,서울 구로구 디지털로32나길 29,126.90067476586107,37.48445080155222,구로디지털단지
서울 구로구 구로동 1124-69,FD6,음식점,"음식점 > 한식 > 육류,고기 > 삼겹살",259,1194366465,070-8872-1998,마장동김씨 구로디지털점,http://place.map.kakao.com/1194366465,서울 구로구 디지털로32나길 17-23,126.899901817494,37.4841329943595,구로디지털단지
서울 영등포구 대림동 1056-7,FD6,음식점,음식점 > 중식 > 중국요리,196,14550110,010-6797-6088,줘마양다리구이 본점,http://place.map.kakao.com/14550110,서울 영등포구 도림천로11길 13,126.897240229752,37.4915784382992,대림
서울 구로구 구로동 142-77,FD6,음식점,음식점 > 한식 > 순대,267,16475939,02-855-9833,서일순대국 구로점,http://place.map.kakao.com/16475939,서울 구로구 구로중앙로 6,126.892799302059,37.491066324144,대림
서울 영등포구 대림동 1116-15,FD6,음식점,음식점 > 한식 > 국수 > 칼국수,188,20528749,02-847-9242,공주칼국수,http://place.map.kakao.com/20528749,서울 영등포구 도림천로11길 1,126.8963737788407,37.49096409565799,대림
서울 구로구 구로동 148-10,FD6,음식점,"음식점 > 한식 > 육류,고기 > 곱창,막창",233,11260612,02-867-0445,김가네곱창구이 대림역본점,http://place.map.kakao.com/11260612,서울 구로구 도림로 93,126.8934032889871,37.49095334374809,대림
서울 영등포구 대림동 1051-84,FD6,음식점,음식점 > 중식 > 중국요리,116,1255565067,02-842-2332,아향부 본점,http://place.map.kakao.com/1255565067,서울 영등포구 도림로 128,126.896605713316,37.4925113279018,대림
서울 영등포구 대림동 804-50,FD6,음식점,음식점 > 중식 > 양꼬치,270,16420877,,신강양꼬치,http://place.map.kakao.com/16420877,서울 영등포구 대림로29길 29,126.89658130276703,37.49463317736479,대림
서울 영등포구 대림동 1068-19,FD6,음식점,음식점 > 중식 > 중국요리,295,929758634,,기와집사천요리,http://place.map.kakao.com/929758634,서울 영등포구 디지털로37길 25,126.89795590438818,37.49082221266347,대림
서울 영등포구 대림동 1057-68,FD6,음식점,음식점 > 중식 > 중국요리,222,1874276090,02-2637-4005,봉선마라탕,http://place.map.kakao.com/1874276090,서울 영등포구 도림로38길 11,126.897791268323,37.4921483527279,대림
서울 영등포구 대림동 719-1,FD6,음식점,음식점 > 중식 > 양꼬치,512,174312628,02-834-6668,강뚝꼬치구이전문점,http://place.map.kakao.com/174312628,서울 영등포구 대림로 167,126.899248449144,37.4958067905293,대림
서울 구로구 구로동 197-28,FD6,음식점,"음식점 > 술집 > 호프,요리주점",804,603837185,02-801-0080,생앤맥주판,http://place.map.kakao.com/603837185,서울 구로구 디지털로31길 41,126.892826553615,37.48544676503,대림
서울 영등포구 대림동 1055-1,FD6,음식점,음식점 > 중식 > 중국요리,101,2104920209,02-832-8584,산하신승부 대림본점,http://place.map.kakao.com/2104920209,서울 영등포구 도림로 126,126.896443005185,37.4924210847019,대림
서울 구로구 구로동 1280,FD6,음식점,"음식점 > 일식 > 초밥,롤",565,813774150,02-6956-0219,행복한점,http://place.map.kakao.com/813774150,서울 구로구 디지털로31길 120,126.89076040452352,37.488829958544,대림
서울 구로구 구로동 98-4,FD6,음식점,음식점 > 술집 > 일본식주점,567,24529262,,라꾸긴,http://place.map.kakao.com/24529262,서울 구로구 가마산로 268,126.890282357662,37.4956158994029,대림
서울 구로구 신도림동 337,FD6,음식점,"음식점 > 한식 > 육류,고기 > 족발,보쌈",314,19401876,02-3439-7182,신도림참족발 신도림점,http://place.map.kakao.com/19401876,서울 구로구 경인로 661,126.887746727372,37.5094205223262,신도림
서울 영등포구 문래동2가 14-28,FD6,음식점,"음식점 > 술집 > 호프,요리주점",626,266428861,02-6326-4336,올드문래,http://place.map.kakao.com/266428861,서울 영등포구 도림로 433-6,126.89426082204483,37.51391353276547,신도림
서울 영등포구 문래동2가 49-1,FD6,음식점,음식점 > 치킨,555,1142427389,070-8800-0815,양키통닭,http://place.map.kakao.com/1142427389,서울 영등포구 도림로139길 13,126.89276020265237,37.51366350287856,신도림
서울 구로구 신도림동 328-4,FD6,음식점,음식점 > 아시아음식 > 동남아음식 > 베트남음식,457,1519489039,02-2637-3841,컴포 신도림점,http://place.map.kakao.com/1519489039,서울 구로구 경인로67길 57,126.88771594921813,37.51184599597066,신도림
서울 영등포구 문래동4가 8-30,FD6,음식점,음식점 > 한식,829,10564343,02-2635-0570,소문난식당,http://place.map.kakao.com/10564343,서울 영등포구 도림로141가길 32-1,126.88988346153226,37.51621069568098,신도림
서울 영등포구 문래동2가 42-19,FD6,음식점,"음식점 > 간식 > 제과,베이커리",533,1456174621,070-8805-0815,러스트베이커리,http://place.map.kakao.com/1456174621,서울 영등포구 경인로79길 15,126.89371100418617,37.513186830345816,신도림
서울 구로구 신도림동 337,FD6,음식점,"음식점 > 한식 > 육류,고기 > 닭요리",292,190658485,02-3439-7668,신도림이도식당,http://place.map.kakao.com/190658485,서울 구로구 경인로 661,126.88808117507439,37.509647892745996,신도림
서울 구로구 구로동 29-22,FD6,음식점,"음식점 > 한식 > 육류,고기 > 닭요리",488,18767096,02-851-2194,강촌숯불닭갈비 본점,http://place.map.kakao.com/18767096,서울 구로구 공원로6나길 35-2,126.891721612309,37.5044326670946,신도림
서울 영등포구 문래동2가 48-6,FD6,음식점,"음식점 > 한식 > 육류,고기 > 족발,보쌈",548,1210497999,02-6104-6453,그믐족발 본점,http://place.map.kakao.com/1210497999,서울 영등포구 경인로79길 21,126.89308841454692,37.51352864985552,신도림
서울 영등포구 문래동2가 34-11,FD6,음식점,"음식점 > 한식 > 육류,고기",360,1806921850,0507-1302-9095,철산장,http://place.map.kakao.com/1806921850,서울 영등포구 경인로77가길 12,126.89230797300107,37.51194217425649,신도림
서울 구로구 신도림동 338,FD6,음식점,음식점 > 술집 > 일본식주점,249,291472633,02-2634-2223,오사카로,http://place.map.kakao.com/291472633,서울 구로구 경인로67길 23,126.889473244854,37.510579039781,신도림
서울 영등포구 문래동2가 42-2,FD6,음식점,"음식점 > 한식 > 육류,고기 > 오리",533,218867054,02-2676-1387,골목오리집,http://place.map.kakao.com/218867054,서울 영등포구 도림로139가길 11,126.89312256591685,37.513375510146645,신도림
서울 영등포구 문래동2가 34-11,FD6,음식점,"음식점 > 술집 > 호프,요리주점",358,207844751,070-8880-0815,스몰,http://place.map.kakao.com/207844751,서울 영등포구 경인로77가길 12,126.892176755413,37.5119510645957,신도림
서울 구로구 구로동 31,FD6,음식점,"음식점 > 한식 > 해물,생선 > 회",476,27355280,02-867-0408,신선회수산 신도림점,http://place.map.kakao.com/27355280,서울 구로구 공원로6다길 14,126.88997962561919,37.50464009066921,신도림
서울 영등포구 문래동3가 58-35,FD6,음식점,"음식점 > 양식 > 스테이크,립",736,2137063082,0507-1358-2819,양키스그릴 문래점,http://place.map.kakao.com/2137063082,서울 영등포구 도림로 434-9,126.89496999511378,37.51474218774363,신도림
서울 영등포구 문래동3가 77-8,FD6,음식점,"음식점 > 간식 > 제과,베이커리",223,15825589,0507-1371-9010,쉐프조,http://place.map.kakao.com/15825589,서울 영등포구 문래로 98,126.89278049720974,37.51924343410847,문래
서울 영등포구 문래동4가 9-2,FD6,음식점,"음식점 > 한식 > 육류,고기 > 닭요리",539,11279164,02-2677-7373,능이버섯백숙,http://place.map.kakao.com/11279164,서울 영등포구 선유로 32,126.888871445967,37.5167341317029,문래
서울 영등포구 문래동4가 8-26,FD6,음식점,음식점 > 한식 > 국수,487,10651104,02-2636-9817,영일분식,http://place.map.kakao.com/10651104,서울 영등포구 도림로141가길 34-1,126.889681999476,37.5162915979781,문래
서울 영등포구 양평동1가 9-37,FD6,음식점,"음식점 > 일식 > 초밥,롤",558,1784717740,02-2637-4989,이한스시,http://place.map.kakao.com/1784717740,서울 영등포구 선유로22길 3,126.89035065600495,37.521599127085025,문래
서울 영등포구 문래동3가 58-98,FD6,음식점,"음식점 > 한식 > 육류,고기",336,18855921,02-2677-2509,문래돼지불백,http://place.map.kakao.com/18855921,서울 영등포구 당산로 2-1,126.894258170574,37.5149911305962,문래
서울 영등포구 문래동3가 58-75,FD6,음식점,음식점 > 양식,382,27494110,070-8849-0815,양키스버거앤피자,http://place.map.kakao.com/27494110,서울 영등포구 도림로 434-1,126.89482887736303,37.51454834642617,문래
서울 영등포구 영등포동4가 147-2,FD6,음식점,음식점 > 한식 > 국수,738,12983266,02-2634-6848,서민준밀밭,http://place.map.kakao.com/12983266,서울 영등포구 영등포로 192,126.90266927584659,37.52015299975266,문래
서울 영등포구 문래동3가 55-5,FD6,음식점,"음식점 > 한식 > 육류,고기",116,153708657,02-2671-7567,동경화로 문래점,http://place.map.kakao.com/153708657,서울 영등포구 당산로 34,126.89583163628976,37.51737838537528,문래
서울 영등포구 영등포동4가 98-12,FD6,음식점,음식점 > 중식 > 중국요리,878,10546066,02-2678-1323,송죽장,http://place.map.kakao.com/10546066,서울 영등포구 문래로 203,126.90469880525211,37.51825083573122,문래
서울 영등포구 양평동4가 81,FD6,음식점,"음식점 > 한식 > 육류,고기",629,7851288,02-2672-2255,또순이네 양평동점,http://place.map.kakao.com/7851288,서울 영등포구 선유로47길 16,126.89529689817451,37.5357808716531,당산
서울 영등포구 당산동6가 237-38,FD6,음식점,"음식점 > 한식 > 육류,고기 > 족발,보쌈",91,21299769,02-2633-4339,허브족발,http://place.map.kakao.com/21299769,서울 영등포구 당산로48길 6,126.902929284373,37.534251186225,당산
서울 영등포구 당산동6가 313-1,FD6,음식점,"음식점 > 한식 > 육류,고기 > 곱창,막창",167,26971510,02-3667-2315,당산옛날곱창,http://place.map.kakao.com/26971510,서울 영등포구 당산로47길 14,126.90228518018989,37.535371499608544,당산
서울 영등포구 당산동6가 291,FD6,음식점,"음식점 > 한식 > 육류,고기 > 족발,보쌈",167,23493474,02-2671-3257,이조보쌈집,http://place.map.kakao.com/23493474,서울 영등포구 당산로50길 1,126.90326320460984,37.535008300634495,당산
서울 영등포구 당산동4가 49,FD6,음식점,음식점 > 중식 > 중국요리,615,27221935,02-2068-8791,대관원,http://place.map.kakao.com/27221935,서울 영등포구 당산로37길 1,126.89790789928045,37.52939956727965,당산
서울 영등포구 당산동5가 36,FD6,음식점,"음식점 > 한식 > 육류,고기 > 곱창,막창",130,7814403,02-2634-7773,당산원조곱창,http://place.map.kakao.com/7814403,서울 영등포구 당산로45길 9,126.900531113161,37.5339320384568,당산
서울 영등포구 당산동5가 35,FD6,음식점,"음식점 > 한식 > 해물,생선",136,26874519,02-3667-9289,당산빨간주꾸미,http://place.map.kakao.com/26874519,서울 영등포구 당산로45길 7-2,126.900472375802,37.5338599089222,당산
서울 영등포구 당산동6가 326-3,FD6,음식점,음식점 > 한식,205,1628311219,02-2678-9293,육갑식당 당산점,http://place.map.kakao.com/1628311219,서울 영등포구 당산로47길 15,126.90223947610974,37.535713841915275,당산
서울 영등포구 당산동6가 333-2,FD6,음식점,"음식점 > 한식 > 육류,고기 > 갈비",159,25876907,02-2677-7401,대박굼터,http://place.map.kakao.com/25876907,서울 영등포구 당산로47길 11,126.901841745256,37.5353062598369,당산
서울 영등포구 당산동5가 9-1,FD6,음식점,음식점 > 중식 > 양꼬치,126,26854144,02-2678-5999,준이네당산양꼬치,http://place.map.kakao.com/26854144,서울 영등포구 당산로45길 7,126.90060614233239,37.53366360344798,당산
서울 영등포구 양평동4가 35,FD6,음식점,"음식점 > 한식 > 육류,고기",496,1511775558,02-2677-9233,강강술래 당산점,http://place.map.kakao.com/1511775558,서울 영등포구 선유로 251,126.89667795055338,37.53527302285706,당산
서울 영등포구 당산동6가 281,FD6,음식점,"음식점 > 술집 > 호프,요리주점",204,16535146,02-2675-1199,참새방앗간,http://place.map.kakao.com/16535146,서울 영등포구 당산로48길 15,126.903833441823,37.5350087663723,당산
서울 영등포구 양평동3가 69,FD6,음식점,"음식점 > 간식 > 제과,베이커리",913,745164647,070-4184-0082,코끼리베이글,http://place.map.kakao.com/745164647,서울 영등포구 선유로 176,126.89341094862932,37.529312702162,당산
서울 영등포구 당산동4가 31-2,FD6,음식점,"음식점 > 일식 > 돈까스,우동",476,484528688,02-2634-2999,우동가게,http://place.map.kakao.com/484528688,서울 영등포구 당산로 180,126.89921691236935,37.5302007806651,당산
서울 영등포구 당산동5가 42,FD6,음식점,음식점 > 중식 > 중국요리,170,11331205,02-2633-8124,강남,http://place.map.kakao.com/11331205,서울 영등포구 당산로 214,126.90347865258128,37.53288211550146,당산
서울 마포구 서교동 385-6,FD6,음식점,음식점 > 한식 > 곰탕,294,1797997961,010-5571-9915,옥동식 서교점,http://place.map.kakao.com/1797997961,서울 마포구 양화로7길 44-10,126.914521071507,37.5526765694055,합정
서울 마포구 합정동 362-3,FD6,음식점,음식점 > 일식 > 일본식라면,422,1916682638,02-322-3539,오레노라멘 합정본점,http://place.map.kakao.com/1916682638,서울 마포구 독막로8길 16,126.91783721734953,37.54725761707835,합정
서울 마포구 합정동 372-27,FD6,음식점,"음식점 > 한식 > 육류,고기 > 족발,보쌈",295,17781427,02-333-8786,각시보쌈,http://place.map.kakao.com/17781427,서울 마포구 성지길 25,126.913449674268,37.5475112672559,합정
서울 마포구 합정동 413-2,FD6,음식점,음식점 > 양식 > 이탈리안,155,16050660,02-326-2323,스파카나폴리,http://place.map.kakao.com/16050660,서울 마포구 양화로6길 28,126.915602703838,37.5488967594368,합정
서울 마포구 합정동 388-15,FD6,음식점,"음식점 > 일식 > 돈까스,우동",319,1813321955,02-332-3646,최강금돈까스,http://place.map.kakao.com/1813321955,서울 마포구 월드컵로3길 31-30,126.91093915717002,37.549916868129536,합정
서울 마포구 서교동 394-17,FD6,음식점,음식점 > 양식,167,196078294,0503-7153-4740,스케줄 합정,http://place.map.kakao.com/196078294,서울 마포구 양화로6길 33,126.91607773123069,37.549127753591826,합정
서울 마포구 서교동 391-5,FD6,음식점,"음식점 > 일식 > 돈까스,우동",188,24065719,02-6463-6362,우동카덴 합정점,http://place.map.kakao.com/24065719,서울 마포구 양화로7안길 2-1,126.915060893207,37.5516750493151,합정
서울 마포구 망원동 386-4,FD6,음식점,"음식점 > 일식 > 돈까스,우동",557,15526158,02-336-1330,망원동 즉석우동 전문돈까스 본점,http://place.map.kakao.com/15526158,서울 마포구 동교로 83,126.91113318815265,37.5542454081282,합정
서울 마포구 서교동 400-22,FD6,음식점,음식점 > 양식,398,22303849,010-3460-9899,빠넬로,http://place.map.kakao.com/22303849,서울 마포구 어울마당로5길 29,126.918992543092,37.5493928807745,합정
서울 마포구 서교동 375-35,FD6,음식점,음식점 > 중식,539,1767349854,070-5035-8878,진진,http://place.map.kakao.com/1767349854,서울 마포구 월드컵북로1길 60,126.91845251500338,37.55376325035565,합정
서울 마포구 서교동 391-18,FD6,음식점,음식점 > 일식 > 일본식라면,190,561010883,02-336-1361,세상끝의라멘,http://place.map.kakao.com/561010883,서울 마포구 양화로7길 6-5,126.91522613923168,37.55165624711295,합정
서울 마포구 서교동 396-45,FD6,음식점,"음식점 > 한식 > 육류,고기",261,931881312,0503-7150-6574,육지,http://place.map.kakao.com/931881312,서울 마포구 독막로3길 34,126.917495034617,37.5497071933215,합정
서울 마포구 합정동 391-5,FD6,음식점,"음식점 > 일식 > 돈까스,우동",431,83301316,070-8621-7219,크레이지카츠,http://place.map.kakao.com/83301316,서울 마포구 포은로2나길 44,126.90970501895275,37.5504475197438,합정
서울 마포구 서교동 481-15,FD6,음식점,음식점 > 일식 > 일본식라면,494,1534943798,,담택 본점,http://place.map.kakao.com/1534943798,서울 마포구 동교로12안길 51,126.91516525478127,37.554451999412265,합정
서울 마포구 서교동 394-93,FD6,음식점,음식점 > 중식,107,92793209,010-2361-7510,타오마라탕 합정본점,http://place.map.kakao.com/92793209,서울 마포구 양화로6길 19,126.91528545290839,37.54924431762455,합정
서울 마포구 동교동 166-14,FD6,음식점,음식점 > 중식 > 중국요리,110,1622865435,02-332-7668,하이디라오 홍대지점,http://place.map.kakao.com/1622865435,서울 마포구 양화로 176,126.924760602353,37.5571921297692,홍대입구
서울 마포구 서교동 346-47,FD6,음식점,음식점 > 양식 > 이탈리안,218,8123221,02-323-0098,프리모바치오바치 홍대본점,http://place.map.kakao.com/8123221,서울 마포구 와우산로23길 44,126.923703730493,37.5547839866237,홍대입구
서울 마포구 동교동 163-6,FD6,음식점,"음식점 > 한식 > 육류,고기 > 닭요리",215,443293859,02-511-8812,장인닭갈비 홍대점,http://place.map.kakao.com/443293859,서울 마포구 어울마당로 111-1,126.9228389569877,37.55491677229308,홍대입구
서울 마포구 서교동 346-31,FD6,음식점,"음식점 > 일식 > 돈까스,우동",229,13337463,,가미우동,http://place.map.kakao.com/13337463,서울 마포구 홍익로2길 23,126.923857747432,37.5546831743202,홍대입구
서울 마포구 서교동 333-23,FD6,음식점,음식점 > 일식,301,138967530,02-336-1029,스아게K,http://place.map.kakao.com/138967530,서울 마포구 와우산로29마길 27,126.92623520478044,37.55497750773826,홍대입구
서울 마포구 동교동 152-11,FD6,음식점,음식점 > 중식 > 중국요리,317,965893653,0507-1436-2209,중화복춘 연남공원,http://place.map.kakao.com/965893653,서울 마포구 동교로 220-7,126.924296449184,37.5595596531777,홍대입구
서울 마포구 서교동 369-4,FD6,음식점,음식점 > 한식,492,1985225055,0502-5553-6223,홍대 조선시대,http://place.map.kakao.com/1985225055,서울 마포구 홍익로3길 44,126.92150590347114,37.55264537945837,홍대입구
서울 마포구 동교동 197-5,FD6,음식점,"음식점 > 한식 > 육류,고기 > 곱창,막창",275,10341266,02-336-4496,마포곱창타운,http://place.map.kakao.com/10341266,서울 마포구 동교로27길 20,126.922522306247,37.5590647560241,홍대입구
서울 마포구 서교동 331-21,FD6,음식점,"음식점 > 한식 > 해물,생선",225,11786671,,홍스쭈꾸미 홍대본점,http://place.map.kakao.com/11786671,서울 마포구 어울마당로 146,126.926097071033,37.5561874609149,홍대입구
서울 마포구 서교동 351-13,FD6,음식점,음식점 > 아시아음식 > 동남아음식 > 태국음식,364,22300586,02-322-0567,어메이징농카이,http://place.map.kakao.com/22300586,서울 마포구 동교로 156-11,126.91991866431744,37.55532928659496,홍대입구
서울 마포구 연남동 228-56,FD6,음식점,음식점 > 한식,586,78995073,070-8838-4335,수라간,http://place.map.kakao.com/78995073,서울 마포구 동교로38안길 3,126.92465619202022,37.56197455425837,홍대입구
서울 마포구 연남동 383-95,FD6,음식점,음식점 > 중식 > 중국요리,601,934767425,02-333-4561,연교,http://place.map.kakao.com/934767425,서울 마포구 연희로1길 65,126.926671215681,37.5616046124056,홍대입구
서울 마포구 서교동 364-10,FD6,음식점,음식점 > 일식,576,400281849,0507-1414-9500,우와 홍대본점,http://place.map.kakao.com/400281849,서울 마포구 와우산로21길 21-16,126.922172337916,37.5516835548182,홍대입구
서울 서대문구 창천동 448,FD6,음식점,"음식점 > 간식 > 제과,베이커리",620,1165755646,02-6489-2334,만동제과,http://place.map.kakao.com/1165755646,서울 서대문구 연희로 32,126.9272688897718,37.56153290237703,홍대입구
서울 서대문구 창천동 31-26,FD6,음식점,"음식점 > 일식 > 돈까스,우동",308,27144649,,꼬숑돈까스,http://place.map.kakao.com/27144649,서울 서대문구 명물1길 2,126.93729990100826,37.55790763826086,신촌
서울 서대문구 창천동 53-8,FD6,음식점,"음식점 > 한식 > 해물,생선",400,17505297,02-324-1403,고삼이 신촌점,http://place.map.kakao.com/17505297,서울 서대문구 연세로7안길 38,126.934728159431,37.5583189012137,신촌
서울 서대문구 창천동 31-26,FD6,음식점,"음식점 > 한식 > 육류,고기 > 갈비",290,15937430,02-365-0001,신촌형제갈비,http://place.map.kakao.com/15937430,서울 서대문구 명물1길 2,126.937422275343,37.5577365137263,신촌
서울 서대문구 창천동 62-18,FD6,음식점,음식점 > 퓨전요리,274,1705674698,070-4179-3819,정육면체,http://place.map.kakao.com/1705674698,서울 서대문구 연세로5다길 22-8,126.934552945136,37.5567835050414,신촌
서울 서대문구 창천동 62-67,FD6,음식점,"음식점 > 한식 > 육류,고기 > 갈비",373,69756475,02-333-1397,통큰갈비 신촌본점,http://place.map.kakao.com/69756475,서울 서대문구 연세로5다길 40,126.93343450384,37.5570856148688,신촌
서울 서대문구 창천동 30-10,FD6,음식점,음식점 > 한식 > 수제비,94,12502450,02-334-9252,신촌수제비,http://place.map.kakao.com/12502450,서울 서대문구 신촌로 87-8,126.93637129136783,37.555901521536555,신촌
서울 서대문구 창천동 57-39,FD6,음식점,"음식점 > 한식 > 육류,고기 > 갈비",257,26522526,02-324-3245,소신이쏘 신촌점,http://place.map.kakao.com/26522526,서울 서대문구 연세로5가길 19,126.935548521559,37.5572093234013,신촌
서울 서대문구 창천동 18-11,FD6,음식점,"음식점 > 양식 > 멕시칸,브라질",199,27560694,02-365-6118,이빠네마그릴,http://place.map.kakao.com/27560694,서울 서대문구 연세로4길 6,126.93735732674016,37.55690756184408,신촌
서울 서대문구 창천동 2-44,FD6,음식점,음식점 > 양식 > 이탈리안,474,26976526,02-364-2224,라구식당,http://place.map.kakao.com/26976526,서울 서대문구 연세로 42-24,126.938435096653,37.5592471172295,신촌
서울 서대문구 창천동 5-35,FD6,음식점,음식점 > 중식 > 중국요리,452,10621045,02-392-7744,완차이,http://place.map.kakao.com/10621045,서울 서대문구 명물길 50-7,126.939390759814,37.5587142214689,신촌
서울 서대문구 창천동 52-67,FD6,음식점,"음식점 > 한식 > 육류,고기",315,1473260841,02-2135-6624,더도이축산직영점 신촌본점,http://place.map.kakao.com/1473260841,서울 서대문구 연세로7길 24,126.935421302621,37.5577444462161,신촌
서울 서대문구 창천동 18-72,FD6,음식점,"음식점 > 한식 > 육류,고기 > 닭요리",218,19243601,02-6012-9563,유닭스토리 닭한마리 신촌점,http://place.map.kakao.com/19243601,서울 서대문구 연세로4길 7,126.93736850101,37.557078757253215,신촌
서울 마포구 동교동 186-22,FD6,음식점,"음식점 > 간식 > 제과,베이커리",386,11831384,02-325-0378,김진환제과점,http://place.map.kakao.com/11831384,서울 마포구 와우산로32길 41,126.9325379270653,37.554823602507575,신촌
서울 서대문구 창천동 57-8,FD6,음식점,"음식점 > 한식 > 육류,고기 > 닭요리",218,1036334993,02-325-2361,춘천집닭갈비막국수 신촌,http://place.map.kakao.com/1036334993,서울 서대문구 연세로5가길 1,126.936114561318,37.5570222236031,신촌
서울 서대문구 창천동 62-11,FD6,음식점,"음식점 > 일식 > 초밥,롤",226,27015866,02-6337-4988,여우골 신촌점,http://place.map.kakao.com/27015866,서울 서대문구 연세로5다길 10,126.93495271555163,37.556482792849415,신촌
서울 서대문구 대현동 27-20,FD6,음식점,음식점 > 분식,270,26786725,,미스터서왕만두,http://place.map.kakao.com/26786725,서울 서대문구 신촌역로 16,126.94335813051916,37.558090899440884,이대
서울 서대문구 대현동 101-10,FD6,음식점,"음식점 > 일식 > 초밥,롤",229,1249793784,02-313-2611,연어초밥,http://place.map.kakao.com/1249793784,서울 서대문구 이화여대1길 42-1,126.9433893086781,37.55727100695153,이대
서울 서대문구 대현동 53-9,FD6,음식점,음식점 > 아시아음식 > 동남아음식,185,1675286779,02-313-7339,까이식당,http://place.map.kakao.com/1675286779,서울 서대문구 이화여대2가길 24,126.94622696607573,37.5583832629303,이대
서울 서대문구 대현동 27-46,FD6,음식점,"음식점 > 간식 > 제과,베이커리",317,1581324681,02-313-0877,비밀베이커리 이대점,http://place.map.kakao.com/1581324681,서울 서대문구 이화여대7길 48,126.943116710815,37.5585538958815,이대
서울 서대문구 대현동 56-76,FD6,음식점,음식점 > 아시아음식 > 인도음식,212,12428606,02-364-8771,아건 이대점,http://place.map.kakao.com/12428606,서울 서대문구 이화여대길 37,126.94554998152988,37.55863252885506,이대
서울 서대문구 대현동 110-15,FD6,음식점,"음식점 > 한식 > 찌개,전골",379,15863783,02-313-0845,고냉지,http://place.map.kakao.com/15863783,서울 서대문구 연세로2마길 30,126.942215861247,37.5584921906342,이대
서울 서대문구 대현동 56-24,FD6,음식점,음식점 > 중식 > 중국요리,180,1905952081,02-364-0410,천진분식,http://place.map.kakao.com/1905952081,서울 서대문구 이화여대5길 7,126.945267293243,37.5582810092885,이대
서울 서대문구 대현동 56-33,FD6,음식점,음식점 > 분식,164,12162444,02-363-0709,삭,http://place.map.kakao.com/12162444,서울 서대문구 이화여대3길 12,126.94509541932243,37.55806829416838,이대
서울 서대문구 대현동 104-69,FD6,음식점,"음식점 > 한식 > 육류,고기 > 닭요리",427,8660964,02-393-9599,공릉닭한마리,http://place.map.kakao.com/8660964,서울 서대문구 연세로2길 77,126.94108063059245,37.557125717889136,이대
서울 서대문구 대현동 104-18,FD6,음식점,"음식점 > 한식 > 육류,고기",337,26874816,02-312-9334,제주도로담,http://place.map.kakao.com/26874816,서울 서대문구 연세로2마길 14,126.942311469716,37.5577930636263,이대
서울 서대문구 대현동 45-33,FD6,음식점,음식점 > 일식,62,1972213035,070-8224-7956,유소바,http://place.map.kakao.com/1972213035,서울 서대문구 이화여대2길 4,126.946162134593,37.5572551849175,이대
서울 마포구 아현동 424-11,FD6,음식점,음식점 > 한식 > 두부전문점,717,20709046,02-313-2952,황금콩밭,http://place.map.kakao.com/20709046,서울 마포구 마포대로16길 9,126.95673415318058,37.550966062730375,아현
서울 마포구 공덕동 105-127,FD6,음식점,"음식점 > 한식 > 해물,생선 > 게,대게",754,1386489124,02-3211-4468,진미식당,http://place.map.kakao.com/1386489124,서울 마포구 마포대로 186-6,126.95579734486303,37.550608920427024,아현
서울 중구 중림동 200,FD6,음식점,"음식점 > 한식 > 육류,고기",900,26939037,02-392-8592,두툼,http://place.map.kakao.com/26939037,서울 중구 중림로 10,126.966205121367,37.5583573345869,아현
서울 서대문구 북아현동 154-1,FD6,음식점,음식점 > 한식 > 해장국,94,20616798,02-364-3779,북성해장국,http://place.map.kakao.com/20616798,서울 서대문구 신촌로35길 7,126.955145715438,37.5578166567904,아현
서울 서대문구 북아현동 134-3,FD6,음식점,"음식점 > 간식 > 제과,베이커리",115,15836783,0502-5550-7254,파파브레드,http://place.map.kakao.com/15836783,서울 서대문구 북아현로2안길 6,126.956861236369,37.5582353587404,아현
서울 서대문구 충정로3가 150-1,FD6,음식점,음식점 > 분식 > 떡볶이,867,25880887,02-364-3440,철길떡볶이,http://place.map.kakao.com/25880887,서울 서대문구 충정로5길 11,126.9634698269552,37.56255967019375,아현
서울 마포구 아현동 282-1,FD6,음식점,"음식점 > 한식 > 해물,생선 > 게,대게",252,11755765,02-312-7530,아현동간장게장,http://place.map.kakao.com/11755765,서울 마포구 굴레방로 13,126.955504925248,37.5551750682873,아현
서울 서대문구 북아현동 135-9,FD6,음식점,"음식점 > 술집 > 호프,요리주점",43,16962310,02-362-0027,테라스,http://place.map.kakao.com/16962310,서울 서대문구 북아현로 2,126.956399778584,37.5577090068771,아현
서울 서대문구 북아현동 221-14,FD6,음식점,"음식점 > 한식 > 육류,고기 > 닭요리",423,15455044,02-365-1009,아현닭발,http://place.map.kakao.com/15455044,서울 서대문구 신촌로 229,126.951288949216,37.5573502140572,아현
서울 마포구 공덕동 232-9,FD6,음식점,"음식점 > 간식 > 제과,베이커리",989,26605841,02-719-4600,파네트,http://place.map.kakao.com/26605841,서울 마포구 마포대로11길 17,126.953182080692,37.5487951035613,아현
서울 마포구 아현동 330-4,FD6,음식점,"음식점 > 한식 > 육류,고기",100,763923419,02-312-4069,편백집 아현점,http://place.map.kakao.com/763923419,서울 마포구 신촌로 264,126.955005809479,37.5570958057451,아현
서울 마포구 아현동 346-22,FD6,음식점,음식점 > 한식 > 순대,261,15954934,02-393-3393,은성순대국,http://place.map.kakao.com/15954934,서울 마포구 신촌로32길 6,126.95320194475792,37.55684282529818,아현
서울 마포구 공덕동 469,FD6,음식점,"음식점 > 일식 > 초밥,롤",857,20627074,,이요이요스시 공덕1호점,http://place.map.kakao.com/20627074,서울 마포구 마포대로 167,126.952764789306,37.550142831097,아현
서울 마포구 아현동 332-21,FD6,음식점,음식점 > 분식,252,1768673756,0507-1513-1018,마포분식,http://place.map.kakao.com/1768673756,서울 마포구 굴레방로9길 41,126.953375207023,37.5566762093252,아현
서울 중구 중림동 400-6,FD6,음식점,"음식점 > 한식 > 육류,고기 > 곱창,막창",571,27119857,02-913-1641,마포대도소곱창,http://place.map.kakao.com/27119857,서울 중구 손기정로1길 42,126.96226626169,37.558900343723,아현
서울 중구 중림동 150-1,FD6,음식점,음식점 > 한식,295,302317049,02-3147-0365,도마 중림점,http://place.map.kakao.com/302317049,서울 중구 중림로 31,126.96716947162,37.5581846152161,충정로
서울 중구 중림동 468,FD6,음식점,음식점 > 한식 > 설렁탕,293,8079539,02-392-7743,중림장,http://place.map.kakao.com/8079539,서울 중구 청파로 459-1,126.96771296267711,37.56025345426618,충정로
서울 서대문구 합동 10-1,FD6,음식점,음식점 > 한식,393,16042441,02-392-2671,독박골맛있는집,http://place.map.kakao.com/16042441,서울 서대문구 서소문로 61-7,126.967824235007,37.5620590821059,충정로
서울 중구 만리동1가 34,FD6,음식점,"음식점 > 한식 > 육류,고기 > 삼겹살",508,221927024,,국민회관,http://place.map.kakao.com/221927024,서울 중구 만리재로 209-2,126.96811874112136,37.55620808718745,충정로
서울 중구 정동 28-2,FD6,음식점,"음식점 > 양식 > 스테이크,립",951,15982071,02-777-2254,정원레스토랑 어반가든,http://place.map.kakao.com/15982071,서울 중구 정동길 12-15,126.969202859743,37.5674329910375,충정로
서울 서대문구 충정로3가 272,FD6,음식점,"음식점 > 한식 > 육류,고기",147,12441941,02-312-3541,고릴라,http://place.map.kakao.com/12441941,서울 서대문구 충정로 22-2,126.963709437731,37.5609262371945,충정로
서울 중구 만리동1가 62-36,FD6,음식점,음식점 > 퓨전요리,535,26644530,02-312-0205,베리키친,http://place.map.kakao.com/26644530,서울 중구 만리재로 205,126.9679717839545,37.55581160850519,충정로
서울 중구 중림동 128-23,FD6,음식점,음식점 > 한식,411,820527185,02-365-5993,이조식당,http://place.map.kakao.com/820527185,서울 중구 청파로103길 33,126.968310524991,37.5576551406127,충정로
서울 서대문구 충정로2가 157,FD6,음식점,음식점 > 한식 > 한정식,548,9923165,02-362-1500,사조미가,http://place.map.kakao.com/9923165,서울 서대문구 통일로 107-39,126.96657365073813,37.56438690939992,충정로
서울 종로구 행촌동 209-35,FD6,음식점,음식점 > 한식 > 국밥,332,24448306,02-735-4259,대성집,http://place.map.kakao.com/24448306,서울 종로구 사직로 5,126.96088845235445,37.572704956161914,독립문
서울 종로구 행촌동 1-64,FD6,음식점,음식점 > 한식,567,18080093,02-747-9907,능라밥상,http://place.map.kakao.com/18080093,서울 종로구 사직로2길 14,126.96400246153803,37.57292939351623,독립문
서울 서대문구 영천동 291,FD6,음식점,"음식점 > 간식 > 제과,베이커리",442,11786326,02-313-5419,달인꽈배기,http://place.map.kakao.com/11786326,서울 서대문구 통일로 205-3,126.96074318837805,37.571250701917045,독립문
서울 종로구 행촌동 209-11,FD6,음식점,음식점 > 양식 > 이탈리안,316,345093504,02-722-3418,독립밀방,http://place.map.kakao.com/345093504,서울 종로구 통일로12길 10-18,126.96062923606698,37.57268504810936,독립문
서울 종로구 무악동 67-2,FD6,음식점,음식점 > 한식,120,21242362,02-738-6005,다솜자연밥상,http://place.map.kakao.com/21242362,서울 종로구 통일로 262,126.95709584938112,37.57541202890808,독립문
서울 서대문구 영천동 198,FD6,음식점,음식점 > 한식 > 국수 > 칼국수,557,995817953,02-364-9981,도깨비손칼국수 본사직영점,http://place.map.kakao.com/995817953,서울 서대문구 영천시장길 40,126.96142169622172,37.570366148262686,독립문
서울 종로구 행촌동 209-8,FD6,음식점,"음식점 > 한식 > 육류,고기 > 갈비",238,8992389,02-738-4744,명원숯불갈비,http://place.map.kakao.com/8992389,서울 종로구 통일로12길 8,126.9600719919191,37.57325248774019,독립문
서울 서대문구 냉천동 20-1,FD6,음식점,"음식점 > 한식 > 찌개,전골",993,16732242,02-362-8653,한옥집김치찜 서대문본점,http://place.map.kakao.com/16732242,서울 서대문구 통일로9길 12,126.96443532198145,37.567248748966584,독립문
서울 종로구 무악동 45-313,FD6,음식점,음식점 > 한식,33,1856603675,02-723-0758,앗싸복만두,http://place.map.kakao.com/1856603675,서울 종로구 통일로14길 6,126.95809012331875,37.57479340280408,독립문
서울 종로구 무악동 82,FD6,음식점,음식점 > 한식,108,269060291,02-722-5324,상구네집,http://place.map.kakao.com/269060291,서울 종로구 통일로 246-10,126.95910013739,37.5743423587269,독립문
서울 종로구 무악동 43,FD6,음식점,"음식점 > 한식 > 육류,고기 > 갈비",38,15813937,02-736-9591,덕송숯불갈비,http://place.map.kakao.com/15813937,서울 종로구 통일로14길 5,126.95794630940432,37.57487624315931,독립문
서울 서대문구 영천동 333,FD6,음식점,음식점 > 한식 > 순대,642,16499325,0503-7150-8649,석교식당,http://place.map.kakao.com/16499325,서울 서대문구 통일로 183-1,126.962342190313,37.5699465816414,독립문
서울 종로구 행촌동 209-76,FD6,음식점,"음식점 > 한식 > 육류,고기 > 갈비",236,10280976,02-722-3033,동영숯불갈비,http://place.map.kakao.com/10280976,서울 종로구 통일로12길 6,126.95993055288908,37.573138013469055,독립문
서울 종로구 무악동 89,FD6,음식점,음식점 > 일식,142,1982446201,010-2765-0541,소보로식당,http://place.map.kakao.com/1982446201,서울 종로구 통일로 230,126.95912087080139,37.57368914471208,독립문
서울 종로구 무악동 82,FD6,음식점,음식점 > 한식 > 순대,106,27515819,02-730-7271,옛날순대,http://place.map.kakao.com/27515819,서울 종로구 통일로 246-10,126.95910574476811,37.574438767101,독립문
서울 종로구 체부동 85-1,FD6,음식점,"음식점 > 한식 > 육류,고기 > 닭요리 > 삼계탕",278,26545925,02-737-7444,토속촌삼계탕,http://place.map.kakao.com/26545925,서울 종로구 자하문로5길 5,126.971494461387,37.5777229294346,경복궁
서울 종로구 내자동 1-2,FD6,음식점,"음식점 > 술집 > 호프,요리주점",141,16983115,02-723-3529,안주마을,http://place.map.kakao.com/16983115,서울 종로구 자하문로1길 3,126.97216738211803,37.576458094002795,경복궁
서울 종로구 체부동 190,FD6,음식점,음식점 > 한식 > 국수,200,14951761,02-730-5420,체부동잔치집,http://place.map.kakao.com/14951761,서울 종로구 자하문로1길 16,126.971467749625,37.5765227985737,경복궁
서울 종로구 내자동 11-1,FD6,음식점,"음식점 > 한식 > 해물,생선",200,19156993,02-737-8412,서촌계단집,http://place.map.kakao.com/19156993,서울 종로구 자하문로1길 15,126.97142477329609,37.57641376785623,경복궁
서울 종로구 통의동 35-12,FD6,음식점,음식점 > 중식 > 중국요리,253,811744471,02-739-0145,도량,http://place.map.kakao.com/811744471,서울 종로구 자하문로6길 6,126.97250417817,37.5779682393559,경복궁
서울 종로구 당주동 128-14,FD6,음식점,음식점 > 한식 > 감자탕,428,18363906,02-722-5894,광화문뚝감,http://place.map.kakao.com/18363906,서울 종로구 새문안로3길 21,126.97258332291042,37.57206674297403,경복궁
서울 종로구 필운동 202,FD6,음식점,음식점 > 분식,317,8931203,02-738-7865,라면점빵,http://place.map.kakao.com/8931203,서울 종로구 자하문로1길 39,126.970109253696,37.5766053538961,경복궁
서울 종로구 내수동 167,FD6,음식점,음식점 > 한식,374,8122006,02-723-6592,평안도만두집,http://place.map.kakao.com/8122006,서울 종로구 새문안로3길 30,126.97327255295852,37.572483160738,경복궁
서울 종로구 체부동 28-2,FD6,음식점,음식점 > 일식 > 일본식라면,329,92217418,,칸다소바 경복궁점,http://place.map.kakao.com/92217418,서울 종로구 자하문로7길 5,126.971263344488,37.578176974463,경복궁
서울 종로구 내수동 72,FD6,음식점,음식점 > 한식,261,11834457,0502-5552-8725,사발,http://place.map.kakao.com/11834457,서울 종로구 사직로8길 34,126.97244689454048,37.57366868023194,경복궁
서울 종로구 필운동 164,FD6,음식점,"음식점 > 한식 > 육류,고기 > 삼겹살",386,184807309,02-929-2929,김진목삼,http://place.map.kakao.com/184807309,서울 종로구 자하문로1길 56,126.96951696857136,37.577147601023654,경복궁
서울 종로구 당주동 40,FD6,음식점,음식점 > 한식 > 순대,526,15431872,02-723-8313,화목순대국 광화문1호점,http://place.map.kakao.com/15431872,서울 종로구 새문안로5길 11,126.97473438948012,37.571193257636395,경복궁
서울 종로구 재동 84-22,FD6,음식점,음식점 > 분식,186,19158798,02-794-4243,깡통만두,http://place.map.kakao.com/19158798,서울 종로구 북촌로2길 5-6,126.986084505317,37.5781652360883,안국
서울 종로구 안국동 159-2,FD6,음식점,음식점 > 일식 > 일본식라면,81,1179567185,02-722-3539,오레노라멘 인사점,http://place.map.kakao.com/1179567185,서울 종로구 율곡로 49-4,126.98455881787119,37.576456761203985,안국
서울 종로구 관훈동 15-1,FD6,음식점,음식점 > 한식,310,1367229148,02-733-9376,도마 인사점,http://place.map.kakao.com/1367229148,서울 종로구 인사동8길 6-1,126.985845335161,37.5737791664368,안국
서울 종로구 소격동 84,FD6,음식점,음식점 > 한식 > 국수 > 칼국수,576,7904353,02-739-6334,황생가칼국수,http://place.map.kakao.com/7904353,서울 종로구 북촌로5길 78,126.98064098689737,37.58006016029821,안국
서울 종로구 관훈동 29-2,FD6,음식점,음식점 > 한식 > 수제비,273,11162975,02-735-3361,인사동수제비,http://place.map.kakao.com/11162975,서울 종로구 인사동8길 14-1,126.986053557287,37.5741431931209,안국
서울 종로구 관훈동 29-4,FD6,음식점,음식점 > 한식,296,890992896,0507-1407-7885,인사동마늘보쌈,http://place.map.kakao.com/890992896,서울 종로구 인사동8길 12-5,126.98617132231583,37.573952196078565,안국
서울 종로구 계동 101-12,FD6,음식점,음식점 > 패스트푸드 > 샌드위치,328,185267351,02-766-2617,소금집델리 안국,http://place.map.kakao.com/185267351,서울 종로구 북촌로4길 19,126.98623370164968,37.5794572790689,안국
서울 중구 필동3가 10-2,FD6,음식점,"음식점 > 한식 > 육류,고기 > 닭요리",175,25085251,02-2269-5596,동대닭한마리 본점,http://place.map.kakao.com/25085251,서울 중구 서애로 16-5,126.997423983442,37.5609930542564,충무로
서울 중구 충무로3가 30-13,FD6,음식점,음식점 > 한식,307,8588563,02-2267-0955,진고개,http://place.map.kakao.com/8588563,서울 중구 충무로 19-1,126.992815020959,37.5630939878878,충무로
서울 중구 초동 17-4,FD6,음식점,"음식점 > 양식 > 멕시칸,브라질",473,457395048,02-6397-6969,올디스타코,http://place.map.kakao.com/457395048,서울 중구 충무로4길 3,126.99293481089084,37.56506447406918,충무로
서울 중구 필동1가 3-20,FD6,음식점,"음식점 > 한식 > 해물,생선",292,8082703,02-2279-0803,충무로쭈꾸미불고기 본점,http://place.map.kakao.com/8082703,서울 중구 퇴계로31길 11,126.99220283202686,37.561736147203156,충무로
서울 중구 장충동2가 202,FD6,음식점,음식점 > 뷔페,250,7981207,02-2230-3374,서울신라호텔 더 파크뷰,http://place.map.kakao.com/7981207,서울 중구 동호로 249,127.005174317802,37.5559077408633,동대입구
서울 중구 신당동 425-18,FD6,음식점,음식점 > 한식 > 국수,515,21722308,02-2235-1357,만포막국수,http://place.map.kakao.com/21722308,서울 중구 동호로14길 2,127.01031863376261,37.555830097762694,동대입구
서울 중구 신당동 370-69,FD6,음식점,"음식점 > 한식 > 육류,고기",578,1065693087,0507-1307-8750,금돼지식당,http://place.map.kakao.com/1065693087,서울 중구 다산로 149,127.01167974212188,37.55705875134064,동대입구
서울 중구 장충동2가 186-54,FD6,음식점,음식점 > 뷔페,336,8197726,02-2270-3121,앰배서더서울풀만 더킹스,http://place.map.kakao.com/8197726,서울 중구 동호로 287,127.00232019742339,37.56007764674424,동대입구
서울 중구 장충동1가 62-10,FD6,음식점,"음식점 > 한식 > 육류,고기 > 족발,보쌈",254,7858198,02-2279-2714,뚱뚱이할머니집,http://place.map.kakao.com/7858198,서울 중구 장충단로 174-1,127.005844659788,37.5604090917417,동대입구
서울 중구 장충동2가 24-29,FD6,음식점,음식점 > 양식 > 피자,278,18215030,02-2277-8005,도치피자 장충,http://place.map.kakao.com/18215030,서울 중구 동호로24길 27-6,127.005043356283,37.5606614078118,동대입구
서울 중구 장충동2가 190-15,FD6,음식점,음식점 > 양식,190,1236048651,02-6325-6321,서울다이닝,http://place.map.kakao.com/1236048651,서울 중구 동호로 272,127.003626259501,37.5592667165557,동대입구
서울 중구 신당동 432-117,FD6,음식점,음식점 > 한식,624,16445172,02-2235-4589,처가집,http://place.map.kakao.com/16445172,서울 중구 동호로11가길 22,127.0082048049484,37.55304329718027,동대입구
서울 강남구 신사동 569-31,FD6,음식점,"음식점 > 간식 > 떡,한과",302,8746906,02-516-3643,압구정공주떡,http://place.map.kakao.com/8746906,서울 강남구 논현로161길 10,127.02746679415719,37.52356596669052,압구정
서울 강남구 신사동 603-1,FD6,음식점,"음식점 > 양식 > 스테이크,립",99,1248615345,02-3442-7734,텍사스데브라질 압구정점,http://place.map.kakao.com/1248615345,서울 강남구 논현로 854,127.028865697479,37.5253207856728,압구정
서울 강남구 신사동 610-3,FD6,음식점,음식점 > 한식 > 냉면,58,1224432398,02-516-3016,압구정면옥,http://place.map.kakao.com/1224432398,서울 강남구 압구정로30길 16,127.02905166804152,37.526457804770274,압구정
서울 강남구 신사동 619-4,FD6,음식점,음식점 > 한식,397,8475048,02-732-3735,한일관 압구정점,http://place.map.kakao.com/8475048,서울 강남구 압구정로38길 14,127.032491399045,37.5278246295028,압구정
서울 강남구 신사동 623-5,FD6,음식점,"음식점 > 한식 > 육류,고기",395,19351143,02-548-3030,삼원가든,http://place.map.kakao.com/19351143,서울 강남구 언주로 835,127.03264282010882,37.52482605288599,압구정
서울 강남구 신사동 608-8,FD6,음식점,음식점 > 중식,157,10954377,02-545-5163,가담,http://place.map.kakao.com/10954377,서울 강남구 언주로167길 35,127.030268909066,37.5263764088911,압구정
서울 강남구 신사동 615,FD6,음식점,"음식점 > 한식 > 육류,고기",287,11892123,02-516-4900,신미식당,http://place.map.kakao.com/11892123,서울 강남구 압구정로 214,127.03087366251374,37.52793498570478,압구정
서울 강남구 신사동 576-6,FD6,음식점,"음식점 > 한식 > 해물,생선",158,699742929,02-516-5050,청초수물회섭국 강남점,http://place.map.kakao.com/699742929,서울 강남구 압구정로28길 24,127.02747863210529,37.524998557729816,압구정
서울 강남구 신사동 567-23,FD6,음식점,"음식점 > 양식 > 스테이크,립",354,1250460135,070-4333-1331,마초 스테이크,http://place.map.kakao.com/1250460135,서울 강남구 논현로159길 10,127.027338798658,37.5231163961185,압구정
서울 강남구 신사동 549-9,FD6,음식점,"음식점 > 술집 > 호프,요리주점",514,12250697,02-541-0969,한잔의추억,http://place.map.kakao.com/12250697,서울 강남구 논현로175길 68,127.02334917546781,37.52400834370954,압구정
서울 강남구 신사동 663,FD6,음식점,"음식점 > 한식 > 해물,생선",846,25046575,02-514-8008,뱃고동,http://place.map.kakao.com/25046575,서울 강남구 언주로172길 54,127.03804340336,37.5268498895352,압구정
서울 강남구 신사동 603,FD6,음식점,음식점 > 양식,99,2007335630,,치즈룸,http://place.map.kakao.com/2007335630,서울 강남구 논현로 854,127.02885890703345,37.525313579314485,압구정
서울 강남구 신사동 657-5,FD6,음식점,음식점 > 중식 > 중국요리,760,24010315,02-511-5266,골드피쉬딤섬퀴진,http://place.map.kakao.com/24010315,서울 강남구 압구정로48길 35,127.03710064350305,37.52607082269057,압구정
서울 강남구 신사동 600-6,FD6,음식점,음식점 > 중식 > 중국요리,334,66544493,02-545-6154,일일향 압구정1호점,http://place.map.kakao.com/66544493,서울 강남구 도산대로35길 39,127.03036844558629,37.52354273117442,압구정
서울 강남구 신사동 600-1,FD6,음식점,"음식점 > 한식 > 육류,고기",264,26821640,0507-1404-2213,우미학 압구정 본점,http://place.map.kakao.com/26821640,서울 강남구 압구정로30길 51,127.02945793174347,37.52390786778749,압구정
서울 서초구 반포동 118-3,FD6,음식점,음식점 > 양식,163,26930532,02-6282-5000,텍사스데브라질 센트럴시티점,http://place.map.kakao.com/26930532,서울 서초구 사평대로 205,127.006193108447,37.5038838621865,고속터미널
서울 서초구 반포동 118-3,FD6,음식점,음식점 > 중식 > 중국요리,189,184125380,02-6282-5005,모던눌랑 센트럴시티점,http://place.map.kakao.com/184125380,서울 서초구 사평대로 205,127.006740506765,37.5040640333231,고속터미널
서울 서초구 반포동 18-3,FD6,음식점,음식점 > 한식 > 한정식,362,11781456,02-537-0113,산들해 반포점,http://place.map.kakao.com/11781456,서울 서초구 반포대로 287,127.00085048512,37.5045111212843,고속터미널
서울 서초구 반포동 19-3,FD6,음식점,음식점 > 뷔페,104,360787491,02-6282-6730,JW메리어트호텔서울 플레이버즈,http://place.map.kakao.com/360787491,서울 서초구 신반포로 176,127.00466406715701,37.504038004397266,고속터미널
서울 서초구 반포동 54-10,FD6,음식점,음식점 > 일식,597,13582855,02-592-8998,마루심 반포점,http://place.map.kakao.com/13582855,서울 서초구 고무래로10길 10,127.010481410861,37.5018941389855,고속터미널
서울 서초구 반포동 19-3,FD6,음식점,음식점 > 푸드코트,70,1325773667,,하우스오브신세계,http://place.map.kakao.com/1325773667,서울 서초구 신반포로 176,127.004838252693,37.5043191110961,고속터미널
서울 서초구 잠원동 72-2,FD6,음식점,음식점 > 치킨,441,8611462,02-596-5990,한신치킨호프,http://place.map.kakao.com/8611462,서울 서초구 신반포로23길 30,127.003565002416,37.5087818347685,고속터미널
서울 서초구 반포동 118-3,FD6,음식점,"음식점 > 술집 > 호프,요리주점",356,26330704,02-6282-4466,데블스도어 센트럴시티점,http://place.map.kakao.com/26330704,서울 서초구 사평대로 205,127.00894597828004,37.504938763158854,고속터미널
서울 서초구 잠원동 69-5,FD6,음식점,"음식점 > 술집 > 호프,요리주점",193,13724756,02-599-8048,하트타임,http://place.map.kakao.com/13724756,서울 서초구 신반포로 195,127.005388068075,37.5066589980308,고속터미널
서울 서초구 반포동 19-11,FD6,음식점,음식점 > 일식 > 일식집,211,1286932827,0507-1359-4631,일상정원 센트럴시티점,http://place.map.kakao.com/1286932827,서울 서초구 신반포로 지하 188,127.00429192950243,37.50311628979772,고속터미널
서울 서초구 잠원동 69-5,FD6,음식점,"음식점 > 한식 > 찌개,전골",186,19622099,02-537-1911,일번지육개장,http://place.map.kakao.com/19622099,서울 서초구 신반포로 195,127.00530550149368,37.50660494146141,고속터미널
서울 서초구 반포동 19-3,FD6,음식점,음식점 > 샤브샤브,227,2023191026,02-6244-6200,모던샤브하우스 센트럴시티점,http://place.map.kakao.com/2023191026,서울 서초구 신반포로 176,127.00359074872321,37.50320010671708,고속터미널
서울 서초구 반포동 19-3,FD6,음식점,음식점 > 패밀리레스토랑 > 아웃백스테이크하우스,217,10592275,02-592-2771,아웃백스테이크하우스 센트럴시티점,http://place.map.kakao.com/10592275,서울 서초구 신반포로 176,127.0036868815292,37.5032514610698,고속터미널
서울 서초구 반포동 19-11,FD6,음식점,"음식점 > 양식 > 멕시칸,브라질",208,1287091788,0507-1382-8677,슈가스컬 센트럴시티점,http://place.map.kakao.com/1287091788,서울 서초구 신반포로 지하 188,127.00425800299695,37.503147826223106,고속터미널
서울 서초구 반포동 19-3,FD6,음식점,"음식점 > 간식 > 제과,베이커리",65,1352964371,02-3479-1317,베통키츠네트 신세계백화점 강남점,http://place.map.kakao.com/1352964371,서울 서초구 신반포로 176,127.004318067293,37.5053057321647,고속터미널
서울 서초구 서초동 1445-13,FD6,음식점,"음식점 > 간식 > 제과,베이커리",139,26455895,02-322-0939,루엘드파리 서초본점,http://place.map.kakao.com/26455895,서울 서초구 서초중앙로 18,127.01727639915623,37.4839596934158,남부터미널
서울 서초구 서초동 1451-9,FD6,음식점,음식점 > 한식,381,7908112,02-525-2282,봉산옥 서초동본점,http://place.map.kakao.com/7908112,서울 서초구 반포대로8길 5-6,127.01246536288953,37.48334671207511,남부터미널
서울 서초구 서초동 1600-9,FD6,음식점,음식점 > 한식 > 한정식,147,144229142,02-585-4997,해담채 남부터미널점,http://place.map.kakao.com/144229142,서울 서초구 서초중앙로5길 10-8,127.015101403915,37.4858665252586,남부터미널
서울 서초구 서초동 1594-3,FD6,음식점,"음식점 > 한식 > 육류,고기",278,816498360,02-523-2472,진대감 서초점,http://place.map.kakao.com/816498360,서울 서초구 효령로55길 39,127.01404889469211,37.48670369173191,남부터미널
서울 서초구 서초동 1457-4,FD6,음식점,음식점 > 한식,198,870803372,02-588-5870,예술상회,http://place.map.kakao.com/870803372,서울 서초구 반포대로10길 45,127.01428358982837,37.4841321857658,남부터미널
서울 서초구 서초동 1439-1,FD6,음식점,"음식점 > 한식 > 해물,생선 > 게,대게",482,21806199,02-525-9779,크래버대게나라 서초점,http://place.map.kakao.com/21806199,서울 서초구 남부순환로339길 72,127.0215056909696,37.48620791623802,남부터미널
서울 서초구 서초동 1578-4,FD6,음식점,음식점 > 양식 > 햄버거,427,623931326,070-8839-3314,소울버킷 서초교대,http://place.map.kakao.com/623931326,서울 서초구 서초중앙로 75,127.014301372882,37.4884507159867,남부터미널
서울 서초구 서초동 1476-10,FD6,음식점,음식점 > 양식 > 프랑스음식,637,853446189,02-6409-3373,메종조 서초,http://place.map.kakao.com/853446189,서울 서초구 반포대로7길 35,127.01011908964237,37.48197830400028,남부터미널
서울 서초구 서초동 1451-52,FD6,음식점,"음식점 > 일식 > 돈까스,우동",447,10916911,02-582-1187,허수아비돈까스,http://place.map.kakao.com/10916911,서울 서초구 반포대로 16,127.01273989196129,37.48206454732818,남부터미널
서울 서초구 서초동 1450-6,FD6,음식점,음식점 > 한식 > 두부전문점,472,7885551,02-523-2860,백년옥 본관,http://place.map.kakao.com/7885551,서울 서초구 남부순환로 2407,127.01377086131225,37.48118504695074,남부터미널
서울 서초구 서초동 1458-6,FD6,음식점,"음식점 > 일식 > 초밥,롤",242,629877383,02-574-2201,뱅스시,http://place.map.kakao.com/629877383,서울 서초구 반포대로10길 35,127.013690014814,37.4842412780671,남부터미널
서울 서초구 서초동 1623-3,FD6,음식점,음식점 > 한식 > 냉면,245,722848172,02-525-8839,더진미평냉,http://place.map.kakao.com/722848172,서울 서초구 서초중앙로 58,127.0156149879574,37.487086423572244,남부터미널
서울 서초구 서초동 1442-9,FD6,음식점,음식점 > 아시아음식 > 동남아음식 > 태국음식,447,358397965,02-522-3029,레몬그라스타이,http://place.map.kakao.com/358397965,서울 서초구 효령로68길 67,127.02132001742319,37.48536100210304,남부터미널
서울 서초구 서초동 1564-13,FD6,음식점,"음식점 > 한식 > 육류,고기",486,1561071736,0507-1379-8592,육통령 교대직영점,http://place.map.kakao.com/1561071736,서울 서초구 반포대로20길 69,127.01377678834051,37.48883460766896,남부터미널
서울 서초구 서초동 1365,FD6,음식점,음식점 > 한식 > 국수 > 칼국수,451,25038356,02-3473-7972,임병주 산동칼국수,http://place.map.kakao.com/25038356,서울 서초구 강남대로37길 65,127.03003042469688,37.48456982587015,양재
서울 서초구 양재동 24-6,FD6,음식점,음식점 > 뷔페,259,7850610,02-526-8700,디오디아2.0,http://place.map.kakao.com/7850610,서울 서초구 강남대로 213,127.03566459833955,37.48235358031832,양재
서울 서초구 양재동 24,FD6,음식점,음식점 > 한식 > 한정식,210,9063870,02-579-3457,산들해 양재동점,http://place.map.kakao.com/9063870,서울 서초구 강남대로 213,127.03504972839153,37.482766426325604,양재
서울 강남구 도곡동 948-13,FD6,음식점,음식점 > 양식,273,237005010,02-577-2396,로마옥 도곡,http://place.map.kakao.com/237005010,서울 강남구 강남대로48길 11,127.03408494512362,37.48697261578926,양재
서울 서초구 서초동 1363-7,FD6,음식점,"음식점 > 한식 > 육류,고기",271,9412618,02-597-2158,자인뭉티기,http://place.map.kakao.com/9412618,서울 서초구 강남대로37길 24-7,127.03213372107246,37.485181958260895,양재
서울 강남구 도곡동 950-5,FD6,음식점,음식점 > 분식,249,14590990,02-3462-3533,작은공간,http://place.map.kakao.com/14590990,서울 강남구 남부순환로359길 31,127.035540112817,37.4868820862099,양재
서울 서초구 서초동 1358-8,FD6,음식점,음식점 > 양식 > 햄버거,403,539250139,02-582-6244,크라이치즈버거 양재역점,http://place.map.kakao.com/539250139,서울 서초구 강남대로41길 8,127.031935604809,37.4872543308294,양재
서울 서초구 서초동 1340-5,FD6,음식점,"음식점 > 한식 > 육류,고기",608,8323721,02-3473-4167,버드나무집 서초본점,http://place.map.kakao.com/8323721,서울 서초구 효령로 434,127.0311629855974,37.48913764364786,양재
서울 서초구 양재동 2-3,FD6,음식점,"음식점 > 한식 > 육류,고기 > 갈비",464,26410902,02-3462-8888,설마중,http://place.map.kakao.com/26410902,서울 서초구 남부순환로 2648,127.040369448949,37.4850100417281,양재
서울 강남구 도곡동 954-16,FD6,음식점,"음식점 > 양식 > 스테이크,립",98,292351555,02-577-1014,양인환대 양재점,http://place.map.kakao.com/292351555,서울 강남구 강남대로42길 17,127.035376651575,37.4855234149168,양재
서울 서초구 양재동 13-9,FD6,음식점,"음식점 > 한식 > 해물,생선",172,13291936,02-575-4458,강촌원조쭈꾸미 본점,http://place.map.kakao.com/13291936,서울 서초구 남부순환로350길 36,127.03619534668032,37.48335443957676,양재
서울 서초구 서초동 1360-47,FD6,음식점,"음식점 > 한식 > 해물,생선 > 장어",362,15862367,02-3471-5454,황재벌,http://place.map.kakao.com/15862367,서울 서초구 남부순환로347길 42-4,127.03146702024928,37.486126394387945,양재
서울 서초구 서초동 1357-60,FD6,음식점,"음식점 > 일식 > 초밥,롤",476,27082190,02-588-3330,진스시,http://place.map.kakao.com/27082190,서울 서초구 강남대로43길 22-2,127.031121610146,37.4875248504576,양재
서울 강남구 도곡동 943-2,FD6,음식점,음식점 > 한식,590,1391619096,02-3462-4848,뱅뱅막국수,http://place.map.kakao.com/1391619096,서울 강남구 도곡로 112,127.03283895681147,37.48965346709964,양재
서울 서초구 양재동 11-49,FD6,음식점,음식점 > 아시아음식 > 동남아음식 > 태국음식,144,957969643,02-579-7371,태국식당356,http://place.map.kakao.com/957969643,서울 서초구 남부순환로350길 19-16,127.0366106613926,37.484108455792175,양재
서울 강남구 대치동 316,FD6,음식점,음식점 > 분식,138,2116206652,02-557-0814,튀김아저씨,http://place.map.kakao.com/2116206652,서울 강남구 삼성로 212,127.0629986899693,37.495792409876024,대치
서울 강남구 대치동 630,FD6,음식점,음식점 > 한식,492,7915107,02-557-5223,대치사월에보리밥,http://place.map.kakao.com/7915107,서울 강남구 남부순환로 2913,127.058438994692,37.4926610514657,대치
서울 강남구 대치동 628,FD6,음식점,음식점 > 한식,445,697719963,02-553-9391,봉피양 대치점,http://place.map.kakao.com/697719963,서울 강남구 남부순환로 2915,127.05886890371035,37.49292933814326,대치
서울 강남구 대치동 988-2,FD6,음식점,"음식점 > 한식 > 해물,생선",616,8598605,02-501-6667,할매재첩국,http://place.map.kakao.com/8598605,서울 강남구 삼성로 308,127.06073454426152,37.499711171119124,대치
서울 강남구 대치동 316,FD6,음식점,음식점 > 양식 > 피자,130,527407577,070-7777-5952,피자느반 대치본점,http://place.map.kakao.com/527407577,서울 강남구 삼성로 212,127.063166021244,37.4957544782469,대치
서울 강남구 대치동 500,FD6,음식점,음식점 > 한식,778,19852302,02-563-8882,명동관,http://place.map.kakao.com/19852302,서울 강남구 남부순환로 2912,127.056148796634,37.4906727380378,대치
서울 강남구 대치동 622-1,FD6,음식점,"음식점 > 간식 > 제과,베이커리 > 김영모과자점",278,599701552,02-568-7003,김영모과자점 대치점,http://place.map.kakao.com/599701552,서울 강남구 남부순환로 2927,127.060565627018,37.4935970277011,대치
서울 강남구 대치동 983-1,FD6,음식점,음식점 > 중식 > 중국요리,984,909184198,02-565-5757,몽중헌 대치점,http://place.map.kakao.com/909184198,서울 강남구 영동대로 325,127.065527019353,37.5033144349827,대치
서울 강남구 대치동 316,FD6,음식점,음식점 > 한식 > 수제비,93,16271793,02-556-8229,산월수제비,http://place.map.kakao.com/16271793,서울 강남구 삼성로 212,127.063936898058,37.4953432045205,대치
서울 강남구 대치동 982-1,FD6,음식점,음식점 > 양식,900,858887885,02-2039-7861,안식레스토랑,http://place.map.kakao.com/858887885,서울 강남구 도곡로99길 31,127.06509098975692,37.50260558469425,대치
서울 강남구 대치동 316,FD6,음식점,음식점 > 간식 > 닭강정,123,18879690,0507-1375-1022,오미닭강정,http://place.map.kakao.com/18879690,서울 강남구 삼성로 212,127.06303250891523,37.4956662509076,대치
서울 강남구 개포동 186-5,FD6,음식점,음식점 > 분식,768,1357503918,02-459-6928,빨간오뎅부산어묵 개포점,http://place.map.kakao.com/1357503918,서울 강남구 개포로82길 13-11,127.06804031593335,37.4887257177636,대치
서울 강남구 대치동 1024-4,FD6,음식점,음식점 > 한식 > 국밥,687,1466449848,02-552-5289,한티옥,http://place.map.kakao.com/1466449848,서울 강남구 도곡로 418,127.05628585494388,37.4970157617711,대치
서울 강남구 대치동 316,FD6,음식점,"음식점 > 간식 > 떡,한과",94,1049026413,02-557-6464,김경애떡방,http://place.map.kakao.com/1049026413,서울 강남구 삼성로 212,127.063959520711,37.4953504003284,대치
서울 강남구 대치동 991-4,FD6,음식점,음식점 > 중식 > 중국요리 > 이비가짬뽕,593,1377693149,02-553-7484,이비가짬뽕 대치본점,http://place.map.kakao.com/1377693149,서울 강남구 도곡로 532,127.06464529562258,37.49985956380328,대치
서울 강남구 대치동 994-8,FD6,음식점,음식점 > 한식 > 국밥,290,38757579,0503-7152-2092,담은국밥 대치본점,http://place.map.kakao.com/38757579,서울 강남구 영동대로 221,127.06823135786536,37.49861415859882,학여울
서울 강남구 대치동 994-8,FD6,음식점,"음식점 > 한식 > 육류,고기",300,16734080,,장독대,http://place.map.kakao.com/16734080,서울 강남구 영동대로 221,127.06811717882476,37.49865747279374,학여울
서울 강남구 대치동 511,FD6,음식점,"음식점 > 간식 > 떡,한과",416,11102235,02-568-2050,여의도떡방,http://place.map.kakao.com/11102235,서울 강남구 삼성로 150,127.066591512532,37.4947074292661,학여울
서울 강남구 대치동 991-1,FD6,음식점,음식점 > 한식 > 설렁탕,663,12665037,02-553-8811,명가원설농탕 대치점,http://place.map.kakao.com/12665037,서울 강남구 도곡로 526,127.0638997650837,37.49954101329092,학여울
서울 강남구 대치동 992,FD6,음식점,음식점 > 중식 > 중국요리,590,21751182,02-563-1688,왕재,http://place.map.kakao.com/21751182,서울 강남구 영동대로57길 28,127.06490518741293,37.499612545649946,학여울
서울 강남구 대치동 994-8,FD6,음식점,음식점 > 중식 > 중국요리,301,8249923,02-566-6868,남경반점,http://place.map.kakao.com/8249923,서울 강남구 영동대로 221,127.06811266105277,37.4986637824418,학여울
서울 강남구 대치동 990,FD6,음식점,"음식점 > 간식 > 제과,베이커리",706,1092926973,02-508-8990,대치동꽈배기,http://place.map.kakao.com/1092926973,서울 강남구 도곡로 516,127.06308057047193,37.4990287810967,학여울
서울 노원구 상계동 332-3,FD6,음식점,"음식점 > 한식 > 해물,생선",66,26086942,02-932-8616,털보고된이 본점,http://place.map.kakao.com/26086942,서울 노원구 노해로81길 22-22,127.063766068781,37.655893293316,노원
서울 노원구 상계동 603-8,FD6,음식점,음식점 > 양식,116,1010045527,02-3391-7999,로니로티 노원점,http://place.map.kakao.com/1010045527,서울 노원구 상계로 63-7,127.06188763628352,37.6565033576447,노원
서울 노원구 상계동 434-49,FD6,음식점,음식점 > 한식,659,1317959049,070-7543-4481,감동식당,http://place.map.kakao.com/1317959049,서울 노원구 한글비석로47길 58,127.06659520859755,37.66156431075787,노원
서울 노원구 상계동 348-4,FD6,음식점,"음식점 > 한식 > 육류,고기 > 삼겹살",191,1572967845,02-931-2856,땅코참숯구이 노원점,http://place.map.kakao.com/1572967845,서울 노원구 노해로85길 15-5,127.065343964967,37.6563537326551,노원
서울 노원구 상계동 711-13,FD6,음식점,음식점 > 한식 > 국수 > 칼국수,329,8015984,02-939-6169,옛날칼국수,http://place.map.kakao.com/8015984,서울 노원구 동일로 1417,127.0598238649865,37.654972752624296,노원
서울 노원구 상계동 323-11,FD6,음식점,음식점 > 한식 > 설렁탕,158,16590379,02-936-2315,풍미연,http://place.map.kakao.com/16590379,서울 노원구 노해로85길 7,127.06482208764048,37.65569089775628,노원
서울 노원구 상계동 341-7,FD6,음식점,음식점 > 샤브샤브,127,2097885929,02-933-5522,소담촌 노원역점,http://place.map.kakao.com/2097885929,서울 노원구 상계로 90,127.064627671102,37.6562712369082,노원
서울 노원구 상계동 349-24,FD6,음식점,"음식점 > 한식 > 육류,고기",208,16056109,,노원목고기집,http://place.map.kakao.com/16056109,서울 노원구 상계로 96,127.065507398595,37.6566311444758,노원
서울 노원구 상계동 693,FD6,음식점,음식점 > 중식,244,416374182,070-7723-9219,위안바오,http://place.map.kakao.com/416374182,서울 노원구 동일로 1426,127.06042305846086,37.6560112797154,노원
서울 노원구 상계동 328-9,FD6,음식점,음식점 > 양식 > 이탈리안,117,17005666,02-952-4748,제임스키친,http://place.map.kakao.com/17005666,서울 노원구 노해로81길 12-26,127.064228201178,37.6556191440311,노원
서울 노원구 상계동 328-1,FD6,음식점,음식점 > 한식 > 감자탕,119,1716634126,,태능감자탕 노원본점,http://place.map.kakao.com/1716634126,서울 노원구 노해로83길 10-1,127.06445736878,37.6559091352797,노원
서울 노원구 상계동 735-4,FD6,음식점,음식점 > 한식,535,140377526,0502-5550-0818,예향정 노원점,http://place.map.kakao.com/140377526,서울 노원구 동일로217가길 31,127.05855886614454,37.65314709596684,노원
서울 노원구 상계동 594-2,FD6,음식점,"음식점 > 한식 > 육류,고기",62,22079801,02-935-8883,9237 노원본점,http://place.map.kakao.com/22079801,서울 노원구 상계로5길 31,127.06309824008679,37.65682977278224,노원
서울 노원구 상계동 595,FD6,음식점,"음식점 > 한식 > 해물,생선",43,26904390,02-937-3912,쭈꾸미달인 노원직영점,http://place.map.kakao.com/26904390,서울 노원구 상계로 71-1,127.063018756604,37.6566469159244,노원
서울 노원구 상계동 598-1,FD6,음식점,"음식점 > 한식 > 육류,고기",29,331097438,02-936-6699,화포식당 노원점,http://place.map.kakao.com/331097438,서울 노원구 상계로 72,127.063009181865,37.6560450650212,노원
서울 성북구 동선동1가 49,FD6,음식점,음식점 > 한식 > 감자탕,223,1755515956,02-921-7667,태조감자국,http://place.map.kakao.com/1755515956,서울 성북구 보문로34길 43,127.017681505368,37.5907894486919,성신여대입구
서울 성북구 동선동1가 2-6,FD6,음식점,음식점 > 중식 > 중국요리,69,25451287,02-921-3721,애정마라샹궈 본점,http://place.map.kakao.com/25451287,서울 성북구 동소문로20나길 11,127.01723910511126,37.59216262612816,성신여대입구
서울 성북구 동선동1가 120-14,FD6,음식점,"음식점 > 한식 > 육류,고기 > 삼겹살",161,26869649,02-921-4007,김통,http://place.map.kakao.com/26869649,서울 성북구 동소문로 124,127.0186435519921,37.593798613920505,성신여대입구
서울 성북구 삼선동5가 299-10,FD6,음식점,음식점 > 중식 > 중국요리,456,24353265,070-7566-4683,공푸,http://place.map.kakao.com/24353265,서울 성북구 삼선교로24길 29,127.01611401299044,37.58878226206654,성신여대입구
서울 성북구 동선동1가 85-79,FD6,음식점,음식점 > 양식 > 이탈리안,80,452915279,0502-5552-1713,쵸이양식,http://place.map.kakao.com/452915279,서울 성북구 동소문로20나길 24,127.01800795992877,37.59228865021107,성신여대입구
서울 성북구 동선동1가 92-20,FD6,음식점,음식점 > 양식,105,230989806,0503-7150-9963,벤베누토,http://place.map.kakao.com/230989806,서울 성북구 동소문로20나길 39,127.01852780734,37.5927958282264,성신여대입구
서울 성북구 동선동2가 172,FD6,음식점,"음식점 > 한식 > 육류,고기 > 갈비",428,335111559,0507-1339-0032,팔백집 본점,http://place.map.kakao.com/335111559,서울 성북구 보문로30길 46,127.01983699636,37.589477261295,성신여대입구
서울 성북구 보문동1가 53,FD6,음식점,음식점 > 중식 > 중국요리,651,7988170,02-923-4448,안동반점,http://place.map.kakao.com/7988170,서울 성북구 고려대로1길 35-1,127.01895775627726,37.5870519336752,성신여대입구
서울 성북구 동선동1가 111,FD6,음식점,음식점 > 분식,68,423978426,02-926-0625,수아당,http://place.map.kakao.com/423978426,서울 성북구 동소문로20가길 33,127.01802173601061,37.59307070910963,성신여대입구
서울 성북구 동선동2가 135-8,FD6,음식점,음식점 > 중식,289,697084504,02-921-4851,라라면가,http://place.map.kakao.com/697084504,서울 성북구 동소문로22길 57-25,127.01965622091825,37.59093870106905,성신여대입구
서울 성북구 동선동4가 111-1,FD6,음식점,음식점 > 아시아음식 > 동남아음식 > 베트남음식,170,843250339,02-921-3061,포썸,http://place.map.kakao.com/843250339,서울 성북구 동소문로 125,127.018221284961,37.5941518686256,성신여대입구
서울 성북구 삼선동4가 351-3,FD6,음식점,음식점 > 중식 > 중국요리,326,557188800,02-929-2182,가부 본점,http://place.map.kakao.com/557188800,서울 성북구 보문로 182,127.015244775364,37.590357312275,성신여대입구
서울 성북구 동선동1가 68,FD6,음식점,음식점 > 술집 > 실내포장마차,203,1008497143,0503-7151-6529,치치 성신여대점,http://place.map.kakao.com/1008497143,서울 성북구 동소문로20길 37-12,127.017568319183,37.5909624560979,성신여대입구
서울 성북구 동선동2가 135-21,FD6,음식점,음식점 > 일식,253,27089788,0502-5550-2392,윤휘식당,http://place.map.kakao.com/27089788,서울 성북구 보문로34길 70,127.019212399974,37.5910522991604,성신여대입구
서울 성북구 동선동1가 92-8,FD6,음식점,"음식점 > 일식 > 돈까스,우동",90,1746912410,02-923-6557,온달왕돈까스,http://place.map.kakao.com/1746912410,서울 성북구 동소문로20가길 38,127.01829801905521,37.5930751715613,성신여대입구
서울 성북구 성북동1가 35-5,FD6,음식점,"음식점 > 간식 > 제과,베이커리",157,8203240,02-742-7421,나폴레옹과자점 성북본점,http://place.map.kakao.com/8203240,서울 성북구 성북로 7,127.00509621174547,37.588898579016515,한성대입구
서울 종로구 동숭동 31-37,FD6,음식점,음식점 > 양식 > 피자,728,21555096,02-3673-5005,핏제리아오,http://place.map.kakao.com/21555096,서울 종로구 동숭길 86,127.00437570908254,37.582097912403114,한성대입구
서울 종로구 혜화동 84-3,FD6,음식점,음식점 > 한식 > 국수 > 칼국수,504,8176347,02-743-8212,혜화칼국수,http://place.map.kakao.com/8176347,서울 종로구 창경궁로35길 13,127.00150300181788,37.586579253942794,한성대입구
서울 종로구 혜화동 90-18,FD6,음식점,음식점 > 아시아음식,624,731469845,02-743-6868,하이디라오 대학로점,http://place.map.kakao.com/731469845,서울 종로구 대학로 146,127.001983560442,37.5842315292255,한성대입구
서울 성북구 동소문동1가 36,FD6,음식점,"음식점 > 간식 > 제과,베이커리",102,1550208713,0502-5551-9898,나따드나따,http://place.map.kakao.com/1550208713,서울 성북구 성북로2길 22,127.00705388953592,37.58926968716242,한성대입구
서울 성북구 성북동 184-2,FD6,음식점,음식점 > 중식 > 중국요리,342,20944335,02-764-0094,옛날중국집,http://place.map.kakao.com/20944335,서울 성북구 성북로8길 8,127.00437395474002,37.590813216797244,한성대입구
서울 종로구 명륜4가 48-2,FD6,음식점,음식점 > 한식,815,497931179,02-744-9850,혜화도담,http://place.map.kakao.com/497931179,서울 종로구 대명1길 16-6,127.000434745953,37.5830242140237,한성대입구
서울 성북구 성북동1가 9,FD6,음식점,음식점 > 한식 > 국수,216,8200924,02-762-1924,국시집,http://place.map.kakao.com/8200924,서울 성북구 창경궁로43길 9,127.004307013755,37.5884336982898,한성대입구
서울 성북구 성북동1가 35-17,FD6,음식점,음식점 > 한식 > 국수,174,24873082,02-745-3389,명문막국수,http://place.map.kakao.com/24873082,서울 성북구 창경궁로 319,127.004778012482,37.5882751054647,한성대입구
서울 성북구 성북동 184-40,FD6,음식점,음식점 > 한식,236,8129950,02-764-5744,하단,http://place.map.kakao.com/8129950,서울 성북구 성북로6길 14,127.00502835178591,37.590005000644915,한성대입구
서울 성북구 동소문동2가 130,FD6,음식점,음식점 > 중식 > 양꼬치,83,1852838507,02-911-9000,한성대양꼬치,http://place.map.kakao.com/1852838507,서울 성북구 동소문로6길 14-31,127.007622154763,37.5880731337213,한성대입구
서울 성북구 삼선동1가 266,FD6,음식점,"가정,생활 > 식품판매 > 주류판매 > 고래맥주창고",313,1600364726,02-6953-0430,고래맥주창고 한성대점,http://place.map.kakao.com/1600364726,서울 성북구 삼선교로10나길 3,127.009533169334,37.5866205945185,한성대입구
서울 종로구 명륜2가 121-1,FD6,음식점,음식점 > 아시아음식 > 인도음식,898,11520636,02-763-6050,페르시안궁전,http://place.map.kakao.com/11520636,서울 종로구 성균관로6길 9,126.997559020842,37.5849162754761,한성대입구
서울 성북구 성북동 184-90,FD6,음식점,음식점 > 분식,225,579222224,02-928-3454,호랑이김밥,http://place.map.kakao.com/579222224,서울 성북구 성북로 18,127.00492303815,37.5897959748539,한성대입구
서울 성북구 동소문동2가 43,FD6,음식점,"음식점 > 한식 > 육류,고기 > 곱창,막창",126,16298478,02-744-0642,종로곱창철판닭갈비,http://place.map.kakao.com/16298478,서울 성북구 동소문로6길 8,127.00809663464649,37.58878038131703,한성대입구
서울 종로구 명륜4가 107,FD6,음식점,"음식점 > 일식 > 돈까스,우동",68,27306859,02-987-0924,정돈,http://place.map.kakao.com/27306859,서울 종로구 대학로9길 12,127.00109477184937,37.58178894763119,혜화
서울 종로구 명륜4가 170-8,FD6,음식점,음식점 > 아시아음식 > 인도음식,223,21332445,02-747-5050,깔리,http://place.map.kakao.com/21332445,서울 종로구 대학로11길 43,126.99926637158943,37.58247550752265,혜화
서울 종로구 명륜4가 24,FD6,음식점,음식점 > 일식 > 일본식라면,91,1340493944,02-747-1662,칸다소바 혜화점,http://place.map.kakao.com/1340493944,서울 종로구 대학로 131-1,127.00137216434956,37.582884552866425,혜화
서울 종로구 명륜4가 23,FD6,음식점,음식점 > 양식,85,8624124,,혜화돌쇠아저씨,http://place.map.kakao.com/8624124,서울 종로구 대학로 129-8,127.00134499146532,37.58281157270948,혜화
서울 종로구 명륜4가 143,FD6,음식점,"음식점 > 일식 > 돈까스,우동",153,561633351,02-741-2384,호호식당 대학로점,http://place.map.kakao.com/561633351,서울 종로구 대학로9길 35,127.00003736042066,37.58190427987755,혜화
서울 종로구 동숭동 1-152,FD6,음식점,음식점 > 분식,308,839397094,02-765-6056,부부식당,http://place.map.kakao.com/839397094,서울 종로구 동숭길 43,127.004302011728,37.580213036274,혜화
서울 종로구 명륜4가 101-2,FD6,음식점,음식점 > 양식 > 햄버거,36,1252440966,02-747-3005,버거파크 혜화점,http://place.map.kakao.com/1252440966,서울 종로구 대학로11길 5,127.00135856580953,37.5821826790865,혜화
서울 종로구 명륜2가 225,FD6,음식점,음식점 > 분식 > 떡볶이,382,10199904,02-747-0881,나누미떡볶이 성대본점,http://place.map.kakao.com/10199904,서울 종로구 성균관로 9-1,126.99791682343135,37.58370174345993,혜화
서울 종로구 명륜2가 24-4,FD6,음식점,음식점 > 분식 > 떡볶이,194,27510351,02-745-3885,봉쥬떡볶이,http://place.map.kakao.com/27510351,서울 종로구 대명길 4,127.001177449329,37.5838098751669,혜화
서울 종로구 동숭동 187-11,FD6,음식점,"음식점 > 간식 > 제과,베이커리",342,1311931370,02-747-9273,솔트24 동숭동본점,http://place.map.kakao.com/1311931370,서울 종로구 동숭길 36,127.00432236582269,37.57980038033022,혜화
서울 중구 남산동2가 25-4,FD6,음식점,음식점 > 한식,348,11642405,02-318-4790,목멱산방,http://place.map.kakao.com/11642405,서울 중구 퇴계로20길 71,126.98689405825475,37.55811276850028,명동
서울 중구 충무로2가 60-3,FD6,음식점,음식점 > 한식 > 한정식,49,26845535,02-3789-5130,명동정,http://place.map.kakao.com/26845535,서울 중구 삼일대로 299,126.98847236644649,37.56146464189226,명동
서울 중구 명동2가 32-27,FD6,음식점,음식점 > 퓨전요리 > 퓨전일식,346,21396812,02-3789-5920,쯔루하시후게츠 명동점,http://place.map.kakao.com/21396812,서울 중구 명동8길 21-5,126.98503700859186,37.562815751420835,명동
서울 중구 충무로2가 64-6,FD6,음식점,음식점 > 한식 > 국수 > 칼국수,193,1479300828,02-776-5559,명동교자 명동역점 신관 본점,http://place.map.kakao.com/1479300828,서울 중구 퇴계로 129,126.986083137398,37.5611814714638,명동
서울 중구 명동2가 33-4,FD6,음식점,음식점 > 분식,384,26567082,02-776-3424,명동교자 분점,http://place.map.kakao.com/26567082,서울 중구 명동10길 8,126.98513648386128,37.563455471473475,명동
서울 용산구 갈월동 59-13,FD6,음식점,음식점 > 분식,97,27209120,02-797-8656,구복만두 숙대본점,http://place.map.kakao.com/27209120,서울 용산구 두텁바위로 7,126.97299140639474,37.54540633237531,숙대입구
서울 용산구 청파동3가 24-50,FD6,음식점,음식점 > 분식,184,23557234,02-701-4417,한입소반 숙대본점,http://place.map.kakao.com/23557234,서울 용산구 청파로45길 3,126.97030781291777,37.54409923916463,숙대입구
서울 용산구 남영동 52-2,FD6,음식점,"음식점 > 한식 > 육류,고기",308,1228257268,02-793-3598,남영돈,http://place.map.kakao.com/1228257268,서울 용산구 한강대로80길 17,126.973775391327,37.5427503629762,숙대입구
서울 용산구 후암동 194-3,FD6,음식점,음식점 > 한식 > 감자탕,569,9921124,02-776-0670,일미집,http://place.map.kakao.com/9921124,서울 용산구 후암로 1-1,126.978268889945,37.5461426368056,숙대입구
서울 용산구 청파동2가 95,FD6,음식점,"음식점 > 한식 > 육류,고기",166,16766032,02-707-1380,쌍대포 본점,http://place.map.kakao.com/16766032,서울 용산구 청파로 291,126.97015445832363,37.54558855224091,숙대입구
서울 용산구 청파동2가 67-6,FD6,음식점,음식점 > 중식 > 중국요리,432,8059248,02-719-8719,정,http://place.map.kakao.com/8059248,서울 용산구 청파로47나길 4,126.967053023127,37.5450480291289,숙대입구
서울 용산구 갈월동 70-3,FD6,음식점,"음식점 > 한식 > 육류,고기 > 곱창,막창",210,15704053,,굴다리소곱창,http://place.map.kakao.com/15704053,서울 용산구 한강대로 321-1,126.97150617113726,37.54698273162414,숙대입구
서울 용산구 남영동 61-3,FD6,음식점,음식점 > 한식 > 냉면,199,15338847,02-703-6357,오복함흥냉면,http://place.map.kakao.com/15338847,서울 용산구 한강대로84길 4,126.97287554946571,37.54348537530059,숙대입구
서울 용산구 남영동 88-5,FD6,음식점,"음식점 > 한식 > 육류,고기",390,8798107,02-797-8059,화양연가,http://place.map.kakao.com/8798107,서울 용산구 한강대로 262-1,126.9732314742077,37.54175914132216,숙대입구
서울 용산구 남영동 82-3,FD6,음식점,"음식점 > 한식 > 육류,고기",290,12700169,02-701-1060,조대포 남영본점,http://place.map.kakao.com/12700169,서울 용산구 한강대로 272-1,126.97296977540877,37.54263485337191,숙대입구
서울 용산구 갈월동 93-60,FD6,음식점,음식점 > 분식,344,24208685,02-704-8425,털보네떡꼬치,http://place.map.kakao.com/24208685,서울 용산구 한강대로77길 18,126.9716891020362,37.54202727952593,숙대입구
서울 용산구 청파동3가 44,FD6,음식점,음식점 > 양식 > 햄버거,232,27226004,070-7573-7145,버거인,http://place.map.kakao.com/27226004,서울 용산구 청파로43길 12,126.970031875561,37.5436901157395,숙대입구
서울 용산구 남영동 40-4,FD6,음식점,음식점 > 한식,140,11831385,02-798-4668,까치네,http://place.map.kakao.com/11831385,서울 용산구 한강대로84길 11-16,126.973240718923,37.5443864580033,숙대입구
서울 용산구 청파동3가 24-71,FD6,음식점,음식점 > 분식,213,9738885,,까치네,http://place.map.kakao.com/9738885,서울 용산구 청파로45길 18,126.969673987177,37.5444720918079,숙대입구
서울 용산구 남영동 61-1,FD6,음식점,음식점 > 중식 > 중국요리,206,10266913,02-790-3034,미성중국관,http://place.map.kakao.com/10266913,서울 용산구 한강대로84길 8,126.973019263142,37.5434673882419,숙대입구
서울 용산구 한강로1가 142-1,FD6,음식점,"음식점 > 한식 > 해물,생선 > 매운탕,해물탕",91,10693894,02-797-4488,삼각지원대구탕 본점,http://place.map.kakao.com/10693894,서울 용산구 한강대로62가길 8-1,126.974289610198,37.5347063464535,삼각지
서울 용산구 한강로1가 251-1,FD6,음식점,"음식점 > 한식 > 육류,고기",142,220597413,02-794-8592,몽탄,http://place.map.kakao.com/220597413,서울 용산구 백범로99길 50,126.97224578759753,37.53599611679934,삼각지
서울 용산구 한강로1가 137-1,FD6,음식점,"음식점 > 한식 > 육류,고기",58,8122347,02-798-3989,평양집,http://place.map.kakao.com/8122347,서울 용산구 한강대로 186,126.973977275672,37.5348864781984,삼각지
서울 용산구 한강로2가 31,FD6,음식점,음식점 > 한식,336,751650490,010-9261-4454,주식,http://place.map.kakao.com/751650490,서울 용산구 한강대로52길 17-3,126.97216574412784,37.53217495319885,삼각지
서울 용산구 용산동3가 1-64,FD6,음식점,"음식점 > 한식 > 해물,생선",145,16329490,02-795-1087,대원식당,http://place.map.kakao.com/16329490,서울 용산구 한강대로62나길 16-1,126.974719678743,37.5343244149508,삼각지
서울 용산구 한강로2가 305-1,FD6,음식점,음식점 > 분식,566,15659043,010-4750-8886,현선이네 용산본점,http://place.map.kakao.com/15659043,서울 용산구 한강대로39길 2-13,126.969249469376,37.5311335734217,삼각지
서울 용산구 문배동 34-1,FD6,음식점,음식점 > 한식 > 국수 > 칼국수,318,24188406,,문배동육칼 본점,http://place.map.kakao.com/24188406,서울 용산구 백범로90길 50,126.970324359239,37.5366119339674,삼각지
서울 용산구 한강로1가 231-23,FD6,음식점,음식점 > 한식 > 국수,128,13320353,02-794-8364,옛집국수,http://place.map.kakao.com/13320353,서울 용산구 한강대로62길 26,126.97358162289555,37.53390790343233,삼각지
서울 용산구 한강로2가 2-194,FD6,음식점,"음식점 > 한식 > 육류,고기",702,15580829,02-793-3189,손문 대구막창 갈매기살,http://place.map.kakao.com/15580829,서울 용산구 새창로 213-9,126.96766577098278,37.53063759968962,삼각지
서울 용산구 한강로2가 148-6,FD6,음식점,음식점 > 한식,594,596181447,02-790-1026,능동미나리,http://place.map.kakao.com/596181447,서울 용산구 한강대로40길 28,126.970820211444,37.5300915133294,삼각지
서울 용산구 한강로2가 27-2,FD6,음식점,음식점 > 한식,290,10390859,02-793-0785,백경식당,http://place.map.kakao.com/10390859,서울 용산구 한강대로54길 20,126.97267927541,37.5324931265298,삼각지
서울 용산구 한강로1가 14-28,FD6,음식점,음식점 > 중식 > 중국요리,183,13280285,02-792-2969,명화원,http://place.map.kakao.com/13280285,서울 용산구 한강대로 202,126.97462394998453,37.5363606559967,삼각지
서울 용산구 한강로2가 84-1,FD6,음식점,"음식점 > 한식 > 육류,고기 > 닭요리 > 삼계탕",449,12642629,0502-5550-0181,용산삼계탕,http://place.map.kakao.com/12642629,서울 용산구 한강대로48길 20,126.971521198797,37.5312746992909,삼각지
서울 용산구 문배동 11-14,FD6,음식점,"음식점 > 일식 > 돈까스,우동",398,10257556,02-718-1419,단박왕돈까스,http://place.map.kakao.com/10257556,서울 용산구 백범로90길 74,126.97058183047827,37.537882408948825,삼각지
서울 용산구 한강로1가 256,FD6,음식점,음식점 > 중식 > 양꼬치,96,2036824361,02-749-9088,용산양꼬치,http://place.map.kakao.com/2036824361,서울 용산구 백범로99길 60,126.972822888416,37.5358124468946,삼각지
서울 용산구 한강로2가 77-1,FD6,음식점,음식점 > 한식,242,773394734,02-795-6446,봉피양 용산점,http://place.map.kakao.com/773394734,서울 용산구 한강대로40길 31,126.970919674769,37.5303375112652,신용산
서울 용산구 한강로2가 309-1,FD6,음식점,"음식점 > 한식 > 육류,고기 > 삼겹살",178,21029507,02-793-0125,대가,http://place.map.kakao.com/21029507,서울 용산구 한강대로39길 4,126.968892102925,37.5307838913037,신용산
서울 용산구 한강로3가 40-946,FD6,음식점,음식점 > 한식 > 한정식,386,21360176,02-710-7777,기와,http://place.map.kakao.com/21360176,서울 용산구 한강대로21나길 40,126.96439732284549,37.528158905241156,신용산
서울 용산구 용산동5가 2-28,FD6,음식점,음식점 > 아시아음식 > 동남아음식 > 베트남음식,152,283930207,02-794-0526,효뜨,http://place.map.kakao.com/283930207,서울 용산구 한강대로38길 35,126.97022225227056,37.528770495731195,신용산
서울 용산구 한강로2가 157-2,FD6,음식점,"음식점 > 한식 > 육류,고기",128,129662733,02-792-3393,한담,http://place.map.kakao.com/129662733,서울 용산구 한강대로38길 17,126.969934556254,37.52961285937206,신용산
서울 용산구 한강로3가 65-156,FD6,음식점,음식점 > 한식,580,18821272,02-794-0087,섬집,http://place.map.kakao.com/18821272,서울 용산구 한강대로14길 8,126.96469635999026,37.52497665587376,신용산
서울 용산구 한강로3가 40-9,FD6,음식점,"음식점 > 한식 > 육류,고기 > 닭요리",686,12695795,02-798-0131,오근내2닭갈비,http://place.map.kakao.com/12695795,서울 용산구 한강대로11길 13,126.96278106483906,37.52507698009016,신용산
서울 용산구 한강로2가 424,FD6,음식점,음식점 > 양식 > 이탈리안,45,1729633606,010-5232-9851,쿠촐로서울,http://place.map.kakao.com/1729633606,서울 용산구 한강대로 100,126.96867345247902,37.5287908181114,신용산
서울 용산구 한강로2가 143-1,FD6,음식점,"음식점 > 한식 > 육류,고기",169,1934686541,02-749-0729,양인환대,http://place.map.kakao.com/1934686541,서울 용산구 한강대로40길 14,126.97004746249212,37.53018322201762,신용산
서울 용산구 한강로3가 65-550,FD6,음식점,음식점 > 한식,266,15489150,02-795-2277,갯마을 한강로점,http://place.map.kakao.com/15489150,서울 용산구 서빙고로 56,126.97039649320065,37.523004125873726,이촌
서울 용산구 이촌동 301-10,FD6,음식점,음식점 > 일식 > 일식집,296,16558563,02-749-5324,스즈란테이 이촌점,http://place.map.kakao.com/16558563,서울 용산구 이촌로 245,126.97429919475923,37.51996235308729,이촌
서울 용산구 이촌동 301-153,FD6,음식점,음식점 > 술집 > 실내포장마차,231,443223087,02-792-9846,골목집,http://place.map.kakao.com/443223087,서울 용산구 이촌로75길 16-5,126.97467562584818,37.52072468292268,이촌
서울 용산구 이촌동 301-53,FD6,음식점,"음식점 > 일식 > 돈까스,우동",260,21393229,02-798-9922,모모야 이촌동본점,http://place.map.kakao.com/21393229,서울 용산구 이촌로77길 19,126.97514735726085,37.52067252495559,이촌
서울 용산구 이촌동 301-44,FD6,음식점,음식점 > 분식,234,92199770,02-749-5777,한강손만두,http://place.map.kakao.com/92199770,서울 용산구 이촌로75길 16,126.974394002269,37.5205858677566,이촌
서울 용산구 용산동5가 24-1,FD6,음식점,"음식점 > 간식 > 제과,베이커리",56,27236977,,교토마블 이촌점,http://place.map.kakao.com/27236977,서울 용산구 서빙고로 69,126.97344292223917,37.52303007823914,이촌
서울 용산구 이촌동 301-18,FD6,음식점,음식점 > 분식 > 떡볶이,237,8056170,02-749-5507,스마일이촌떡볶이,http://place.map.kakao.com/8056170,서울 용산구 이촌로65가길 72,126.97505114007744,37.52086622029989,이촌
서울 용산구 한강로3가 65-292,FD6,음식점,음식점 > 퓨전요리,319,283989811,0507-1346-0869,까치집,http://place.map.kakao.com/283989811,서울 용산구 서빙고로 52-6,126.96982062327484,37.52317066560307,이촌
서울 용산구 이촌동 301-53,FD6,음식점,음식점 > 아시아음식 > 동남아음식 > 베트남음식,275,27277789,02-797-0707,르번미 동부이촌점,http://place.map.kakao.com/27277789,서울 용산구 이촌로77길 19,126.97511348625623,37.52047609917892,이촌
서울 용산구 이촌동 300-26,FD6,음식점,음식점 > 퓨전요리 > 퓨전중식,301,547946147,02-793-6888,아경면선 이촌점,http://place.map.kakao.com/547946147,서울 용산구 이촌로 248,126.973715546253,37.5198216681669,이촌
서울 용산구 이촌동 300-23,FD6,음식점,음식점 > 한식 > 국수 > 칼국수,275,16986991,02-792-8640,백령도바지락칼국수,http://place.map.kakao.com/16986991,서울 용산구 이촌로 248,126.97305258357835,37.52005037353878,이촌
서울 용산구 이촌동 301-53,FD6,음식점,음식점 > 양식 > 이탈리안,269,130738952,02-797-9135,르미야,http://place.map.kakao.com/130738952,서울 용산구 이촌로77길 19,126.97514173798669,37.5205617004101,이촌
서울 동작구 사당동 138-4,FD6,음식점,음식점 > 분식 > 떡볶이,206,10587024,02-595-1629,애플하우스 이수,http://place.map.kakao.com/10587024,서울 동작구 동작대로27다길 29,126.98057475807556,37.4862749512195,총신대입구
서울 동작구 사당동 91-3,FD6,음식점,음식점 > 한식 > 냉면,211,12045926,02-3478-0105,유정우함흥냉면,http://place.map.kakao.com/12045926,서울 동작구 동작대로29다길 7-1,126.980329923961,37.4885832932946,총신대입구
서울 동작구 사당동 139-66,FD6,음식점,음식점 > 양식 > 피자,83,11080855,02-591-0282,리틀크레이지피자 이수점,http://place.map.kakao.com/11080855,서울 동작구 동작대로27길 9,126.98137046572143,37.487473420166076,총신대입구
서울 동작구 사당동 86-9,FD6,음식점,"음식점 > 술집 > 호프,요리주점",96,1190793153,,신사펍 이수점,http://place.map.kakao.com/1190793153,서울 동작구 동작대로 129,126.98188586374513,37.48832044779743,총신대입구
서울 동작구 사당동 1006-5,FD6,음식점,"음식점 > 일식 > 초밥,롤",426,21656813,02-585-1015,스시로로,http://place.map.kakao.com/21656813,서울 동작구 동작대로23길 29,126.98011175350098,37.4840944339155,총신대입구
서울 동작구 사당동 1007-6,FD6,음식점,음식점 > 한식 > 쌈밥,400,17215280,02-521-8005,농부쌈밥,http://place.map.kakao.com/17215280,서울 동작구 사당로30길 19,126.981086390645,37.484049543529,총신대입구
서울 동작구 사당동 1007-50,FD6,음식점,음식점 > 한식 > 순대,524,1013762686,02-588-0885,청와옥 사당직영점,http://place.map.kakao.com/1013762686,서울 동작구 동작대로 71,126.9816384504983,37.48282425885481,총신대입구
서울 동작구 사당동 1008-10,FD6,음식점,음식점 > 술집 > 일본식주점,616,251321963,070-7808-0809,호요,http://place.map.kakao.com/251321963,서울 동작구 동작대로13길 6-7,126.981127597365,37.4820493107938,총신대입구
서울 서초구 방배동 815-1,FD6,음식점,"음식점 > 간식 > 떡,한과",788,17004790,02-533-1530,구름떡,http://place.map.kakao.com/17004790,서울 서초구 방배로33길 21,126.98958560850245,37.49162807551667,총신대입구
서울 동작구 사당동 147-29,FD6,음식점,"음식점 > 양식 > 멕시칸,브라질",392,593382691,02-585-1120,올라아보 이수본점,http://place.map.kakao.com/593382691,서울 동작구 사당로 300,126.98028127760075,37.48437737900588,총신대입구
서울 서초구 방배동 455-20,FD6,음식점,음식점 > 양식,771,872818844,02-522-1276,남미플랜트랩,http://place.map.kakao.com/872818844,서울 서초구 방배천로4안길 55,126.98323088307993,37.480608013676644,총신대입구
서울 동작구 사당동 139-52,FD6,음식점,음식점 > 중식 > 양꼬치,157,26874375,010-7299-6697,호우양꼬치 이수점,http://place.map.kakao.com/26874375,서울 동작구 동작대로27다길 9,126.98058356807,37.4871849708903,총신대입구
서울 동작구 사당동 147-108,FD6,음식점,"음식점 > 한식 > 육류,고기 > 고기굽는방앗간",233,1207466997,02-534-0407,고기굽는방앗간 이수역점,http://place.map.kakao.com/1207466997,서울 동작구 동작대로27가길 41,126.98117984226171,37.48561551109969,총신대입구
서울 강서구 공항동 49-2,FD6,음식점,음식점 > 한식,260,8228599,02-2664-9748,공항칼국수,http://place.map.kakao.com/8228599,서울 강서구 공항대로 18-1,126.80915761051,37.5609721909822,송정
서울 강서구 방화동 621-19,FD6,음식점,음식점 > 중식 > 중국요리,391,7832476,02-2662-2322,도일처,http://place.map.kakao.com/7832476,서울 강서구 개화동로 567,126.8076803273957,37.561955482826185,송정
서울 강서구 공항동 1396,FD6,음식점,"음식점 > 한식 > 육류,고기",299,25045996,02-2664-5534,차돌집,http://place.map.kakao.com/25045996,서울 강서구 방화대로21길 85,126.8119045648074,37.564108458869434,송정
서울 강서구 공항동 52-11,FD6,음식점,"음식점 > 간식 > 제과,베이커리",226,11021562,02-2663-5558,김용기과자점,http://place.map.kakao.com/11021562,서울 강서구 송정로 65,126.8096995900429,37.56059014269096,송정
서울 강서구 방화동 619-52,FD6,음식점,음식점 > 한식 > 순대,294,11917386,02-2662-5861,첫번째순대국집,http://place.map.kakao.com/11917386,서울 강서구 방화동로 23,126.80963401703531,37.5632308544012,송정
서울 강서구 공항동 53-31,FD6,음식점,"음식점 > 한식 > 육류,고기",264,1823380138,02-2666-9010,우리도한번잘구워보세 공항동점,http://place.map.kakao.com/1823380138,서울 강서구 송정로 52,126.81042466993782,37.55941190582232,송정
서울 강서구 공항동 34-83,FD6,음식점,음식점 > 중식 > 양꼬치,55,26874594,02-6409-3456,장성양갈비 송정점,http://place.map.kakao.com/26874594,서울 강서구 공항대로 46,126.81234030824,37.5609592726945,송정
서울 강서구 공항동 49-2,FD6,음식점,"음식점 > 술집 > 호프,요리주점",263,16296153,,일번지호프,http://place.map.kakao.com/16296153,서울 강서구 공항대로 18-1,126.8091305022136,37.56095052326285,송정
서울 강서구 공항동 53-55,FD6,음식점,"음식점 > 한식 > 육류,고기",217,21531371,,연탄불생고기,http://place.map.kakao.com/21531371,서울 강서구 송정로6길 6,126.81055144410219,37.559853597208935,송정
서울 강서구 공항동 45-58,FD6,음식점,음식점 > 술집 > 실내포장마차,220,11169827,02-2064-0609,잔치잔치,http://place.map.kakao.com/11169827,서울 강서구 공항대로3길 27,126.81026444483133,37.562789480573805,송정
서울 강서구 마곡동 744,FD6,음식점,음식점 > 한식,726,15657241,02-2665-4596,원조수구레,http://place.map.kakao.com/15657241,서울 강서구 공항대로 103,126.82025076627984,37.56087607539389,송정
서울 강서구 공항동 53-34,FD6,음식점,"음식점 > 한식 > 육류,고기 > 닭요리",247,16622089,02-2666-0287,원조복순이민속촌,http://place.map.kakao.com/16622089,서울 강서구 송정로 54,126.81027685222242,37.55968196710753,송정
서울 강서구 방화동 247-10,FD6,음식점,"음식점 > 한식 > 육류,고기",719,2088745005,02-2662-3450,꾸이꾸이돼지촌쭈꾸미 본점,http://place.map.kakao.com/2088745005,서울 강서구 초원로 77,126.814151524209,37.5676682438589,송정
서울 강서구 공항동 25-4,FD6,음식점,음식점 > 분식,52,531636660,02-2663-3365,개성손만두 공항점,http://place.map.kakao.com/531636660,서울 강서구 공항대로7길 8,126.81243902017981,37.56176491951689,송정
서울 강서구 공항동 45-38,FD6,음식점,음식점 > 패스트푸드 > 맥도날드,212,7869636,02-6391-8700,맥도날드 송정역점,http://place.map.kakao.com/7869636,서울 강서구 공항대로 21,126.809676409986,37.5616938247956,송정
서울 강서구 화곡동 1067-21,FD6,음식점,"음식점 > 한식 > 육류,고기 > 족발,보쌈",377,198136066,02-2607-3126,만배아리랑보쌈 본점,http://place.map.kakao.com/198136066,서울 강서구 화곡로 131,126.83625535786678,37.54088279877212,화곡
서울 강서구 화곡동 98-154,FD6,음식점,"음식점 > 한식 > 육류,고기 > 족발,보쌈",328,2138580838,,화곡영양족발,http://place.map.kakao.com/2138580838,서울 강서구 초록마을로2길 48,126.84350225398775,37.54325864808638,화곡
서울 강서구 화곡동 98-235,FD6,음식점,"음식점 > 한식 > 해물,생선 > 굴,전복",265,11596719,02-2697-9433,굴사냥 화곡본동점,http://place.map.kakao.com/11596719,서울 강서구 화곡로 194-52,126.843277838555,37.5423537477596,화곡
서울 강서구 화곡동 98-238,FD6,음식점,"음식점 > 한식 > 육류,고기 > 갈비",306,20942557,,원조동글갈비,http://place.map.kakao.com/20942557,서울 강서구 화곡로 194-15,126.843630236555,37.5426605545058,화곡
서울 강서구 화곡동 1032-25,FD6,음식점,"음식점 > 일식 > 돈까스,우동",339,20540187,02-2601-0636,김희라 한국식왕돈까스,http://place.map.kakao.com/20540187,서울 강서구 강서로 201,126.837888441373,37.5438745656812,화곡
서울 강서구 화곡동 98-59,FD6,음식점,"음식점 > 술집 > 호프,요리주점",263,10975275,02-2695-0667,헤라클레스,http://place.map.kakao.com/10975275,서울 강서구 화곡로 194-48,126.843018980404,37.5427678633431,화곡
서울 강서구 화곡동 1047-5,FD6,음식점,"음식점 > 한식 > 육류,고기 > 삼겹살",360,27380676,02-2602-5452,피그백 화곡본점,http://place.map.kakao.com/27380676,서울 강서구 화곡로21길 35,126.83649305190998,37.542402212108996,화곡
서울 강서구 화곡동 1077-2,FD6,음식점,음식점 > 아시아음식 > 동남아음식 > 베트남음식,144,19034681,02-2691-2690,틸란,http://place.map.kakao.com/19034681,서울 강서구 강서로31길 7,126.840896843957,37.5403395341995,화곡
서울 강서구 화곡동 1050-37,FD6,음식점,"음식점 > 일식 > 초밥,롤",186,1075845976,02-2699-0020,이현우스시,http://place.map.kakao.com/1075845976,서울 강서구 강서로33길 26,126.83835004799,37.5418101096059,화곡
서울 강서구 화곡동 1033-12,FD6,음식점,"음식점 > 간식 > 제과,베이커리",318,2018547890,02-2607-1454,소심당,http://place.map.kakao.com/2018547890,서울 강서구 화곡로23길 32,126.837265852466,37.5429402748347,화곡
서울 강서구 화곡동 1070-44,FD6,음식점,음식점 > 중식 > 중국요리,523,26453554,02-2699-7275,베이징 화곡본점,http://place.map.kakao.com/26453554,서울 강서구 화곡로 118,126.834882645113,37.5399420464229,화곡
서울 강서구 화곡동 1076-16,FD6,음식점,음식점 > 중식,97,120861781,02-6958-6442,추천해꼬막짬뽕,http://place.map.kakao.com/120861781,서울 강서구 강서로 158,126.84135009794988,37.54109968615824,화곡
서울 강서구 화곡동 1068-23,FD6,음식점,음식점 > 중식 > 양꼬치,488,393030552,02-2699-0777,명품양꼬치,http://place.map.kakao.com/393030552,서울 강서구 화곡로 119,126.835103314814,37.5404433102156,화곡
서울 강서구 화곡동 1052,FD6,음식점,"음식점 > 한식 > 해물,생선",205,27314733,02-2668-3359,신고집해물찜 화곡점,http://place.map.kakao.com/27314733,서울 강서구 강서로 188,126.83922972996206,37.543164610586494,화곡
서울 강서구 화곡동 105-78,FD6,음식점,음식점 > 퓨전요리 > 퓨전일식,193,385547911,02-2602-1887,묵자식당,http://place.map.kakao.com/385547911,서울 강서구 까치산로 16-1,126.842627841506,37.5415131523978,화곡
서울 양천구 신정동 899-5,FD6,음식점,음식점 > 한식 > 순대,205,1897887901,02-2696-0304,목동만복순대국 본점,http://place.map.kakao.com/1897887901,서울 양천구 목동로 219,126.86373063589744,37.52788293065932,목동
서울 양천구 신정동 949-3,FD6,음식점,"음식점 > 한식 > 육류,고기 > 곱창,막창",723,434336470,02-2601-8892,대박곱창 본사직영점,http://place.map.kakao.com/434336470,서울 양천구 오목로 170,126.8562573221702,37.52485121176028,목동
서울 양천구 신정동 902-3,FD6,음식점,"음식점 > 한식 > 육류,고기",199,1778856087,02-2602-3378,정진식당,http://place.map.kakao.com/1778856087,서울 양천구 신정중앙로 94,126.862045767125,37.5262240331901,목동
서울 양천구 신정동 987-1,FD6,음식점,"음식점 > 간식 > 제과,베이커리",465,1343464460,,카멜리온,http://place.map.kakao.com/1343464460,서울 양천구 오목로 196,126.85919371566328,37.52505567241158,목동
서울 양천구 신정동 905-1,FD6,음식점,"음식점 > 한식 > 육류,고기 > 갈비",465,7815105,02-2605-1667,대가,http://place.map.kakao.com/7815105,서울 양천구 신정중앙로 66,126.859067469778,37.5266169573704,목동
서울 강서구 화곡동 782-11,FD6,음식점,"음식점 > 한식 > 육류,고기",529,13561654,,조연탄,http://place.map.kakao.com/13561654,서울 강서구 곰달래로60길 33,126.86328638292663,37.53078814535968,목동
서울 양천구 신정동 904-6,FD6,음식점,"음식점 > 한식 > 해물,생선 > 회",303,16938298,02-2608-6755,옛날마차,http://place.map.kakao.com/16938298,서울 양천구 신정중앙로 84,126.86090038774871,37.52650019818012,목동
서울 양천구 신정동 997-9,FD6,음식점,음식점 > 중식 > 중국요리,243,186980356,02-2608-3100,금석궁,http://place.map.kakao.com/186980356,서울 양천구 오목로48길 19,126.863208128826,37.524077397356,목동
서울 양천구 신정동 888-36,FD6,음식점,음식점 > 샤브샤브,130,1619785902,070-7576-3749,대홍훠궈샤브샤브 목동점,http://place.map.kakao.com/1619785902,서울 양천구 신정중앙로 99,126.862923093222,37.5265277911907,목동
서울 양천구 목동 405-285,FD6,음식점,음식점 > 중식,875,647318999,02-2652-7576,락희안 목동직영점,http://place.map.kakao.com/647318999,서울 양천구 오목로 330,126.87397598352673,37.52443265962487,목동
서울 양천구 신정동 994-8,FD6,음식점,"음식점 > 한식 > 해물,생선 > 회",65,27533447,02-2691-0711,대포항,http://place.map.kakao.com/27533447,서울 양천구 오목로50길 1,126.86371986266009,37.525720514950414,목동
서울 양천구 신정동 991-7,FD6,음식점,음식점 > 중식 > 중국요리,150,3301473,02-2608-5567,북경대반점,http://place.map.kakao.com/3301473,서울 양천구 오목로48길 2,126.862780241684,37.5254608395547,목동
서울 양천구 신정동 888-36,FD6,음식점,음식점 > 일식 > 참치회,132,1126634124,010-4622-7532,김선장참치,http://place.map.kakao.com/1126634124,서울 양천구 신정중앙로 99,126.862891463182,37.5265025264359,목동
서울 양천구 신정동 992-6,FD6,음식점,음식점 > 한식,107,16906132,02-2695-4554,옥천집,http://place.map.kakao.com/16906132,서울 양천구 목동로21길 4,126.863318631004,37.5255155239472,목동
서울 강서구 화곡동 781-12,FD6,음식점,"음식점 > 한식 > 육류,고기",660,16930822,02-2643-8139,원조소금구이,http://place.map.kakao.com/16930822,서울 강서구 곰달래로60길 5,126.86322990441089,37.53197830184136,목동
서울 영등포구 양평동2가 33-42,FD6,음식점,"음식점 > 한식 > 육류,고기",135,9380365,02-3667-1392,장군집 양평동본점,http://place.map.kakao.com/9380365,서울 영등포구 선유서로 97,126.88578298824,37.5244329550013,양평
서울 영등포구 문래동6가 29,FD6,음식점,"음식점 > 한식 > 해물,생선",491,7856341,02-3667-5989,라메흐꺄도,http://place.map.kakao.com/7856341,서울 영등포구 선유로17길 24,126.88706499841564,37.521240135114375,양평
서울 영등포구 양평동2가 29-23,FD6,음식점,음식점 > 뷔페,271,8067878,02-579-2114,플로렌스 오목교점,http://place.map.kakao.com/8067878,서울 영등포구 영등포로 33,126.88522249819235,37.52329174309148,양평
서울 영등포구 양평동2가 37-2,FD6,음식점,음식점 > 샤브샤브,298,1202670025,02-2632-5350,소담촌 오목교점,http://place.map.kakao.com/1202670025,서울 영등포구 영등포로 21,126.8840648856135,37.52351586296531,양평
서울 영등포구 양평동2가 33-75,FD6,음식점,음식점 > 양식 > 피자,118,151683654,010-9176-0406,프레고피자,http://place.map.kakao.com/151683654,서울 영등포구 영등포로5길 46,126.8849412659319,37.52520970259139,양평
서울 영등포구 문래동6가 29,FD6,음식점,음식점 > 양식,496,1513634250,02-2638-0367,쁘띠문래,http://place.map.kakao.com/1513634250,서울 영등포구 선유로17길 24,126.88704583432286,37.52119596767632,양평
서울 영등포구 양평동2가 35-6,FD6,음식점,"음식점 > 간식 > 제과,베이커리",120,1812203338,070-7779-8888,아쥬드블레,http://place.map.kakao.com/1812203338,서울 영등포구 양산로 16,126.8848127919135,37.52562584018323,양평
서울 영등포구 양평동1가 136,FD6,음식점,"음식점 > 간식 > 제과,베이커리",415,1569131335,070-8228-7603,크루통,http://place.map.kakao.com/1569131335,서울 영등포구 선유로23길 4,126.88965952315117,37.52310586023478,양평
서울 영등포구 양평동1가 9-37,FD6,음식점,"음식점 > 한식 > 육류,고기 > 삼겹살",578,1143564293,070-4833-6377,문래그집,http://place.map.kakao.com/1143564293,서울 영등포구 선유로22길 3,126.890357435415,37.521604539393,양평
서울 영등포구 양평동3가 24,FD6,음식점,음식점 > 한식 > 국수 > 칼국수,30,27322857,02-2632-9029,명가들깨칼국수 양평점,http://place.map.kakao.com/27322857,서울 영등포구 선유서로 115,126.88617898609846,37.52588575222146,양평
서울 영등포구 양평동1가 116-24,FD6,음식점,음식점 > 한식 > 국밥,390,272362163,02-2633-5900,고성소머리국밥,http://place.map.kakao.com/272362163,서울 영등포구 선유로 119,126.8904140749859,37.52464457324631,양평
서울 영등포구 양평동1가 222-17,FD6,음식점,음식점 > 분식,214,1120814453,02-2635-3425,김밥예쁘게드세요,http://place.map.kakao.com/1120814453,서울 영등포구 영등포로11길 26,126.88841141210365,37.52485893852674,양평
서울 영등포구 영등포동3가 23-11,FD6,음식점,"음식점 > 한식 > 육류,고기 > 갈비",598,12004662,02-2636-9462,부일숯불갈비,http://place.map.kakao.com/12004662,서울 영등포구 영중로6길 23-8,126.90863540904311,37.51814582607549,영등포시장
서울 영등포구 영등포동3가 7-32,FD6,음식점,음식점 > 한식 > 냉면,445,10643743,02-2678-2722,함흥냉면,http://place.map.kakao.com/10643743,서울 영등포구 영등포로42길 6,126.906790582264,37.5189660993437,영등포시장
서울 영등포구 영등포동4가 68-5,FD6,음식점,음식점 > 한식 > 국밥,328,1808171777,02-2678-0117,3일한우국밥,http://place.map.kakao.com/1808171777,서울 영등포구 영등포로 204,126.90405189254321,37.519926177339606,영등포시장
서울 영등포구 영등포동3가 21-3,FD6,음식점,"음식점 > 한식 > 육류,고기",614,2039301214,070-4086-0905,승남집,http://place.map.kakao.com/2039301214,서울 영등포구 영중로4길 9-4,126.90753889816793,37.51755932078675,영등포시장
서울 영등포구 영등포동2가 34-2,FD6,음식점,음식점 > 중식 > 중국요리,386,7838958,02-2634-0439,동순각,http://place.map.kakao.com/7838958,서울 영등포구 영등포로47길 15,126.90869786831598,37.520729950561595,영등포시장
서울 영등포구 영등포동2가 221-1,FD6,음식점,음식점 > 한식 > 설렁탕,632,12048202,02-2633-5052,대한옥,http://place.map.kakao.com/12048202,서울 영등포구 영등포로51길 6,126.910884990204,37.5193620967929,영등포시장
서울 영등포구 영등포동6가 95-9,FD6,음식점,"음식점 > 한식 > 육류,고기 > 오리",391,2118255040,02-2633-5292,윤달오리전문점,http://place.map.kakao.com/2118255040,서울 영등포구 영등포로 181-2,126.90159625229657,37.52064495910085,영등포시장
서울 영등포구 영등포동5가 42-10,FD6,음식점,음식점 > 한식,198,1575218247,02-2602-6476,선비네,http://place.map.kakao.com/1575218247,서울 영등포구 영중로20길 4,126.90593388496852,37.52108097461488,영등포시장
서울 영등포구 영등포동6가 1-15,FD6,음식점,음식점 > 한식 > 감자탕,274,147462961,02-2677-4544,일미집 영등포점,http://place.map.kakao.com/147462961,서울 영등포구 영중로 43,126.90436241120919,37.52036521750652,영등포시장
서울 영등포구 영등포동3가 15-1,FD6,음식점,"음식점 > 한식 > 해물,생선",524,12354234,02-2678-8934,여로집 본관,http://place.map.kakao.com/12354234,서울 영등포구 영중로10길 26,126.908180003634,37.5186968867654,영등포시장
서울 영등포구 영등포동4가 442,FD6,음식점,"음식점 > 간식 > 제과,베이커리",654,26089360,02-2636-3801,오월의종 타임스퀘어점,http://place.map.kakao.com/26089360,서울 영등포구 영중로 15,126.90438381358942,37.516890066449676,영등포시장
서울 영등포구 영등포동5가 24,FD6,음식점,음식점 > 한식,228,1152149089,02-2675-9693,우정식당,http://place.map.kakao.com/1152149089,서울 영등포구 영등포로37길 4,126.90571711159485,37.52074743079884,영등포시장
서울 영등포구 영등포동5가 55,FD6,음식점,"음식점 > 일식 > 돈까스,우동",101,27322533,02-2634-8714,희락돈까스,http://place.map.kakao.com/27322533,서울 영등포구 양산로 210,126.9062093629142,37.52241467737077,영등포시장
서울 영등포구 여의도동 36-2,FD6,음식점,음식점 > 한식 > 국수,257,8094563,02-780-6108,진주집,http://place.map.kakao.com/8094563,서울 영등포구 국제금융로6길 33,126.9269500559961,37.52059128119736,여의도
서울 영등포구 여의도동 43-3,FD6,음식점,음식점 > 한식,627,20746242,0507-1399-0438,가양칼국수,http://place.map.kakao.com/20746242,서울 영등포구 국제금융로 78,126.93136936451896,37.52093631287084,여의도
서울 영등포구 여의도동 36-2,FD6,음식점,"음식점 > 한식 > 해물,생선",248,21332962,02-761-8188,별미볶음점 본점,http://place.map.kakao.com/21332962,서울 영등포구 국제금융로6길 33,126.926928404924,37.5207534483037,여의도
서울 영등포구 여의도동 25-2,FD6,음식점,음식점 > 일식,304,1041840511,02-786-0901,온미동,http://place.map.kakao.com/1041840511,서울 영등포구 여의나루로 67-8,126.9262126735617,37.52387047204019,여의도
서울 영등포구 여의도동 44-14,FD6,음식점,음식점 > 한식 > 순대,668,21423297,02-780-8191,화목순대국,http://place.map.kakao.com/21423297,서울 영등포구 여의대방로 383,126.93129172468807,37.51925139233756,여의도
서울 영등포구 여의도동 35-5,FD6,음식점,"음식점 > 일식 > 초밥,롤",59,1247032398,,아루히 니와,http://place.map.kakao.com/1247032398,서울 영등포구 여의나루로 42,126.924972958655,37.5214694204797,여의도
서울 영등포구 여의도동 36-4,FD6,음식점,음식점 > 한식,297,21534557,02-780-7867,진진만두 여의도점,http://place.map.kakao.com/21534557,서울 영등포구 국제금융로8길 34,126.92723206929043,37.52023826217958,여의도
서울 영등포구 여의도동 25,FD6,음식점,음식점 > 일식 > 일식집,311,371810654,02-782-9072,진가와 여의도점,http://place.map.kakao.com/371810654,서울 영등포구 국제금융로2길 17,126.92602925005,37.5240325377186,여의도
서울 영등포구 여의도동 37,FD6,음식점,"음식점 > 간식 > 제과,베이커리",62,17079438,02-761-1966,폴앤폴리나 여의도점,http://place.map.kakao.com/17079438,서울 영등포구 의사당대로 108,126.924027672345,37.5210615630135,여의도
서울 영등포구 여의도동 36,FD6,음식점,음식점 > 한식,278,1280094557,010-8174-5667,능동미나리 여의도점,http://place.map.kakao.com/1280094557,서울 영등포구 의사당대로 127,126.92661140899145,37.51986125895509,여의도
서울 영등포구 여의도동 44-24,FD6,음식점,음식점 > 한식,482,1732212585,02-780-9282,고방채 동여의도본점,http://place.map.kakao.com/1732212585,서울 영등포구 여의대방로65길 20,126.92950128165613,37.52021441036149,여의도
서울 영등포구 여의도동 36-2,FD6,음식점,"음식점 > 한식 > 육류,고기",245,8086602,02-783-4557,창고43 본점,http://place.map.kakao.com/8086602,서울 영등포구 국제금융로6길 33,126.92691026603934,37.52079398220432,여의도
서울 영등포구 여의도동 23-10,FD6,음식점,음식점 > 한식 > 한정식,306,2028507412,02-784-1020,진진수라 여의도점,http://place.map.kakao.com/2028507412,서울 영등포구 국제금융로2길 24,126.924840024112,37.5243047905812,여의도
서울 영등포구 여의도동 35-5,FD6,음식점,음식점 > 양식,59,2028849116,02-782-0616,르뵈프,http://place.map.kakao.com/2028849116,서울 영등포구 여의나루로 42,126.924970695315,37.5214703200378,여의도
서울 영등포구 여의도동 28-1,FD6,음식점,"음식점 > 한식 > 육류,고기",394,1139279291,02-780-9554,고우가 여의도점,http://place.map.kakao.com/1139279291,서울 영등포구 여의대로 24,126.919916776783,37.5221805954256,여의도
서울 마포구 용강동 40-1,FD6,음식점,"음식점 > 한식 > 육류,고기",194,20526340,02-712-7462,원조조박집 본관,http://place.map.kakao.com/20526340,서울 마포구 토정로 313-1,126.94386630483366,37.539972062009305,마포
서울 마포구 용강동 51-3,FD6,음식점,음식점 > 일식,228,1579165724,02-711-1378,마루심 마포점,http://place.map.kakao.com/1579165724,서울 마포구 토정로 316,126.943466110614,37.5394997471332,마포
서울 마포구 도화동 201-39,FD6,음식점,음식점 > 한식 > 한정식,148,7873176,02-711-5959,마포나루 도화본점,http://place.map.kakao.com/7873176,서울 마포구 삼개로 11,126.94766290958223,37.539365630712865,마포
서울 마포구 염리동 147-6,FD6,음식점,음식점 > 한식 > 냉면,863,25048467,02-717-1922,을밀대 본점,http://place.map.kakao.com/25048467,서울 마포구 숭문길 24,126.945528667601,37.5474871749408,마포
서울 마포구 도화동 345-4,FD6,음식점,음식점 > 분식 > 떡볶이,252,7865809,02-719-2005,마포원조떡볶이,http://place.map.kakao.com/7865809,서울 마포구 도화2길 3,126.94878807971321,37.54033469896396,마포
서울 마포구 도화동 181-39,FD6,음식점,음식점 > 한식 > 설렁탕,470,26973107,02-716-8616,마포양지설렁탕 도화점,http://place.map.kakao.com/26973107,서울 마포구 새창로 6,126.95050684717809,37.542029311349644,마포
서울 마포구 용강동 50-13,FD6,음식점,음식점 > 한식 > 설렁탕,239,10344284,02-716-6661,마포옥,http://place.map.kakao.com/10344284,서울 마포구 토정로 312,126.94333796293756,37.53988170968319,마포
서울 마포구 도화동 173,FD6,음식점,음식점 > 중식 > 중국요리,324,18767256,02-703-3700,복성각 마포본점,http://place.map.kakao.com/18767256,서울 마포구 마포대로 63-8,126.94789286800444,37.54223541673393,마포
서울 마포구 공덕동 478,FD6,음식점,음식점 > 한식,573,26843634,02-719-9797,락희옥 마포본점,http://place.map.kakao.com/26843634,서울 마포구 백범로 170,126.94915882101739,37.5442451972782,마포
서울 마포구 도화동 251-1,FD6,음식점,음식점 > 양식,154,861569275,02-711-2518,수퍼 마포점,http://place.map.kakao.com/861569275,서울 마포구 삼개로 20,126.94721645054943,37.53868517696238,마포
서울 마포구 도화동 25-13,FD6,음식점,음식점 > 중식 > 중국요리,585,1821978316,02-2197-1881,몽중헌 공덕점,http://place.map.kakao.com/1821978316,서울 마포구 마포대로 92,126.951293801463,37.5429378460993,마포
서울 마포구 용강동 50-3,FD6,음식점,"음식점 > 한식 > 육류,고기 > 갈비",282,17060534,02-715-2292,봉피양 마포점,http://place.map.kakao.com/17060534,서울 마포구 토정로 308,126.94289083716951,37.54012296227281,마포
서울 마포구 용강동 51-5,FD6,음식점,"음식점 > 한식 > 육류,고기",210,162078159,02-704-0770,모연,http://place.map.kakao.com/162078159,서울 마포구 토정로 318,126.94369703185356,37.539371014453955,마포
서울 마포구 도화동 343-1,FD6,음식점,음식점 > 중식 > 중국요리,237,8081930,02-712-0985,외백,http://place.map.kakao.com/8081930,서울 마포구 도화2길 4,126.948638763123,37.540273366124,마포
서울 마포구 도화동 204-1,FD6,음식점,음식점 > 술집 > 일본식주점,213,1525886780,,기노,http://place.map.kakao.com/1525886780,서울 마포구 삼개로3길 6-1,126.947992714479,37.5385864113682,마포
서울 중구 정동 11-5,FD6,음식점,음식점 > 한식,521,10325577,02-755-0180,덕수정,http://place.map.kakao.com/10325577,서울 중구 정동길 41,126.972540313337,37.565884101522,서대문
서울 서대문구 충정로2가 2-2,FD6,음식점,음식점 > 중식 > 중국요리,122,1264328991,02-313-5887,복성각 서대문점,http://place.map.kakao.com/1264328991,서울 서대문구 통일로 135,126.965472542959,37.5664048237433,서대문
서울 종로구 평동 164,FD6,음식점,음식점 > 한식 > 국수 > 칼국수,120,337902649,02-723-1260,봉평옹심이막국수,http://place.map.kakao.com/337902649,서울 종로구 새문안로 9,126.96727776209246,37.566771142217924,서대문
서울 중구 태평로1가 84,FD6,음식점,음식점 > 양식,278,444516464,02-6273-0100,디라이프 스타일키친 광화문점,http://place.map.kakao.com/444516464,서울 중구 세종대로 136,126.97826128583668,37.56842610180289,광화문
서울 종로구 신문로1가 1-1,FD6,음식점,음식점 > 양식 > 이탈리안,34,12651951,,스파게티가있는풍경 광화문역점,http://place.map.kakao.com/12651951,서울 종로구 새문안로 103-1,126.976188071776,37.5704691596036,광화문
서울 종로구 당주동 22-1,FD6,음식점,음식점 > 양식 > 이탈리안,104,18306071,02-722-4675,뽐모도로,http://place.map.kakao.com/18306071,서울 종로구 새문안로9길 19-1,126.97565130415768,37.571139390601765,광화문
서울 광진구 군자동 467-16,FD6,음식점,"음식점 > 한식 > 육류,고기 > 오리",299,8476706,02-463-5222,영미오리탕 군자점,http://place.map.kakao.com/8476706,서울 광진구 동일로60길 53,127.07624489168452,37.55767441920997,군자
서울 광진구 능동 225-1,FD6,음식점,"음식점 > 일식 > 초밥,롤",220,861945610,02-3437-2225,이이요,http://place.map.kakao.com/861945610,서울 광진구 능동로32길 6,127.07890418373962,37.555185919524014,군자
서울 광진구 능동 282-3,FD6,음식점,음식점 > 분식,283,1663319716,02-455-3486,이화만두,http://place.map.kakao.com/1663319716,서울 광진구 능동로 278-1,127.07847361670001,37.55469966782128,군자
서울 광진구 능동 255-4,FD6,음식점,"음식점 > 양식 > 멕시칸,브라질",806,1130537615,070-7623-1707,멕시칼리,http://place.map.kakao.com/1130537615,서울 광진구 천호대로 634,127.08755779246583,37.5535985688054,군자
서울 광진구 능동 279-2,FD6,음식점,"음식점 > 한식 > 육류,고기 > 곱창,막창",89,14697504,,대명소곱창,http://place.map.kakao.com/14697504,서울 광진구 능동로 298,127.07940106433347,37.556301021180154,군자
서울 광진구 군자동 473-16,FD6,음식점,"음식점 > 한식 > 육류,고기 > 오리",126,12752579,010-4050-5438,군자오리촌,http://place.map.kakao.com/12752579,서울 광진구 능동로35길 18-1,127.07812644040459,37.55711907594827,군자
서울 광진구 능동 220-4,FD6,음식점,음식점 > 한식 > 순대,104,1026067447,02-446-1922,청와옥 군자역직영점,http://place.map.kakao.com/1026067447,서울 광진구 천호대로 562,127.0804560593074,37.5564940214139,군자
서울 광진구 중곡동 648-14,FD6,음식점,"음식점 > 한식 > 해물,생선",112,17184149,02-461-3133,힘찬갯벌낙지,http://place.map.kakao.com/17184149,서울 광진구 능동로37길 6,127.07959539213549,37.5581163995896,군자
서울 광진구 중곡동 141-12,FD6,음식점,"음식점 > 한식 > 해물,생선 > 회",315,26902018,02-456-3488,소랑도,http://place.map.kakao.com/26902018,서울 광진구 천호대로111길 41,127.08279850057669,37.558287188218344,군자
서울 광진구 중곡동 138-19,FD6,음식점,"음식점 > 한식 > 육류,고기 > 닭요리",339,17662659,02-457-7270,장원닭한마리,http://place.map.kakao.com/17662659,서울 광진구 천호대로111길 46,127.08309504072663,37.55830049485199,군자
서울 광진구 능동 221-2,FD6,음식점,"음식점 > 한식 > 육류,고기 > 곱창,막창",103,27229388,02-456-5207,군자대한곱창 본점,http://place.map.kakao.com/27229388,서울 광진구 능동로36길 10,127.07968386445,37.5561728890469,군자
서울 광진구 중곡동 241-7,FD6,음식점,"음식점 > 한식 > 해물,생선 > 회",715,21537309,02-467-8822,백일도,http://place.map.kakao.com/21537309,서울 광진구 능동로47길 37,127.080601674618,37.5634955675971,군자
서울 광진구 중곡동 341-26,FD6,음식점,음식점 > 일식,173,499409035,02-6080-5856,텐동한,http://place.map.kakao.com/499409035,서울 광진구 능동로38길 32,127.08152286014605,37.5571302946763,군자
서울 광진구 중곡동 648-9,FD6,음식점,"음식점 > 한식 > 해물,생선 > 장어",131,22986610,02-454-7661,우리맛금일푸른바다,http://place.map.kakao.com/22986610,서울 광진구 능동로37길 14,127.079183570781,37.5582527270503,군자
서울 광진구 군자동 51-24,FD6,음식점,"음식점 > 술집 > 호프,요리주점",327,1785160279,,노을집,http://place.map.kakao.com/1785160279,서울 광진구 군자로 159,127.076635164771,37.5552820187617,군자
서울 광진구 광장동 325-1,FD6,음식점,음식점 > 중식 > 중국요리,473,20741903,02-447-8888,장순루,http://place.map.kakao.com/20741903,서울 광진구 아차산로76길 11,127.1077798618308,37.547839781543885,광나루
서울 광진구 광장동 257-3,FD6,음식점,음식점 > 중식,198,24406902,010-3627-7041,범가,http://place.map.kakao.com/24406902,서울 광진구 광장로 58-1,127.10363256812067,37.54708485349314,광나루
서울 광진구 광장동 245-3,FD6,음식점,음식점 > 퓨전요리,108,1361131792,02-446-7944,오늘,http://place.map.kakao.com/1361131792,서울 광진구 아차산로73길 29,127.10324101860972,37.546254475765465,광나루
서울 광진구 광장동 393-21,FD6,음식점,"음식점 > 한식 > 해물,생선",373,1320909178,02-453-1470,어울림,http://place.map.kakao.com/1320909178,서울 광진구 광장로1나길 10,127.10199247106137,37.54845309615863,광나루
서울 광진구 광장동 394-3,FD6,음식점,"음식점 > 한식 > 육류,고기 > 갈비",178,2136765288,02-456-6797,송도갈비 광장점,http://place.map.kakao.com/2136765288,서울 광진구 천호대로 793,127.10193414181,37.5463385030253,광나루
서울 광진구 광장동 339-7,FD6,음식점,"음식점 > 한식 > 육류,고기",473,2130915303,010-5083-8798,팔월잔칫날,http://place.map.kakao.com/2130915303,서울 광진구 아차산로76길 5,127.10761713961416,37.54800030767122,광나루
서울 광진구 광장동 258-39,FD6,음식점,음식점 > 한식 > 냉면,214,696513859,02-466-7224,태천면옥,http://place.map.kakao.com/696513859,서울 광진구 광장로 49,127.102682076505,37.5471271297866,광나루
서울 광진구 광장동 378-9,FD6,음식점,"음식점 > 한식 > 육류,고기 > 닭요리",397,17910282,02-452-1772,아차산닭한마리,http://place.map.kakao.com/17910282,서울 광진구 광장로1나길 13,127.101760694724,37.5486055648482,광나루
서울 광진구 광장동 240-1,FD6,음식점,음식점 > 한식 > 설렁탕 > 신선설농탕,79,12557611,02-446-9944,신선설농탕 광나루역점,http://place.map.kakao.com/12557611,서울 광진구 천호대로 813,127.10425862012333,37.5456562195333,광나루
서울 광진구 광장동 258-18,FD6,음식점,음식점 > 한식 > 국수,293,14589313,,다야,http://place.map.kakao.com/14589313,서울 광진구 광장로1길 20,127.102185001297,37.547736635976,광나루
서울 광진구 광장동 248-22,FD6,음식점,음식점 > 한식,176,20742790,02-453-2277,산울,http://place.map.kakao.com/20742790,서울 광진구 아차산로73길 48,127.1024890941104,37.546682204146634,광나루
서울 광진구 광장동 245-16,FD6,음식점,음식점 > 한식,110,15560140,02-455-1229,청사초롱,http://place.map.kakao.com/15560140,서울 광진구 천호대로141길 10-11,127.10293540803512,37.54619617765539,광나루
서울 광진구 구의동 202-6,FD6,음식점,음식점 > 중식,897,156027137,0507-1354-6688,메이탄,http://place.map.kakao.com/156027137,서울 광진구 광나루로 590,127.093916595901,37.5425771740993,광나루
서울 광진구 광장동 326-13,FD6,음식점,"음식점 > 한식 > 육류,고기 > 갈비",375,881132907,02-6326-6123,광장수제갈비,http://place.map.kakao.com/881132907,서울 광진구 아차산로 612,127.106801516497,37.547400082255,광나루
서울 광진구 광장동 258-40,FD6,음식점,음식점 > 한식 > 냉면,213,913933300,02-6083-2232,청학동냉면,http://place.map.kakao.com/913933300,서울 광진구 광장로 51,127.102817898921,37.547148635564,광나루
서울 은평구 응암동 113-35,FD6,음식점,음식점 > 일식 > 일본식라면,92,1203212068,02-6104-6353,옥토끼제면소,http://place.map.kakao.com/1203212068,서울 은평구 불광천길 536,126.91641910445303,37.59808804328285,응암
서울 은평구 응암동 119-1,FD6,음식점,"음식점 > 한식 > 육류,고기 > 갈비",407,255668875,02-352-5092,벙구갈비,http://place.map.kakao.com/255668875,서울 은평구 응암로 269,126.918833351851,37.5959886171266,응암
서울 은평구 신사동 21-20,FD6,음식점,"음식점 > 한식 > 해물,생선",220,1239271790,02-376-3588,보들이쭈꾸미,http://place.map.kakao.com/1239271790,서울 은평구 은평로 46,126.9131123306331,37.59828387323884,응암
서울 은평구 역촌동 34-49,FD6,음식점,음식점 > 중식 > 중국요리,512,16044955,02-355-3678,장가구,http://place.map.kakao.com/16044955,서울 은평구 연서로4길 19,126.91814768885,37.60273205891305,응암
서울 은평구 응암동 117-9,FD6,음식점,음식점 > 한식 > 감자탕,392,8542243,02-389-4458,원조은평감자국,http://place.map.kakao.com/8542243,서울 은평구 응암로 287,126.91972649027316,37.59730647695262,응암
서울 은평구 신사동 23-6,FD6,음식점,"음식점 > 한식 > 육류,고기",24,455393443,02-307-4241,소비니식당정육점,http://place.map.kakao.com/455393443,서울 은평구 증산로 473-1,126.915339489953,37.5984918186971,응암
서울 은평구 역촌동 85-28,FD6,음식점,음식점 > 한식 > 국수,131,1696014904,02-387-9755,손수메밀우동손만두,http://place.map.kakao.com/1696014904,서울 은평구 연서로 5-2,126.915513563816,37.5997704492474,응암
서울 은평구 응암동 113-35,FD6,음식점,"음식점 > 일식 > 초밥,롤",90,1403576956,,스시온도,http://place.map.kakao.com/1403576956,서울 은평구 불광천길 536,126.916406624104,37.5981096582251,응암
서울 은평구 역촌동 85-46,FD6,음식점,음식점 > 일식 > 일본식라면,96,741956418,,맛스구라멘,http://place.map.kakao.com/741956418,서울 은평구 은평로3길 4,126.914866432736,37.5992402017266,응암
서울 은평구 신사동 29-177,FD6,음식점,"음식점 > 한식 > 육류,고기 > 갈비",375,676501973,02-306-5092,벙구갈비,http://place.map.kakao.com/676501973,서울 은평구 은평로 32,126.911407341253,37.5979654569827,응암
서울 은평구 응암동 110-9,FD6,음식점,음식점 > 아시아음식 > 동남아음식 > 태국음식,400,21062786,02-359-6409,아로이타이,http://place.map.kakao.com/21062786,서울 은평구 은평로 108,126.91989375455154,37.59972304799564,응암
서울 은평구 역촌동 42-62,FD6,음식점,"음식점 > 한식 > 육류,고기 > 족발,보쌈",386,18635224,0502-5552-7898,장충당 역촌점,http://place.map.kakao.com/18635224,서울 은평구 진흥로 33,126.919131800788,37.6006271229113,응암
서울 은평구 신사동 336-3,FD6,음식점,음식점 > 중식 > 중국요리,774,15097612,02-375-1688,마마수제만두,http://place.map.kakao.com/15097612,서울 은평구 증산로 397,126.913525217622,37.5918078508563,응암
서울 은평구 역촌동 85-50,FD6,음식점,음식점 > 분식,94,1687850249,02-305-8253,꾸울떡,http://place.map.kakao.com/1687850249,서울 은평구 은평로 65-2,126.91504752379191,37.59932142137878,응암
서울 은평구 신사동 23-7,FD6,음식점,음식점 > 중식,56,863711162,02-386-5178,니하오중국손만두,http://place.map.kakao.com/863711162,서울 은평구 증산로 469,126.91523002589123,37.598159274511175,응암
서울 은평구 대조동 185-30,FD6,음식점,"음식점 > 한식 > 해물,생선",69,25037411,02-355-3130,원조두꺼비집불오징어,http://place.map.kakao.com/25037411,서울 은평구 연서로28길 5,126.92100106119523,37.618100370960875,연신내
서울 은평구 대조동 197-2,FD6,음식점,"음식점 > 한식 > 육류,고기 > 족발,보쌈",99,7884924,02-355-1652,목노집,http://place.map.kakao.com/7884924,서울 은평구 연서로28길 10,126.92098101237967,37.61777960585332,연신내
서울 은평구 불광동 311-13,FD6,음식점,음식점 > 뷔페 > 해산물뷔페 > 쿠우쿠우,157,809678224,02-388-3690,쿠우쿠우 연신내점,http://place.map.kakao.com/809678224,서울 은평구 통일로 856,126.921684685346,37.6196721492204,연신내
서울 은평구 불광동 310-238,FD6,음식점,음식점 > 한식 > 국수 > 칼국수,180,27275040,02-354-5121,봉평 옹심이메밀칼국수,http://place.map.kakao.com/27275040,서울 은평구 연서로 247,126.922001797664,37.6197156066572,연신내
서울 은평구 대조동 185-43,FD6,음식점,"음식점 > 한식 > 육류,고기 > 족발,보쌈",50,21326439,02-388-7610,보들이족발,http://place.map.kakao.com/21326439,서울 은평구 연서로 230-10,126.920938557643,37.6182949424706,연신내
서울 은평구 갈현동 453-20,FD6,음식점,음식점 > 일식,230,1218043088,070-7379-6284,일로,http://place.map.kakao.com/1218043088,서울 은평구 연서로29길 21-3,126.91799267179873,37.61911823675793,연신내
서울 은평구 갈현동 454-15,FD6,음식점,"음식점 > 한식 > 육류,고기 > 갈비",182,2090617531,010-2797-6305,골목집갈비살 연신내본점,http://place.map.kakao.com/2090617531,서울 은평구 연서로27길 12-9,126.91846236789401,37.61842299971536,연신내
서울 은평구 갈현동 460-13,FD6,음식점,"음식점 > 한식 > 육류,고기",217,917788077,,다온상회,http://place.map.kakao.com/917788077,서울 은평구 연서로 205-2,126.91874457032227,37.61723208841246,연신내
서울 은평구 갈현동 406-2,FD6,음식점,음식점 > 중식 > 중국요리,392,947723112,02-352-6767,신간짬뽕,http://place.map.kakao.com/947723112,서울 은평구 통일로85길 7-1,126.918895818665,37.6218902983661,연신내
서울 은평구 갈현동 454-10,FD6,음식점,음식점 > 중식,175,969848058,010-9954-8375,미각,http://place.map.kakao.com/969848058,서울 은평구 연서로29길 11-6,126.91854803727303,37.61880327571286,연신내
서울 은평구 갈현동 431-4,FD6,음식점,"음식점 > 한식 > 육류,고기 > 곱창,막창",288,351954782,,형제곱창,http://place.map.kakao.com/351954782,서울 은평구 연서로29길 22-13,126.917733487707,37.6199613807386,연신내
서울 은평구 대조동 194-28,FD6,음식점,음식점 > 한식,309,10342053,02-386-8903,메밀마을,http://place.map.kakao.com/10342053,서울 은평구 연서로26길 23-1,126.92168857115432,37.61596728962113,연신내
서울 은평구 대조동 219-20,FD6,음식점,"음식점 > 한식 > 육류,고기 > 닭요리",342,1726622446,02-388-0045,강씨네닭발 본점,http://place.map.kakao.com/1726622446,서울 은평구 연서로 194,126.9187777953001,37.615843688679576,연신내
서울 은평구 불광동 311-12,FD6,음식점,음식점 > 중식 > 중국요리,189,911073002,070-7314-2333,중국소흘,http://place.map.kakao.com/911073002,서울 은평구 통일로80길 10,126.921831655936,37.619940740968,연신내
서울 은평구 갈현동 401-2,FD6,음식점,음식점 > 치킨,221,838438667,02-6338-4469,아웃닭 연신내점,http://place.map.kakao.com/838438667,서울 은평구 연서로29길 20-7,126.918413412796,37.6196879525814,연신내
서울 마포구 상암동 1493,FD6,음식점,"음식점 > 한식 > 육류,고기",141,26563357,02-302-9293,일미락 상암점,http://place.map.kakao.com/26563357,서울 마포구 성암로13길 40,126.89725513651453,37.57637341523888,디지털미디어시티
서울 마포구 상암동 1520,FD6,음식점,"음식점 > 한식 > 육류,고기",168,27124062,02-374-5701,한상가득왕솥뚜껑 상암본점,http://place.map.kakao.com/27124062,서울 마포구 월드컵북로42나길 20,126.89753105270431,37.575769088008265,디지털미디어시티
서울 은평구 증산동 223-28,FD6,음식점,음식점 > 중식,196,19293429,02-307-1687,아리산채,http://place.map.kakao.com/19293429,서울 은평구 수색로 217-1,126.899742739059,37.5785415435035,디지털미디어시티
서울 마포구 상암동 1615,FD6,음식점,음식점 > 뷔페 > 해산물뷔페,421,1254936407,02-303-6274,다이닝원 상암점,http://place.map.kakao.com/1254936407,서울 마포구 매봉산로 80,126.89427478699886,37.5785367729546,디지털미디어시티
서울 마포구 상암동 2-98,FD6,음식점,"음식점 > 한식 > 육류,고기 > 삼겹살",227,1855765076,02-3152-0588,몽미,http://place.map.kakao.com/1855765076,서울 마포구 월드컵북로48길 50,126.8962118337315,37.57768254780711,디지털미디어시티
서울 마포구 상암동 2-29,FD6,음식점,"음식점 > 일식 > 돈까스,우동",367,203032568,02-375-5057,옥자회관,http://place.map.kakao.com/203032568,서울 마포구 성암로 219-6,126.89516872681428,37.578825888180866,디지털미디어시티
서울 마포구 상암동 2-200,FD6,음식점,음식점 > 양식 > 이탈리안,232,747417275,02-304-6460,파스타공작소,http://place.map.kakao.com/747417275,서울 마포구 월드컵북로42가길 24,126.8970074707373,37.57536768995833,디지털미디어시티
서울 마포구 상암동 15-29,FD6,음식점,"음식점 > 한식 > 육류,고기 > 삼겹살",346,289696284,02-3152-8878,교대이층집 상암점,http://place.map.kakao.com/289696284,서울 마포구 월드컵북로48길 19,126.89471835373017,37.57707755938142,디지털미디어시티
서울 은평구 증산동 222-5,FD6,음식점,"음식점 > 양식 > 스테이크,립",324,1481830730,02-304-2287,스테이564 뉴욕스트립에디션 은평점,http://place.map.kakao.com/1481830730,서울 은평구 수색로 190,126.901678455997,37.5786512908751,디지털미디어시티
서울 마포구 상암동 1610,FD6,음식점,음식점 > 양식 > 햄버거,532,1652929268,02-304-6244,크라이치즈버거 상암점,http://place.map.kakao.com/1652929268,서울 마포구 매봉산로 75,126.892900559389,37.5784526427536,디지털미디어시티
서울 마포구 상암동 35-7,FD6,음식점,"음식점 > 한식 > 해물,생선 > 회",325,25810798,02-304-0123,도시의어부 상암점,http://place.map.kakao.com/25810798,서울 마포구 월드컵북로44길 39,126.895022575291,37.5764867782513,디지털미디어시티
서울 마포구 상암동 1497,FD6,음식점,"음식점 > 한식 > 해물,생선",172,788324388,010-6402-1497,상암해물,http://place.map.kakao.com/788324388,서울 마포구 월드컵북로42다길 28,126.89697462684994,37.57620017990017,디지털미디어시티
서울 마포구 상암동 20-9,FD6,음식점,"음식점 > 간식 > 제과,베이커리",230,20607141,02-307-9881,더브래드팬트리,http://place.map.kakao.com/20607141,서울 마포구 매봉산로2길 64,126.896086557107,37.5765922349262,디지털미디어시티
서울 마포구 상암동 4-2,FD6,음식점,"음식점 > 한식 > 육류,고기",360,1070023547,02-304-3181,늘푸른목장 상암점,http://place.map.kakao.com/1070023547,서울 마포구 매봉산로2길 15,126.89499715846358,37.57846353622043,디지털미디어시티
서울 마포구 상암동 42-20,FD6,음식점,"음식점 > 일식 > 초밥,롤",476,26562398,02-3152-0900,김영섭초밥,http://place.map.kakao.com/26562398,서울 마포구 월드컵북로 352-18,126.89331376767,37.5776601423885,디지털미디어시티
서울 마포구 성산동 446,FD6,음식점,"음식점 > 한식 > 육류,고기 > 갈비",360,16044741,02-306-2001,성산왕갈비,http://place.map.kakao.com/16044741,서울 마포구 월드컵북로 233,126.90313568011938,37.56973265061326,월드컵경기장
서울 마포구 성산동 200-38,FD6,음식점,음식점 > 중식,930,27268813,02-302-8186,당가원,http://place.map.kakao.com/27268813,서울 마포구 월드컵북로 173,126.90928842852023,37.56736792077386,월드컵경기장
서울 마포구 성산동 174-1,FD6,음식점,음식점 > 술집 > 실내포장마차,558,853148509,010-3190-7153,대박포차,http://place.map.kakao.com/853148509,서울 마포구 월드컵로36길 40,126.905059052591,37.567798875173,월드컵경기장
서울 마포구 성산동 590-5,FD6,음식점,"음식점 > 일식 > 초밥,롤",605,21547231,02-302-2121,스시린,http://place.map.kakao.com/21547231,서울 마포구 월드컵로34길 13,126.90351382884411,37.56528474564438,월드컵경기장
서울 마포구 성산동 200-316,FD6,음식점,"음식점 > 한식 > 해물,생선",886,16050290,02-306-3977,군산찜,http://place.map.kakao.com/16050290,서울 마포구 새터산길 2,126.90739883547,37.5649716072044,월드컵경기장
서울 서대문구 북가좌동 383-7,FD6,음식점,"음식점 > 간식 > 제과,베이커리",876,928524911,010-6263-4747,서호파이,http://place.map.kakao.com/928524911,서울 서대문구 수색로10길 10,126.905484018106,37.5754684843315,월드컵경기장
서울 마포구 성산동 590-4,FD6,음식점,"음식점 > 한식 > 육류,고기",554,120985155,02-304-8892,도야지,http://place.map.kakao.com/120985155,서울 마포구 모래내로1길 20,126.903205452482,37.5656746243921,월드컵경기장
서울 마포구 망원동 476-1,FD6,음식점,음식점 > 한식 > 해장국,343,16050121,02-333-0361,일등식당,http://place.map.kakao.com/16050121,서울 마포구 방울내로 82,126.904339369294,37.5605470785376,마포구청
서울 마포구 성산동 260-14,FD6,음식점,"음식점 > 한식 > 찌개,전골",420,11794517,02-323-0726,만나식당,http://place.map.kakao.com/11794517,서울 마포구 월드컵로 142,126.906381058369,37.5606243988198,마포구청
서울 마포구 망원동 482-3,FD6,음식점,"음식점 > 한식 > 육류,고기 > 곱창,막창",705,13292214,,청어람 망원점,http://place.map.kakao.com/13292214,서울 마포구 망원로 97,126.907469581002,37.558105169041376,마포구청
서울 마포구 성산동 649-5,FD6,음식점,"음식점 > 한식 > 해물,생선 > 회",814,15965312,02-322-3489,우리바다수산,http://place.map.kakao.com/15965312,서울 마포구 월드컵로 102,126.908947012046,37.5577215919444,마포구청
서울 마포구 망원동 57-38,FD6,음식점,음식점 > 패스트푸드 > 샌드위치,861,256064588,02-336-2617,소금집델리 망원,http://place.map.kakao.com/256064588,서울 마포구 월드컵로19길 14,126.9082362313625,37.55682364858841,마포구청
서울 마포구 망원동 415-31,FD6,음식점,음식점 > 일식,770,132500108,070-7740-0321,이치젠,http://place.map.kakao.com/132500108,서울 마포구 포은로 109,126.904548055636,37.5566585450825,마포구청
서울 마포구 망원동 400-1,FD6,음식점,"음식점 > 간식 > 제과,베이커리",974,828640256,02-338-2018,어글리베이커리,http://place.map.kakao.com/828640256,서울 마포구 월드컵로13길 73,126.90605533995198,37.555021740953606,마포구청
서울 마포구 망원동 414-26,FD6,음식점,음식점 > 한식 > 국수 > 칼국수,856,18856246,02-6012-7139,망원시장손칼국수,http://place.map.kakao.com/18856246,서울 마포구 망원로8길 29,126.90627231294036,37.55617969492439,마포구청
서울 마포구 망원동 404-42,FD6,음식점,"음식점 > 간식 > 제과,베이커리",957,1596111775,02-2291-6677,투떰즈업,http://place.map.kakao.com/1596111775,서울 마포구 희우정로16길 53,126.90483312213462,37.554984722268564,마포구청
서울 마포구 성산동 278-41,FD6,음식점,"음식점 > 한식 > 해물,생선",211,8997552,02-333-1032,목포낙지마을,http://place.map.kakao.com/8997552,서울 마포구 월드컵로32길 11,126.90534419340985,37.562512961527226,마포구청
서울 마포구 망원동 471-27,FD6,음식점,음식점 > 중식 > 중국요리,231,25068910,02-711-8887,초한초마,http://place.map.kakao.com/25068910,서울 마포구 방울내로9길 24,126.903378431641,37.5614472925164,마포구청
서울 마포구 망원동 481-5,FD6,음식점,음식점 > 한식 > 순대,655,16931682,02-334-9210,순대일번지,http://place.map.kakao.com/16931682,서울 마포구 월드컵로 117,126.90748815166,37.558646682726,마포구청
서울 마포구 망원동 453-43,FD6,음식점,음식점 > 중식 > 중국요리,998,16471669,02-335-0202,강동원,http://place.map.kakao.com/16471669,서울 마포구 망원로 3,126.897314917439,37.5559172623921,마포구청
서울 마포구 망원동 379-25,FD6,음식점,음식점 > 일식,92,1226420399,070-7773-9870,헤키,http://place.map.kakao.com/1226420399,서울 마포구 동교로9길 33,126.90978977413248,37.5552408925752,망원
서울 마포구 서교동 481-5,FD6,음식점,음식점 > 한식 > 국수 > 칼국수,381,2080551677,02-336-3454,평이담백뼈칼국수,http://place.map.kakao.com/2080551677,서울 마포구 양화로7길 84,126.91388768076033,37.55433394490104,망원
서울 마포구 서교동 465-1,FD6,음식점,"음식점 > 일식 > 돈까스,우동",554,1351221007,070-8801-2053,카와카츠 본점,http://place.map.kakao.com/1351221007,서울 마포구 동교로 126,126.916195926392,37.554741054656375,망원
서울 마포구 망원동 386-2,FD6,음식점,음식점 > 중식 > 중국요리,138,10119922,02-325-1580,가원 망원본점,http://place.map.kakao.com/10119922,서울 마포구 월드컵로 65,126.91082004486282,37.55490830617946,망원
서울 마포구 망원동 378-1,FD6,음식점,음식점 > 분식,59,547879736,02-323-2443,진성만두 망원본점,http://place.map.kakao.com/547879736,서울 마포구 월드컵로13길 9,126.909750878103,37.5555868458314,망원
서울 마포구 망원동 57-194,FD6,음식점,음식점 > 일식 > 일본식라면,337,291532086,010-4083-2666,희옥,http://place.map.kakao.com/291532086,서울 마포구 월드컵로19길 74,126.9069593083376,37.55433769867013,망원
서울 마포구 망원동 386-16,FD6,음식점,"음식점 > 술집 > 호프,요리주점",175,19452143,010-4422-5157,너랑나랑호프 망원점,http://place.map.kakao.com/19452143,서울 마포구 월드컵로 61,126.91107839162562,37.55464450877354,망원
서울 광진구 중곡동 31-9,FD6,음식점,"음식점 > 한식 > 육류,고기",274,634703620,02-444-4231,도톰 본점,http://place.map.kakao.com/634703620,서울 광진구 능동로 386,127.083250273491,37.5635477894696,중곡
서울 광진구 중곡동 244-3,FD6,음식점,"음식점 > 한식 > 육류,고기 > 곱창,막창",503,25405511,02-499-9849,대구참막창 중곡본점,http://place.map.kakao.com/25405511,서울 광진구 긴고랑로 34,127.0799672160505,37.56291575746224,중곡
서울 광진구 중곡동 229-16,FD6,음식점,음식점 > 분식,284,1410068376,,콩이네분식,http://place.map.kakao.com/1410068376,서울 광진구 긴고랑로9길 28,127.081472180831,37.5646356311474,중곡
서울 광진구 중곡동 165-2,FD6,음식점,음식점 > 중식 > 양꼬치,226,776504102,02-3437-5188,향미숯불양꼬치 중곡본점,http://place.map.kakao.com/776504102,서울 광진구 능동로 389,127.08302224471213,37.5640939536813,중곡
서울 광진구 중곡동 229-5,FD6,음식점,"음식점 > 한식 > 육류,고기 > 족발,보쌈",342,1100701184,02-467-9758,제일족발곱창,http://place.map.kakao.com/1100701184,서울 광진구 긴고랑로11길 11,127.081303874631,37.5639095443473,중곡
서울 광진구 중곡동 239-82,FD6,음식점,음식점 > 기사식당,556,22675925,02-467-2445,뽀빠이기사식당,http://place.map.kakao.com/22675925,서울 광진구 긴고랑로 17-1,127.078564628404,37.5637744475288,중곡
서울 광진구 중곡동 241-30,FD6,음식점,"음식점 > 한식 > 육류,고기",473,16933181,02-466-8038,거북이삼겹살,http://place.map.kakao.com/16933181,서울 광진구 긴고랑로 31,127.080076220382,37.5632400422312,중곡
서울 광진구 중곡동 164-3,FD6,음식점,"음식점 > 한식 > 해물,생선 > 회",374,2090037361,02-462-6801,광어2마리15000원,http://place.map.kakao.com/2090037361,서울 광진구 긴고랑로13길 10,127.08199109388256,37.563040508774364,중곡
서울 광진구 중곡동 30-60,FD6,음식점,음식점 > 분식 > 떡볶이,198,24068176,02-454-8760,한스즉석떡볶이 중곡1호점,http://place.map.kakao.com/24068176,서울 광진구 능동로50길 7,127.08382590189,37.564124019685,중곡
서울 광진구 중곡동 164-3,FD6,음식점,음식점 > 아시아음식 > 동남아음식 > 베트남음식,376,64583318,010-3351-2029,포남딘,http://place.map.kakao.com/64583318,서울 광진구 긴고랑로13길 10,127.082036320352,37.562997229544,중곡
서울 광진구 중곡동 167-19,FD6,음식점,"음식점 > 간식 > 제과,베이커리",57,27233682,070-8292-0956,르빵프레 중곡점,http://place.map.kakao.com/27233682,서울 광진구 긴고랑로13길 82,127.083655930098,37.5659765878705,중곡
서울 광진구 중곡동 240-5,FD6,음식점,"음식점 > 한식 > 해물,생선 > 회",506,20846675,02-497-1688,청정활어회직판장,http://place.map.kakao.com/20846675,서울 광진구 긴고랑로 27,127.07943354939923,37.563447705498646,중곡
서울 강남구 삼성동 58-6,FD6,음식점,"음식점 > 한식 > 육류,고기",408,27512695,02-518-9710,길목,http://place.map.kakao.com/27512695,서울 강남구 영동대로129길 10,127.0564630117036,37.519026323125196,청담
서울 강남구 청담동 129-10,FD6,음식점,"음식점 > 한식 > 육류,고기",719,19880897,02-546-5739,새벽집 청담점,http://place.map.kakao.com/19880897,서울 강남구 도산대로101길 6,127.05288740471663,37.52552600919063,청담
서울 강남구 청담동 50-13,FD6,음식점,"음식점 > 한식 > 육류,고기",581,1996999092,02-3442-0381,영천영화 청담점,http://place.map.kakao.com/1996999092,서울 강남구 도산대로90길 3,127.049583065424,37.5240182638883,청담
서울 강남구 청담동 46-16,FD6,음식점,"음식점 > 간식 > 떡,한과",291,1913306850,1668-1654,강정이넘치는집 청담점,http://place.map.kakao.com/1913306850,서울 강남구 학동로 435,127.04858302027746,37.518764932337184,청담
서울 강남구 청담동 98-7,FD6,음식점,음식점 > 양식,753,1565367501,02-518-0318,쵸이닷,http://place.map.kakao.com/1565367501,서울 강남구 도산대로 457,127.04655153958882,37.524415938697466,청담
서울 강남구 청담동 68-7,FD6,음식점,음식점 > 한식 > 순대,480,8407127,02-511-9081,신의주찹쌀순대,http://place.map.kakao.com/8407127,서울 강남구 영동대로 725,127.0551873432914,37.52251380705788,청담
서울 강남구 청담동 94-6,FD6,음식점,음식점 > 한식,980,24073852,02-515-7306,밍글스,http://place.map.kakao.com/24073852,서울 강남구 도산대로67길 19,127.04410633651611,37.52541969265465,청담
서울 강남구 청담동 69-5,FD6,음식점,음식점 > 양식,426,23490935,02-542-3030,톡톡,http://place.map.kakao.com/23490935,서울 강남구 학동로97길 41,127.05432412573423,37.52239707691486,청담
서울 강남구 삼성동 8-1,FD6,음식점,음식점 > 한식,903,26794399,02-546-2305,봉밀가 강남구청점,http://place.map.kakao.com/26794399,서울 강남구 선릉로 664,127.04240520642307,37.51598140935323,청담
서울 강남구 삼성동 78,FD6,음식점,음식점 > 중식,519,1498098673,02-543-4448,더라운드 삼성점,http://place.map.kakao.com/1498098673,서울 강남구 영동대로 648,127.05759951147192,37.52005652181146,청담
서울 강남구 청담동 125-16,FD6,음식점,"음식점 > 한식 > 육류,고기 > 갈비",664,20946094,02-3443-3392,강강술래 청담점,http://place.map.kakao.com/20946094,서울 강남구 도산대로 535,127.051866684265,37.5250858718091,청담
서울 강남구 청담동 32-6,FD6,음식점,"음식점 > 한식 > 육류,고기 > 갈비",315,1311420382,02-518-9092,금돈옥 청담점,http://place.map.kakao.com/1311420382,서울 강남구 삼성로133길 14,127.048315399105,37.5194912506268,청담
서울 강남구 삼성동 118-21,FD6,음식점,음식점 > 양식,797,27271692,02-538-8915,비야게레로,http://place.map.kakao.com/27271692,서울 강남구 봉은사로78길 12,127.052803174639,37.5119524342741,청담
서울 강남구 청담동 97,FD6,음식점,음식점 > 중식 > 중국요리,848,12140312,02-3446-7887,몽중헌 청담점,http://place.map.kakao.com/12140312,서울 강남구 도산대로 445,127.04481610576194,37.52429227164699,청담
서울 강남구 삼성동 65-5,FD6,음식점,음식점 > 술집 > 와인바,272,1318164672,02-2002-9800,청담나인,http://place.map.kakao.com/1318164672,서울 강남구 삼성로 634,127.051863099255,37.516638070762,청담
서울 강남구 논현동 115-10,FD6,음식점,음식점 > 한식 > 냉면,471,27584230,02-515-3469,진미평양냉면 별관,http://place.map.kakao.com/27584230,서울 강남구 학동로 305-3,127.036047158128,37.5161357904841,강남구청
서울 강남구 논현동 115-4,FD6,음식점,음식점 > 한식,378,16063439,02-516-4787,맛짱조개,http://place.map.kakao.com/16063439,서울 강남구 언주로134길 18,127.03701110873816,37.51658058812537,강남구청
서울 강남구 논현동 116-3,FD6,음식점,"음식점 > 한식 > 육류,고기 > 족발,보쌈",305,1284801093,02-3444-4686,팔당족발,http://place.map.kakao.com/1284801093,서울 강남구 학동로45길 7,127.037815429565,37.5167308009498,강남구청
서울 강남구 논현동 240-14,FD6,음식점,음식점 > 중식 > 중국요리,195,11026324,02-541-7664,공리 강남구청역점,http://place.map.kakao.com/11026324,서울 강남구 선릉로129길 24,127.039518586958,37.516062599742554,강남구청
서울 강남구 삼성동 10-18,FD6,음식점,음식점 > 간식 > 아이스크림,277,900538186,02-543-1261,젠제로,http://place.map.kakao.com/900538186,서울 강남구 선릉로126길 14,127.04324523621,37.5152792229316,강남구청
서울 강남구 청담동 38-4,FD6,음식점,음식점 > 양식,223,312947795,010-2948-4171,무오키,http://place.map.kakao.com/312947795,서울 강남구 학동로55길 12-12,127.04223838500221,37.519029563585256,강남구청
서울 강남구 논현동 116-5,FD6,음식점,"음식점 > 한식 > 육류,고기 > 닭요리",301,20943718,02-546-4688,팔당닭발,http://place.map.kakao.com/20943718,서울 강남구 학동로45길 3,127.03790470051007,37.51655327463296,강남구청
서울 강남구 논현동 115-16,FD6,음식점,음식점 > 한식 > 냉면,458,658541467,02-515-3469,진미평양냉면 본관,http://place.map.kakao.com/658541467,서울 강남구 학동로 307,127.03624504347212,37.51600328239411,강남구청
서울 강남구 청담동 89-6,FD6,음식점,"음식점 > 양식 > 스테이크,립",800,26572124,02-556-8700,울프강스테이크하우스 청담점,http://place.map.kakao.com/26572124,서울 강남구 선릉로152길 21,127.04141558950498,37.52439983131448,강남구청
서울 강남구 논현동 242-9,FD6,음식점,음식점 > 한식 > 순대,138,16737435,02-3442-7768,백암왕순대,http://place.map.kakao.com/16737435,서울 강남구 선릉로129길 13,127.04050607749272,37.51607487927412,강남구청
서울 강남구 논현동 242-17,FD6,음식점,"음식점 > 한식 > 육류,고기",141,423334112,02-6014-4615,이층고깃집 강남구청역점,http://place.map.kakao.com/423334112,서울 강남구 선릉로129길 9-4,127.040707366303,37.5159756996824,강남구청
서울 강남구 논현동 278-4,FD6,음식점,음식점 > 중식 > 중국요리,735,7815078,02-544-6336,대가방 본점,http://place.map.kakao.com/7815078,서울 강남구 봉은사로 333,127.04292929250258,37.51070223749141,강남구청
서울 강남구 논현동 243-5,FD6,음식점,"음식점 > 한식 > 육류,고기 > 닭요리 > 삼계탕",199,1117702712,02-515-8937,진전복삼계탕 강남구청점,http://place.map.kakao.com/1117702712,서울 강남구 선릉로129길 21,127.039777480852,37.515804825807,강남구청
서울 강남구 논현동 95-21,FD6,음식점,음식점 > 일식,546,1356302565,02-6203-0021,해목,http://place.map.kakao.com/1356302565,서울 강남구 선릉로145길 14,127.038291830551,37.5215248852172,강남구청
서울 강남구 논현동 37-9,FD6,음식점,음식점 > 중식,203,10972091,02-548-2223,홍명,http://place.map.kakao.com/10972091,서울 강남구 논현로131길 10,127.029458772737,37.5145374347634,학동
서울 강남구 논현동 89-22,FD6,음식점,"음식점 > 한식 > 육류,고기",137,13102233,02-516-3330,세종한우 학동역점,http://place.map.kakao.com/13102233,서울 강남구 학동로 219,127.0330287554742,37.514950952210356,학동
서울 강남구 논현동 42-6,FD6,음식점,음식점 > 양식,511,27129003,02-511-2555,알라프리마,http://place.map.kakao.com/27129003,서울 강남구 학동로17길 13,127.0260266212748,37.51353812649945,학동
서울 강남구 논현동 261,FD6,음식점,"음식점 > 한식 > 해물,생선 > 게,대게",491,1777540958,02-547-7998,크래버대게나라 강남점,http://place.map.kakao.com/1777540958,서울 강남구 언주로 620,127.036257660784,37.5116883705501,학동
서울 강남구 논현동 79-4,FD6,음식점,음식점 > 한식 > 냉면,229,147807403,0507-1420-7894,향동가,http://place.map.kakao.com/147807403,서울 강남구 논현로136길 15,127.031264765449,37.5162930268058,학동
서울 강남구 논현동 67-11,FD6,음식점,"음식점 > 한식 > 육류,고기 > 곱창,막창",484,1120567503,,우정양곱창,http://place.map.kakao.com/1120567503,서울 강남구 도산대로30길 23,127.030107335874,37.5184332106763,학동
서울 강남구 논현동 11-1,FD6,음식점,"음식점 > 일식 > 돈까스,우동",725,901836680,02-515-3622,현우동,http://place.map.kakao.com/901836680,서울 강남구 논현로149길 53,127.024288113104,37.517007361287,학동
서울 강남구 논현동 37-1,FD6,음식점,음식점 > 일식 > 일본식라면,244,241205479,02-515-5799,토가라시,http://place.map.kakao.com/241205479,서울 강남구 학동로25길 14,127.0290018265254,37.51460061811422,학동
서울 강남구 논현동 115,FD6,음식점,음식점 > 한식 > 순대,417,1949089271,02-511-5780,청와옥 본사직영학동점,http://place.map.kakao.com/1949089271,서울 강남구 언주로 708,127.035719197689,37.516282753705,학동
서울 강남구 논현동 66-2,FD6,음식점,음식점 > 한식 > 냉면,568,8130016,02-549-5378,평양면옥,http://place.map.kakao.com/8130016,서울 강남구 논현로150길 6,127.029148302031,37.5189524291083,학동
서울 강남구 논현동 163-4,FD6,음식점,"음식점 > 한식 > 육류,고기 > 족발,보쌈",341,12435058,02-540-8589,리북집 논현직영점,http://place.map.kakao.com/12435058,서울 강남구 학동로2길 47,127.0236723808219,37.508625444727144,논현
서울 강남구 논현동 21-16,FD6,음식점,음식점 > 중식,323,980076754,02-516-8777,인량 훠궈,http://place.map.kakao.com/980076754,서울 강남구 강남대로140길 9,127.021228628773,37.5140166183827,논현
서울 서초구 반포동 706-6,FD6,음식점,음식점 > 한식 > 국수,108,862508200,02-548-5529,성천막국수 논현점,http://place.map.kakao.com/862508200,서울 서초구 강남대로 545-12,127.02058515818821,37.510370368086654,논현
서울 서초구 잠원동 10-53,FD6,음식점,음식점 > 한식 > 설렁탕,662,8008344,02-543-4716,영동설렁탕,http://place.map.kakao.com/8008344,서울 서초구 강남대로101안길 24,127.01737204634458,37.51615082556445,논현
서울 서초구 반포동 707-8,FD6,음식점,음식점 > 양식 > 이탈리안,183,14712145,02-541-1117,도셰프,http://place.map.kakao.com/14712145,서울 서초구 강남대로89길 14,127.021114237763,37.5094719731264,논현
서울 서초구 잠원동 12-21,FD6,음식점,"음식점 > 한식 > 육류,고기",646,1407082787,02-545-9600,꿉당 신사점,http://place.map.kakao.com/1407082787,서울 서초구 강남대로 615,127.01904059777625,37.516623595266935,논현
서울 서초구 잠원동 27-1,FD6,음식점,"음식점 > 한식 > 해물,생선 > 게,대게",430,11445020,02-543-4126,프로간장게장 신사본점,http://place.map.kakao.com/11445020,서울 서초구 강남대로97길 7,127.01915657780924,37.5145575749638,논현
서울 서초구 잠원동 36-27,FD6,음식점,음식점 > 한식 > 쌈밥,263,15477928,02-3444-6920,무한쌈밥집,http://place.map.kakao.com/15477928,서울 서초구 강남대로93길 23-10,127.018875515592,37.5123916064706,논현
서울 서초구 잠원동 36-32,FD6,음식점,"음식점 > 한식 > 해물,생선 > 회",198,8077717,02-511-2179,진동둔횟집,http://place.map.kakao.com/8077717,서울 서초구 강남대로91길 18,127.019649137688,37.5122437156185,논현
서울 서초구 반포동 706-3,FD6,음식점,"음식점 > 한식 > 육류,고기 > 오리",114,27217610,02-567-7974,신이주신선물오리고기,http://place.map.kakao.com/27217610,서울 서초구 신반포로 334,127.020313747322,37.5105244868527,논현
서울 강남구 논현동 143-10,FD6,음식점,"음식점 > 한식 > 육류,고기 > 갈비",227,16037922,02-549-9485,영동삼미숯불갈비,http://place.map.kakao.com/16037922,서울 강남구 학동로2길 30,127.022932948494,37.5094716340331,논현
서울 강남구 논현동 163-14,FD6,음식점,"음식점 > 한식 > 육류,고기",413,1350808227,02-546-7758,옛날농장 논현점,http://place.map.kakao.com/1350808227,서울 강남구 학동로2길 57,127.023887064208,37.5079613609436,논현
서울 서초구 잠원동 21-5,FD6,음식점,"음식점 > 일식 > 돈까스,우동",451,8139174,02-540-7054,한성돈까스,http://place.map.kakao.com/8139174,서울 서초구 강남대로97길 10,127.01909667688476,37.5147467954767,논현
서울 서초구 잠원동 58-24,FD6,음식점,음식점 > 패밀리레스토랑 > 빕스,53,17361280,02-595-5997,빕스 반포역점,http://place.map.kakao.com/17361280,서울 서초구 신반포로 257,127.01193571992702,37.50862000568724,반포
서울 서초구 잠원동 61-11,FD6,음식점,음식점 > 중식 > 중국요리,516,2090510438,02-595-1221,js가든 잠원점,http://place.map.kakao.com/2090510438,서울 서초구 잠원로4길 33-2,127.010653722693,37.5127467288248,반포
서울 서초구 잠원동 66-9,FD6,음식점,"음식점 > 한식 > 육류,고기",285,23612551,,육갑식당 잠원직영점,http://place.map.kakao.com/23612551,서울 서초구 잠원로 46-3,127.008622975925,37.5088969024379,반포
서울 서초구 잠원동 69-22,FD6,음식점,"음식점 > 간식 > 제과,베이커리 > 화이트리에",330,734902310,02-533-3008,화이트리에 반포본점,http://place.map.kakao.com/734902310,서울 서초구 신반포로 219,127.00806522893836,37.507512097346044,반포
서울 서초구 잠원동 66-2,FD6,음식점,음식점 > 중식 > 중국요리,284,213272862,02-532-8429,크리스탈제이드 상하이팰리스 잠원점,http://place.map.kakao.com/213272862,서울 서초구 신반포로33길 27,127.01004374616834,37.51036002172881,반포
서울 동작구 상도동 485,FD6,음식점,"음식점 > 일식 > 초밥,롤",136,18583159,02-814-3361,마루스시,http://place.map.kakao.com/18583159,서울 동작구 상도로37길 79,126.953494585199,37.4974849361353,숭실대입구
서울 동작구 상도동 488,FD6,음식점,"음식점 > 한식 > 육류,고기 > 곱창,막창",69,8389347,02-821-3802,상도곱창,http://place.map.kakao.com/8389347,서울 동작구 상도로 357,126.95353340841018,37.49688127707114,숭실대입구
서울 동작구 상도동 488,FD6,음식점,"음식점 > 간식 > 제과,베이커리",62,796253423,02-821-3652,가춘,http://place.map.kakao.com/796253423,서울 동작구 상도로 357,126.95354023257572,37.496818209298,숭실대입구
서울 동작구 상도1동 244-1,FD6,음식점,음식점 > 한식,418,25044677,02-814-6022,사리원,http://place.map.kakao.com/25044677,서울 동작구 상도로50길 2-15,126.950634670914,37.4991632514128,숭실대입구
서울 동작구 상도동 507-11,FD6,음식점,음식점 > 양식,406,27246678,02-6401-0504,스톤504 스테이크하우스,http://place.map.kakao.com/27246678,서울 동작구 상도로61길 54,126.95777083555848,37.49463215302245,숭실대입구
서울 동작구 상도동 503-3,FD6,음식점,음식점 > 양식 > 햄버거,279,529266411,02-3280-6244,크라이치즈버거 숭실대점,http://place.map.kakao.com/529266411,서울 동작구 상도로61길 28,126.956305148209,37.4948911099894,숭실대입구
서울 동작구 상도동 477-17,FD6,음식점,음식점 > 한식,198,14545886,02-3280-5959,황새골,http://place.map.kakao.com/14545886,서울 동작구 상도로37길 74,126.952833887642,37.4979243653182,숭실대입구
서울 동작구 상도동 500-1,FD6,음식점,"음식점 > 한식 > 육류,고기",192,248225764,0502-5553-2234,889와규,http://place.map.kakao.com/248225764,서울 동작구 상도로61길 4,126.955251111088,37.4950817288853,숭실대입구
서울 동작구 상도동 490-6,FD6,음식점,"음식점 > 술집 > 호프,요리주점",67,15545421,02-822-5988,파동추야,http://place.map.kakao.com/15545421,서울 동작구 상도로58길 4,126.953025139347,37.4959025828941,숭실대입구
서울 동작구 상도동 408,FD6,음식점,음식점 > 분식,354,19924183,070-4212-3999,고추동제면소,http://place.map.kakao.com/19924183,서울 동작구 상도로 399,126.95623679441647,37.49381798543891,숭실대입구
서울 동작구 상도동 490-5,FD6,음식점,"음식점 > 한식 > 육류,고기",44,20634995,,불타는소금구이 상도동점,http://place.map.kakao.com/20634995,서울 동작구 상도로58길 2,126.953233131905,37.4960324103746,숭실대입구
서울 동작구 상도동 477-13,FD6,음식점,음식점 > 술집 > 와인바,222,2053631472,010-6609-3412,움프,http://place.map.kakao.com/2053631472,서울 동작구 상도로 341-2,126.952526211496,37.49805218497812,숭실대입구
서울 동작구 상도1동 258-3,FD6,음식점,음식점,440,1904772169,,기절초풍왕순대 상도직영점,http://place.map.kakao.com/1904772169,서울 동작구 상도로 319,126.951076525281,37.4996553845672,숭실대입구
서울 동작구 상도동 506-4,FD6,음식점,음식점 > 한식 > 국수 > 칼국수,396,21332945,02-816-3473,손칼국수,http://place.map.kakao.com/21332945,서울 동작구 사당로 32,126.95783283484552,37.49497996381457,숭실대입구
서울 동작구 상도1동 401-4,FD6,음식점,음식점 > 중식 > 중국요리,690,15586842,02-822-8022,북경,http://place.map.kakao.com/15586842,서울 동작구 상도로37길 21,126.94980405321839,37.5016731040335,숭실대입구
서울 동작구 상도1동 784-1,FD6,음식점,음식점 > 술집 > 실내포장마차,116,16853817,,상도실내포장마차,http://place.map.kakao.com/16853817,서울 동작구 상도로 288,126.94847511579289,37.50182570284895,상도
서울 동작구 상도1동 682,FD6,음식점,음식점 > 치킨,106,1446660533,02-817-8599,인근주민 상도점,http://place.map.kakao.com/1446660533,서울 동작구 양녕로 265,126.94824762516072,37.503717715178254,상도
서울 동작구 상도1동 666-3,FD6,음식점,"음식점 > 간식 > 제과,베이커리",75,190594939,0502-5554-0026,우부래도 베지찬,http://place.map.kakao.com/190594939,서울 동작구 상도로37길 3,126.94865514173433,37.50317188366616,상도
서울 동작구 상도동 17-61,FD6,음식점,음식점 > 한식,386,8221289,02-812-4156,다래식당,http://place.map.kakao.com/8221289,서울 동작구 만양로2길 2,126.947730134699,37.5062655302197,상도
서울 동작구 상도동 529,FD6,음식점,"음식점 > 간식 > 제과,베이커리",416,558571688,070-8827-0008,브레드덕,http://place.map.kakao.com/558571688,,126.943641937147,37.5043174792398,상도
서울 동작구 노량진동 309-18,FD6,음식점,"음식점 > 한식 > 육류,고기",898,9309265,02-815-2850,운봉산장,http://place.map.kakao.com/9309265,서울 동작구 장승배기로 118-1,126.9402596282471,37.50807841423189,상도
서울 동작구 상도1동 677,FD6,음식점,음식점 > 술집 > 일본식주점,170,1191397487,,혼미 상도직영점,http://place.map.kakao.com/1191397487,서울 동작구 양녕로 271,126.948911218837,37.5041216544627,상도
서울 동작구 상도동 527,FD6,음식점,음식점 > 한식 > 수제비,452,18252704,02-812-4913,낙지한마리수제비 상도,http://place.map.kakao.com/18252704,서울 동작구 상도로31길 19,126.94406520920307,37.50544123398319,상도
서울 동작구 상도동 29-87,FD6,음식점,"음식점 > 한식 > 육류,고기",414,97033128,02-3285-5487,농장사람들 상도점,http://place.map.kakao.com/97033128,서울 동작구 상도로 230,126.944211396984,37.5050493658545,상도
서울 동작구 상도1동 450-2,FD6,음식점,음식점 > 분식 > 떡볶이,267,1671972109,02-816-4529,은희네온집닭떡볶이,http://place.map.kakao.com/1671972109,서울 동작구 상도로41길 35,126.950940127752,37.5024394361753,상도
서울 동작구 상도1동 664-2,FD6,음식점,음식점 > 샤브샤브,141,12333481,02-817-0808,상도정,http://place.map.kakao.com/12333481,서울 동작구 양녕로 270,126.94915244162411,37.50363701761508,상도
서울 동작구 상도1동 638-1,FD6,음식점,"음식점 > 술집 > 호프,요리주점",293,1822548282,02-811-1400,밀짚모자,http://place.map.kakao.com/1822548282,서울 동작구 양녕로 284,126.95057126967858,37.50441879152526,상도
서울 동작구 신대방동 362-27,FD6,음식점,음식점 > 한식 > 국밥,246,27454501,02-821-7769,서일순대국 별관,http://place.map.kakao.com/27454501,서울 동작구 여의대방로24길 16,126.92113356597487,37.49784979114988,보라매
서울 영등포구 신길동 4216,FD6,음식점,음식점 > 분식,159,16535724,,즉석우동짜장,http://place.map.kakao.com/16535724,서울 영등포구 대방천로 260,126.91964009730577,37.498529945342014,보라매
서울 동작구 신대방동 367-33,FD6,음식점,음식점 > 한식 > 순대,282,499990754,02-821-3468,서일순대국 본관,http://place.map.kakao.com/499990754,서울 동작구 여의대방로22길 20,126.920953040121,37.4974586337768,보라매
서울 동작구 신대방동 361-50,FD6,음식점,"음식점 > 일식 > 초밥,롤",380,1716298066,02-822-3455,상남스시,http://place.map.kakao.com/1716298066,서울 동작구 여의대방로24길 64,126.92384161994346,37.49820836645093,보라매
서울 영등포구 신길동 497,FD6,음식점,음식점 > 샤브샤브,71,954942459,02-833-0616,소담촌 보라매역점,http://place.map.kakao.com/954942459,서울 영등포구 신풍로 118,126.91935385765899,37.499701058119086,보라매
서울 동작구 대방동 416-13,FD6,음식점,"음식점 > 한식 > 육류,고기",143,889101907,02-3280-8880,친구네정육식당 보라매점,http://place.map.kakao.com/889101907,서울 동작구 여의대방로26길 22,126.921457854023,37.4991871002963,보라매
서울 동작구 신대방동 344-15,FD6,음식점,"음식점 > 일식 > 돈까스,우동",720,1448531833,02-6497-3529,모스키친,http://place.map.kakao.com/1448531833,서울 동작구 보라매로 91,126.92767933718322,37.49750438928685,보라매
서울 동작구 대방동 417-1,FD6,음식점,"음식점 > 한식 > 육류,고기 > 갈비",89,19658658,02-823-2517,세종대왕 숯불갈비 보라매점,http://place.map.kakao.com/19658658,서울 동작구 여의대방로 136,126.92076563946,37.4992947587655,보라매
서울 영등포구 신길동 483,FD6,음식점,음식점 > 일식 > 일본식라면,159,592765644,,산호키,http://place.map.kakao.com/592765644,서울 영등포구 대방천로 249,126.918676038585,37.4990410570655,보라매
서울 영등포구 신길동 505,FD6,음식점,음식점 > 패스트푸드 > 맥도날드,37,27440997,02-6166-5000,맥도날드 보라매점,http://place.map.kakao.com/27440997,서울 영등포구 여의대방로 145,126.92009852892339,37.50025117773754,보라매
서울 영등포구 신길동 4225,FD6,음식점,"음식점 > 한식 > 육류,고기",170,16561476,02-831-9547,황가네촌전원일기,http://place.map.kakao.com/16561476,서울 영등포구 대방천로 256,126.91914697454,37.4985872732613,보라매
서울 동작구 대방동 409-3,FD6,음식점,"음식점 > 한식 > 해물,생선 > 아구",462,17290260,02-817-5554,일진아구찜,http://place.map.kakao.com/17290260,서울 동작구 여의대방로24길 93,126.925199077282,37.4989264346672,보라매
서울 영등포구 신길동 499,FD6,음식점,"음식점 > 일식 > 초밥,롤",88,351453064,,샤리스시,http://place.map.kakao.com/351453064,서울 영등포구 여의대방로29길 9,126.919259084042,37.4994955640244,보라매
서울 영등포구 신길동 4206,FD6,음식점,"음식점 > 한식 > 육류,고기",228,364531160,02-841-5488,농장사람들 보라매역점,http://place.map.kakao.com/364531160,서울 영등포구 여의대방로 115,126.919406649577,37.4979315182181,보라매
서울 동작구 대방동 416-11,FD6,음식점,"음식점 > 한식 > 육류,고기 > 오리",185,15613293,02-813-5292,가야촌유황오리 대방점,http://place.map.kakao.com/15613293,서울 동작구 여의대방로24다길 15-2,126.922009717382,37.4991946739666,보라매
서울 구로구 가리봉동 127-5,FD6,음식점,음식점 > 중식 > 중국요리,628,1125944924,02-855-8488,월래순교자관,http://place.map.kakao.com/1125944924,서울 구로구 디지털로19길 13,126.889810723306,37.4802731041657,가산디지털단지
서울 금천구 가산동 44-1,FD6,음식점,"음식점 > 한식 > 육류,고기 > 족발,보쌈",254,14547125,02-865-9244,여신족발,http://place.map.kakao.com/14547125,서울 금천구 벚꽃로38길 21,126.884295958368,37.4822824874894,가산디지털단지
서울 금천구 가산동 143-18,FD6,음식점,음식점 > 한식,795,1454070757,02-851-8886,개성손만두요리전문점 가산디지털점,http://place.map.kakao.com/1454070757,서울 금천구 가산로9길 22,126.8905313961,37.4768427318976,가산디지털단지
서울 금천구 가산동 60-11,FD6,음식점,"음식점 > 술집 > 호프,요리주점 > 술속의밤",269,25449227,02-2649-0449,술속의밤 가산디지털점,http://place.map.kakao.com/25449227,서울 금천구 디지털로9길 99,126.884861570419,37.4820884222203,가산디지털단지
서울 금천구 가산동 371-37,FD6,음식점,"음식점 > 한식 > 육류,고기 > 불고기,두루치기",354,1954563179,010-9581-8981,가산물갈비&즉석소불고기,http://place.map.kakao.com/1954563179,서울 금천구 가산디지털1로 128,126.88366152357,37.477275859989,가산디지털단지
서울 금천구 가산동 42-32,FD6,음식점,"음식점 > 한식 > 육류,고기 > 갈비",181,26943942,02-864-8588,삼숙이갈비 본점,http://place.map.kakao.com/26943942,서울 금천구 벚꽃로 308,126.88305724639,37.4819893412383,가산디지털단지
서울 금천구 가산동 371-59,FD6,음식점,"음식점 > 한식 > 육류,고기",209,27466069,02-830-8834,동남집 2호점,http://place.map.kakao.com/27466069,서울 금천구 가산디지털1로 149,126.88151116015,37.4787405657871,가산디지털단지
서울 금천구 가산동 60-8,FD6,음식점,음식점 > 중식 > 중국요리,630,670610672,02-2136-9939,하이디라오 가산점,http://place.map.kakao.com/670610672,서울 금천구 디지털로10길 9,126.88889556217103,37.47756111135709,가산디지털단지
서울 금천구 가산동 505-18,FD6,음식점,"음식점 > 일식 > 돈까스,우동",609,1321013936,02-859-7849,봉까스,http://place.map.kakao.com/1321013936,서울 금천구 가산디지털1로 226,126.879971936987,37.4854208901061,가산디지털단지
서울 금천구 가산동 83-1,FD6,음식점,음식점 > 중식 > 양꼬치,326,16878201,02-858-4033,니하우,http://place.map.kakao.com/16878201,서울 금천구 벚꽃로38길 32-43,126.88519553754618,37.482544657424604,가산디지털단지
서울 금천구 가산동 40-15,FD6,음식점,음식점 > 중식 > 양꼬치,233,26918159,02-837-3003,미가양꼬치,http://place.map.kakao.com/26918159,서울 금천구 벚꽃로42길 5,126.883065566834,37.482454269783,가산디지털단지
서울 금천구 가산동 143-20,FD6,음식점,"음식점 > 한식 > 육류,고기 > 곱창,막창",759,1923183156,02-6014-7290,문정곱창,http://place.map.kakao.com/1923183156,서울 금천구 디지털로12길 37,126.8902776969006,37.47715514677879,가산디지털단지
서울 금천구 가산동 140-38,FD6,음식점,"음식점 > 한식 > 육류,고기 > 족발,보쌈",679,8117410,02-868-9937,춘천옥,http://place.map.kakao.com/8117410,서울 금천구 디지털로12길 19,126.889702348695,37.4778546951962,가산디지털단지
서울 금천구 가산동 777,FD6,음식점,"음식점 > 한식 > 해물,생선 > 회",254,1549878166,02-865-3332,가산어시장,http://place.map.kakao.com/1549878166,서울 금천구 벚꽃로 316,126.88272266083196,37.48266206282939,가산디지털단지
서울 금천구 가산동 35-12,FD6,음식점,"음식점 > 한식 > 해물,생선",309,27300303,02-852-8378,통영해물가 가산2호점,http://place.map.kakao.com/27300303,서울 금천구 벚꽃로46길 1-5,126.88248445188229,37.48315738067613,가산디지털단지
서울 송파구 석촌동 286-9,FD6,음식점,음식점 > 한식 > 국수 > 칼국수,152,9631869,02-417-5058,황도바지락칼국수,http://place.map.kakao.com/9631869,서울 송파구 백제고분로 358,127.1060501190329,37.5042400714624,석촌
서울 송파구 송파동 23-10,FD6,음식점,음식점 > 중식 > 중국요리,266,219797863,02-418-5354,진지아,http://place.map.kakao.com/219797863,서울 송파구 백제고분로41길 12-9,127.10824674101124,37.507579905813294,석촌
서울 송파구 송파동 85-12,FD6,음식점,음식점 > 일식,162,2127972171,010-2597-4451,사사노하,http://place.map.kakao.com/2127972171,서울 송파구 백제고분로42길 4-13,127.1088307273419,37.50550795941011,석촌
서울 송파구 석촌동 282-2,FD6,음식점,"음식점 > 간식 > 제과,베이커리",239,1962075179,02-6403-0098,쥬뗑뷔뜨,http://place.map.kakao.com/1962075179,서울 송파구 백제고분로40길 16,127.10651809446077,37.50327377288592,석촌
서울 송파구 송파동 13-18,FD6,음식점,음식점 > 일식,278,1318032918,070-7819-0012,야끼소바 니주마루,http://place.map.kakao.com/1318032918,서울 송파구 백제고분로41길 21,127.107107146534,37.5079044052504,석촌
서울 송파구 송파동 134-1,FD6,음식점,"음식점 > 한식 > 해물,생선 > 게,대게",501,17296779,02-422-5081,본가진미간장게장,http://place.map.kakao.com/17296779,서울 송파구 백제고분로 420,127.1113038375213,37.50832579951229,석촌
서울 송파구 송파동 20-6,FD6,음식점,음식점 > 중식 > 중국요리,311,2017118439,02-422-5566,중화일상,http://place.map.kakao.com/2017118439,서울 송파구 백제고분로 401,127.109646437974,37.5072425401728,석촌
서울 송파구 송파동 45-5,FD6,음식점,음식점 > 일식,518,603376150,02-412-5335,단디 송리단길본점,http://place.map.kakao.com/603376150,서울 송파구 백제고분로45길 7,127.110343802353,37.509231308584,석촌
서울 송파구 송파동 85-12,FD6,음식점,음식점 > 한식,162,483896495,070-8830-9523,글로리식당,http://place.map.kakao.com/483896495,서울 송파구 백제고분로42길 4-13,127.10882282358018,37.50551697674724,석촌
서울 송파구 송파동 97-11,FD6,음식점,"음식점 > 일식 > 돈까스,우동",245,21404826,,고인돌,http://place.map.kakao.com/21404826,서울 송파구 가락로18길 4-1,127.111151726865,37.5018495194872,송파
서울 송파구 석촌동 273-6,FD6,음식점,음식점 > 한식 > 해장국,496,12060027,02-415-0631,풍년뼈다귀해장국,http://place.map.kakao.com/12060027,서울 송파구 가락로 94,127.106626398492,37.5007004037218,송파
서울 송파구 석촌동 273-12,FD6,음식점,음식점 > 한식 > 감자탕,606,9847850,02-416-7350,송파감자국,http://place.map.kakao.com/9847850,서울 송파구 가락로 82,127.10528669869,37.5001970421752,송파
서울 송파구 송파동 195-1,FD6,음식점,음식점 > 분식 > 떡볶이,74,7867010,0502-5550-3743,모꼬지에,http://place.map.kakao.com/7867010,서울 송파구 송파대로36길 5-13,127.112334811109,37.5004320197287,송파
서울 송파구 가락동 73-2,FD6,음식점,"음식점 > 한식 > 육류,고기 > 족발,보쌈",887,16447083,02-401-6999,오향가 가락본점,http://place.map.kakao.com/16447083,서울 송파구 송이로 106,127.121412267907,37.4967577473426,송파
서울 송파구 석촌동 297-2,FD6,음식점,음식점 > 한식 > 설렁탕,304,14884101,02-400-2131,진미옥설농탕 본점,http://place.map.kakao.com/14884101,서울 송파구 가락로16길 3-12,127.10912179850547,37.501127003645,송파
서울 송파구 가락동 79-7,FD6,음식점,음식점 > 한식 > 순대,987,26971014,02-403-8822,함경도찹쌀순대,http://place.map.kakao.com/26971014,서울 송파구 송파대로28길 32,127.121314000573,37.4947323862486,송파
서울 송파구 석촌동 297-1,FD6,음식점,"음식점 > 한식 > 해물,생선 > 회",313,12718781,02-415-9009,허심탄회,http://place.map.kakao.com/12718781,서울 송파구 가락로16길 3-6,127.10895999310745,37.50106858764656,송파
서울 송파구 석촌동 295-10,FD6,음식점,음식점 > 중식 > 중국요리,370,16268657,02-425-3533,옛날맛짜장,http://place.map.kakao.com/16268657,서울 송파구 가락로 113,127.10865889266,37.5016572215739,송파
